date,county,state,fips,cases,deaths,Population
2021-12-01,Lee,Alabama,01081,25623,263.0,164542.0
2021-12-02,Lee,Alabama,01081,25639,264.0,164542.0
2021-12-03,Lee,Alabama,01081,25664,264.0,164542.0
2021-12-04,Lee,Alabama,01081,25655,264.0,164542.0
2021-12-05,Lee,Alabama,01081,25677,264.0,164542.0
2021-12-06,Lee,Alabama,01081,25690,264.0,164542.0
2021-12-07,Lee,Alabama,01081,25712,264.0,164542.0
2021-12-08,Lee,Alabama,01081,25747,265.0,164542.0
2021-12-09,Lee,Alabama,01081,25729,264.0,164542.0
2021-12-10,Lee,Alabama,01081,25745,265.0,164542.0
2021-12-11,Lee,Alabama,01081,25761,265.0,164542.0
2021-12-12,Lee,Alabama,01081,25770,265.0,164542.0
2021-12-13,Lee,Alabama,01081,25783,265.0,164542.0
2021-12-14,Lee,Alabama,01081,25820,266.0,164542.0
2021-12-15,Lee,Alabama,01081,25849,266.0,164542.0
2021-12-16,Lee,Alabama,01081,25880,266.0,164542.0
2021-12-17,Lee,Alabama,01081,25894,266.0,164542.0
2021-12-18,Lee,Alabama,01081,25912,266.0,164542.0
2021-12-19,Lee,Alabama,01081,25924,266.0,164542.0
2021-12-20,Lee,Alabama,01081,25939,266.0,164542.0
2021-12-21,Lee,Alabama,01081,25964,269.0,164542.0
2021-12-22,Lee,Alabama,01081,26009,269.0,164542.0
2021-12-23,Lee,Alabama,01081,26060,269.0,164542.0
2021-12-24,Lee,Alabama,01081,26117,269.0,164542.0
2021-12-25,Lee,Alabama,01081,26283,269.0,164542.0
2021-12-26,Lee,Alabama,01081,26302,269.0,164542.0
2021-12-27,Lee,Alabama,01081,26360,269.0,164542.0
2021-12-28,Lee,Alabama,01081,26454,269.0,164542.0
2021-12-29,Lee,Alabama,01081,26595,269.0,164542.0
2021-12-30,Lee,Alabama,01081,26789,269.0,164542.0
2021-12-31,Lee,Alabama,01081,26975,269.0,164542.0
2022-01-01,Lee,Alabama,01081,26975,269.0,164542.0
2022-01-02,Lee,Alabama,01081,27323,269.0,164542.0
2022-01-03,Lee,Alabama,01081,27438,269.0,164542.0
2022-01-04,Lee,Alabama,01081,27892,269.0,164542.0
2022-01-05,Lee,Alabama,01081,28208,269.0,164542.0
2022-01-06,Lee,Alabama,01081,28620,271.0,164542.0
2022-01-07,Lee,Alabama,01081,28971,271.0,164542.0
2022-01-08,Lee,Alabama,01081,29355,271.0,164542.0
2022-01-09,Lee,Alabama,01081,29749,271.0,164542.0
2022-01-10,Lee,Alabama,01081,29985,271.0,164542.0
2022-01-11,Lee,Alabama,01081,30361,271.0,164542.0
2022-01-12,Lee,Alabama,01081,30677,271.0,164542.0
2022-01-13,Lee,Alabama,01081,30677,271.0,164542.0
2022-01-14,Lee,Alabama,01081,30677,271.0,164542.0
2022-01-15,Lee,Alabama,01081,30677,271.0,164542.0
2022-01-16,Lee,Alabama,01081,32069,272.0,164542.0
2022-01-17,Lee,Alabama,01081,32328,272.0,164542.0
2022-01-18,Lee,Alabama,01081,32459,272.0,164542.0
2022-01-19,Lee,Alabama,01081,32940,273.0,164542.0
2022-01-20,Lee,Alabama,01081,33346,275.0,164542.0
2022-01-21,Lee,Alabama,01081,33787,275.0,164542.0
2022-01-22,Lee,Alabama,01081,34226,275.0,164542.0
2022-01-23,Lee,Alabama,01081,34476,275.0,164542.0
2022-01-24,Lee,Alabama,01081,34631,275.0,164542.0
2022-01-25,Lee,Alabama,01081,34631,275.0,164542.0
2022-01-26,Lee,Alabama,01081,34631,275.0,164542.0
2022-01-27,Lee,Alabama,01081,34631,275.0,164542.0
2022-01-28,Lee,Alabama,01081,34631,275.0,164542.0
2022-01-29,Lee,Alabama,01081,35923,285.0,164542.0
2022-01-30,Lee,Alabama,01081,36028,285.0,164542.0
2022-01-31,Lee,Alabama,01081,36183,285.0,164542.0
2022-02-01,Lee,Alabama,01081,36379,286.0,164542.0
2022-02-02,Lee,Alabama,01081,36514,288.0,164542.0
2022-02-03,Lee,Alabama,01081,36514,288.0,164542.0
2022-02-04,Lee,Alabama,01081,36758,288.0,164542.0
2022-02-05,Lee,Alabama,01081,36784,288.0,164542.0
2022-02-06,Lee,Alabama,01081,36784,288.0,164542.0
2022-02-07,Lee,Alabama,01081,36871,288.0,164542.0
2022-02-08,Lee,Alabama,01081,36955,288.0,164542.0
2022-02-09,Lee,Alabama,01081,37018,289.0,164542.0
2022-02-10,Lee,Alabama,01081,37059,290.0,164542.0
2022-02-11,Lee,Alabama,01081,37125,290.0,164542.0
2022-02-12,Lee,Alabama,01081,37243,290.0,164542.0
2022-02-13,Lee,Alabama,01081,37267,290.0,164542.0
2022-02-14,Lee,Alabama,01081,37282,290.0,164542.0
2022-02-15,Lee,Alabama,01081,37319,293.0,164542.0
2022-02-16,Lee,Alabama,01081,37351,295.0,164542.0
2022-02-17,Lee,Alabama,01081,37382,295.0,164542.0
2022-02-18,Lee,Alabama,01081,37415,296.0,164542.0
2022-02-19,Lee,Alabama,01081,37434,300.0,164542.0
2022-02-20,Lee,Alabama,01081,37444,300.0,164542.0
2022-02-21,Lee,Alabama,01081,37447,300.0,164542.0
2022-02-22,Lee,Alabama,01081,37454,300.0,164542.0
2022-02-23,Lee,Alabama,01081,37472,300.0,164542.0
2022-02-24,Lee,Alabama,01081,37484,306.0,164542.0
2022-02-25,Lee,Alabama,01081,37497,308.0,164542.0
2022-02-26,Lee,Alabama,01081,37508,312.0,164542.0
2022-02-27,Lee,Alabama,01081,37512,312.0,164542.0
2022-02-28,Lee,Alabama,01081,37520,312.0,164542.0
2022-03-01,Lee,Alabama,01081,37525,315.0,164542.0
2022-03-02,Lee,Alabama,01081,37533,315.0,164542.0
2022-03-03,Lee,Alabama,01081,37541,315.0,164542.0
2022-03-04,Lee,Alabama,01081,37544,317.0,164542.0
2022-03-05,Lee,Alabama,01081,37544,317.0,164542.0
2022-03-06,Lee,Alabama,01081,37544,317.0,164542.0
2022-03-07,Lee,Alabama,01081,37554,318.0,164542.0
2022-03-08,Lee,Alabama,01081,37555,319.0,164542.0
2022-03-09,Lee,Alabama,01081,37559,322.0,164542.0
2022-03-10,Lee,Alabama,01081,37563,324.0,164542.0
2022-03-11,Lee,Alabama,01081,37568,326.0,164542.0
2022-03-12,Lee,Alabama,01081,37568,326.0,164542.0
2022-03-13,Lee,Alabama,01081,37568,326.0,164542.0
2022-03-14,Lee,Alabama,01081,37578,327.0,164542.0
2022-03-15,Lee,Alabama,01081,37583,327.0,164542.0
2022-03-16,Lee,Alabama,01081,37588,327.0,164542.0
2022-03-17,Lee,Alabama,01081,37588,328.0,164542.0
2022-03-18,Lee,Alabama,01081,37588,328.0,164542.0
2022-03-19,Lee,Alabama,01081,37588,328.0,164542.0
2022-03-20,Lee,Alabama,01081,37588,328.0,164542.0
2022-03-21,Lee,Alabama,01081,37597,329.0,164542.0
2022-03-22,Lee,Alabama,01081,37604,329.0,164542.0
2022-03-23,Lee,Alabama,01081,37608,330.0,164542.0
2022-03-24,Lee,Alabama,01081,37609,330.0,164542.0
2022-03-25,Lee,Alabama,01081,37611,331.0,164542.0
2022-03-26,Lee,Alabama,01081,37611,331.0,164542.0
2022-03-27,Lee,Alabama,01081,37611,331.0,164542.0
2022-03-28,Lee,Alabama,01081,37618,331.0,164542.0
2022-03-29,Lee,Alabama,01081,37621,332.0,164542.0
2022-03-30,Lee,Alabama,01081,37621,332.0,164542.0
2022-03-31,Lee,Alabama,01081,37625,332.0,164542.0
2022-04-01,Lee,Alabama,01081,37626,332.0,164542.0
2022-04-02,Lee,Alabama,01081,37626,332.0,164542.0
2022-04-03,Lee,Alabama,01081,37626,332.0,164542.0
2022-04-04,Lee,Alabama,01081,37634,332.0,164542.0
2022-04-05,Lee,Alabama,01081,37635,332.0,164542.0
2022-04-06,Lee,Alabama,01081,37638,332.0,164542.0
2022-04-07,Lee,Alabama,01081,37639,332.0,164542.0
2022-04-08,Lee,Alabama,01081,37641,332.0,164542.0
2022-04-09,Lee,Alabama,01081,37641,332.0,164542.0
2022-04-10,Lee,Alabama,01081,37641,332.0,164542.0
2022-04-11,Lee,Alabama,01081,37650,332.0,164542.0
2022-04-12,Lee,Alabama,01081,37658,337.0,164542.0
2022-04-13,Lee,Alabama,01081,37663,337.0,164542.0
2022-04-14,Lee,Alabama,01081,37664,337.0,164542.0
2022-04-15,Lee,Alabama,01081,37673,338.0,164542.0
2022-04-16,Lee,Alabama,01081,37673,338.0,164542.0
2022-04-17,Lee,Alabama,01081,37673,338.0,164542.0
2022-04-18,Lee,Alabama,01081,37673,338.0,164542.0
2022-04-19,Lee,Alabama,01081,37684,338.0,164542.0
2022-04-20,Lee,Alabama,01081,37692,338.0,164542.0
2022-04-21,Lee,Alabama,01081,37697,338.0,164542.0
2022-04-22,Lee,Alabama,01081,37700,338.0,164542.0
2022-04-23,Lee,Alabama,01081,37700,338.0,164542.0
2022-04-24,Lee,Alabama,01081,37700,338.0,164542.0
2022-04-25,Lee,Alabama,01081,37742,338.0,164542.0
2022-04-26,Lee,Alabama,01081,37746,338.0,164542.0
2022-04-27,Lee,Alabama,01081,37749,339.0,164542.0
2022-04-28,Lee,Alabama,01081,37754,339.0,164542.0
2022-04-29,Lee,Alabama,01081,37762,339.0,164542.0
2022-04-30,Lee,Alabama,01081,37762,339.0,164542.0
2021-12-01,Tuscaloosa,Alabama,01125,36077,641.0,209355.0
2021-12-02,Tuscaloosa,Alabama,01125,36096,642.0,209355.0
2021-12-03,Tuscaloosa,Alabama,01125,36131,643.0,209355.0
2021-12-04,Tuscaloosa,Alabama,01125,36152,644.0,209355.0
2021-12-05,Tuscaloosa,Alabama,01125,36168,644.0,209355.0
2021-12-06,Tuscaloosa,Alabama,01125,36172,644.0,209355.0
2021-12-07,Tuscaloosa,Alabama,01125,36225,644.0,209355.0
2021-12-08,Tuscaloosa,Alabama,01125,36254,644.0,209355.0
2021-12-09,Tuscaloosa,Alabama,01125,36279,644.0,209355.0
2021-12-10,Tuscaloosa,Alabama,01125,36310,645.0,209355.0
2021-12-11,Tuscaloosa,Alabama,01125,36351,646.0,209355.0
2021-12-12,Tuscaloosa,Alabama,01125,36368,646.0,209355.0
2021-12-13,Tuscaloosa,Alabama,01125,36371,646.0,209355.0
2021-12-14,Tuscaloosa,Alabama,01125,36442,648.0,209355.0
2021-12-15,Tuscaloosa,Alabama,01125,36465,648.0,209355.0
2021-12-16,Tuscaloosa,Alabama,01125,36492,649.0,209355.0
2021-12-17,Tuscaloosa,Alabama,01125,36515,649.0,209355.0
2021-12-18,Tuscaloosa,Alabama,01125,36535,649.0,209355.0
2021-12-19,Tuscaloosa,Alabama,01125,36542,649.0,209355.0
2021-12-20,Tuscaloosa,Alabama,01125,36553,649.0,209355.0
2021-12-21,Tuscaloosa,Alabama,01125,36591,649.0,209355.0
2021-12-22,Tuscaloosa,Alabama,01125,36637,649.0,209355.0
2021-12-23,Tuscaloosa,Alabama,01125,36686,651.0,209355.0
2021-12-24,Tuscaloosa,Alabama,01125,36776,652.0,209355.0
2021-12-25,Tuscaloosa,Alabama,01125,36840,652.0,209355.0
2021-12-26,Tuscaloosa,Alabama,01125,36869,652.0,209355.0
2021-12-27,Tuscaloosa,Alabama,01125,36914,652.0,209355.0
2021-12-28,Tuscaloosa,Alabama,01125,37043,653.0,209355.0
2021-12-29,Tuscaloosa,Alabama,01125,37227,655.0,209355.0
2021-12-30,Tuscaloosa,Alabama,01125,37476,655.0,209355.0
2021-12-31,Tuscaloosa,Alabama,01125,37677,655.0,209355.0
2022-01-01,Tuscaloosa,Alabama,01125,37677,655.0,209355.0
2022-01-02,Tuscaloosa,Alabama,01125,38186,655.0,209355.0
2022-01-03,Tuscaloosa,Alabama,01125,38349,655.0,209355.0
2022-01-04,Tuscaloosa,Alabama,01125,38532,656.0,209355.0
2022-01-05,Tuscaloosa,Alabama,01125,38986,656.0,209355.0
2022-01-06,Tuscaloosa,Alabama,01125,39371,664.0,209355.0
2022-01-07,Tuscaloosa,Alabama,01125,40060,665.0,209355.0
2022-01-08,Tuscaloosa,Alabama,01125,40326,666.0,209355.0
2022-01-09,Tuscaloosa,Alabama,01125,40948,666.0,209355.0
2022-01-10,Tuscaloosa,Alabama,01125,41162,666.0,209355.0
2022-01-11,Tuscaloosa,Alabama,01125,41502,666.0,209355.0
2022-01-12,Tuscaloosa,Alabama,01125,42127,667.0,209355.0
2022-01-13,Tuscaloosa,Alabama,01125,42127,667.0,209355.0
2022-01-14,Tuscaloosa,Alabama,01125,42127,667.0,209355.0
2022-01-15,Tuscaloosa,Alabama,01125,42127,667.0,209355.0
2022-01-16,Tuscaloosa,Alabama,01125,44728,671.0,209355.0
2022-01-17,Tuscaloosa,Alabama,01125,45186,671.0,209355.0
2022-01-18,Tuscaloosa,Alabama,01125,45449,671.0,209355.0
2022-01-19,Tuscaloosa,Alabama,01125,46371,672.0,209355.0
2022-01-20,Tuscaloosa,Alabama,01125,47148,674.0,209355.0
2022-01-21,Tuscaloosa,Alabama,01125,48029,674.0,209355.0
2022-01-22,Tuscaloosa,Alabama,01125,48816,674.0,209355.0
2022-01-23,Tuscaloosa,Alabama,01125,49312,674.0,209355.0
2022-01-24,Tuscaloosa,Alabama,01125,49533,674.0,209355.0
2022-01-25,Tuscaloosa,Alabama,01125,49533,674.0,209355.0
2022-01-26,Tuscaloosa,Alabama,01125,49533,674.0,209355.0
2022-01-27,Tuscaloosa,Alabama,01125,49533,674.0,209355.0
2022-01-28,Tuscaloosa,Alabama,01125,49533,674.0,209355.0
2022-01-29,Tuscaloosa,Alabama,01125,51382,687.0,209355.0
2022-01-30,Tuscaloosa,Alabama,01125,51590,687.0,209355.0
2022-01-31,Tuscaloosa,Alabama,01125,51690,687.0,209355.0
2022-02-01,Tuscaloosa,Alabama,01125,51874,689.0,209355.0
2022-02-02,Tuscaloosa,Alabama,01125,52074,691.0,209355.0
2022-02-03,Tuscaloosa,Alabama,01125,52074,691.0,209355.0
2022-02-04,Tuscaloosa,Alabama,01125,52461,695.0,209355.0
2022-02-05,Tuscaloosa,Alabama,01125,52507,695.0,209355.0
2022-02-06,Tuscaloosa,Alabama,01125,52507,695.0,209355.0
2022-02-07,Tuscaloosa,Alabama,01125,52640,696.0,209355.0
2022-02-08,Tuscaloosa,Alabama,01125,52817,696.0,209355.0
2022-02-09,Tuscaloosa,Alabama,01125,53002,697.0,209355.0
2022-02-10,Tuscaloosa,Alabama,01125,53101,698.0,209355.0
2022-02-11,Tuscaloosa,Alabama,01125,53228,698.0,209355.0
2022-02-12,Tuscaloosa,Alabama,01125,53329,701.0,209355.0
2022-02-13,Tuscaloosa,Alabama,01125,53361,701.0,209355.0
2022-02-14,Tuscaloosa,Alabama,01125,53376,701.0,209355.0
2022-02-15,Tuscaloosa,Alabama,01125,53493,705.0,209355.0
2022-02-16,Tuscaloosa,Alabama,01125,53653,709.0,209355.0
2022-02-17,Tuscaloosa,Alabama,01125,53992,710.0,209355.0
2022-02-18,Tuscaloosa,Alabama,01125,54108,711.0,209355.0
2022-02-19,Tuscaloosa,Alabama,01125,54129,715.0,209355.0
2022-02-20,Tuscaloosa,Alabama,01125,54143,715.0,209355.0
2022-02-21,Tuscaloosa,Alabama,01125,54149,715.0,209355.0
2022-02-22,Tuscaloosa,Alabama,01125,54165,715.0,209355.0
2022-02-23,Tuscaloosa,Alabama,01125,54247,716.0,209355.0
2022-02-24,Tuscaloosa,Alabama,01125,54354,716.0,209355.0
2022-02-25,Tuscaloosa,Alabama,01125,54468,718.0,209355.0
2022-02-26,Tuscaloosa,Alabama,01125,54588,719.0,209355.0
2022-02-27,Tuscaloosa,Alabama,01125,54605,719.0,209355.0
2022-02-28,Tuscaloosa,Alabama,01125,54609,719.0,209355.0
2022-03-01,Tuscaloosa,Alabama,01125,54630,723.0,209355.0
2022-03-02,Tuscaloosa,Alabama,01125,54711,726.0,209355.0
2022-03-03,Tuscaloosa,Alabama,01125,54844,732.0,209355.0
2022-03-04,Tuscaloosa,Alabama,01125,54966,733.0,209355.0
2022-03-05,Tuscaloosa,Alabama,01125,54966,733.0,209355.0
2022-03-06,Tuscaloosa,Alabama,01125,54966,733.0,209355.0
2022-03-07,Tuscaloosa,Alabama,01125,55038,736.0,209355.0
2022-03-08,Tuscaloosa,Alabama,01125,55222,738.0,209355.0
2022-03-09,Tuscaloosa,Alabama,01125,55307,738.0,209355.0
2022-03-10,Tuscaloosa,Alabama,01125,55415,741.0,209355.0
2022-03-11,Tuscaloosa,Alabama,01125,55427,744.0,209355.0
2022-03-12,Tuscaloosa,Alabama,01125,55427,744.0,209355.0
2022-03-13,Tuscaloosa,Alabama,01125,55427,744.0,209355.0
2022-03-14,Tuscaloosa,Alabama,01125,55440,749.0,209355.0
2022-03-15,Tuscaloosa,Alabama,01125,55458,749.0,209355.0
2022-03-16,Tuscaloosa,Alabama,01125,55544,749.0,209355.0
2022-03-17,Tuscaloosa,Alabama,01125,55596,751.0,209355.0
2022-03-18,Tuscaloosa,Alabama,01125,55637,753.0,209355.0
2022-03-19,Tuscaloosa,Alabama,01125,55637,753.0,209355.0
2022-03-20,Tuscaloosa,Alabama,01125,55637,753.0,209355.0
2022-03-21,Tuscaloosa,Alabama,01125,55653,754.0,209355.0
2022-03-22,Tuscaloosa,Alabama,01125,55657,756.0,209355.0
2022-03-23,Tuscaloosa,Alabama,01125,55687,758.0,209355.0
2022-03-24,Tuscaloosa,Alabama,01125,55709,758.0,209355.0
2022-03-25,Tuscaloosa,Alabama,01125,55736,758.0,209355.0
2022-03-26,Tuscaloosa,Alabama,01125,55736,758.0,209355.0
2022-03-27,Tuscaloosa,Alabama,01125,55736,758.0,209355.0
2022-03-28,Tuscaloosa,Alabama,01125,55741,761.0,209355.0
2022-03-29,Tuscaloosa,Alabama,01125,55800,762.0,209355.0
2022-03-30,Tuscaloosa,Alabama,01125,55834,762.0,209355.0
2022-03-31,Tuscaloosa,Alabama,01125,55838,762.0,209355.0
2022-04-01,Tuscaloosa,Alabama,01125,55840,766.0,209355.0
2022-04-02,Tuscaloosa,Alabama,01125,55840,766.0,209355.0
2022-04-03,Tuscaloosa,Alabama,01125,55840,766.0,209355.0
2022-04-04,Tuscaloosa,Alabama,01125,55858,768.0,209355.0
2022-04-05,Tuscaloosa,Alabama,01125,55917,768.0,209355.0
2022-04-06,Tuscaloosa,Alabama,01125,55925,769.0,209355.0
2022-04-07,Tuscaloosa,Alabama,01125,55929,769.0,209355.0
2022-04-08,Tuscaloosa,Alabama,01125,55929,769.0,209355.0
2022-04-09,Tuscaloosa,Alabama,01125,55929,769.0,209355.0
2022-04-10,Tuscaloosa,Alabama,01125,55929,769.0,209355.0
2022-04-11,Tuscaloosa,Alabama,01125,55962,769.0,209355.0
2022-04-12,Tuscaloosa,Alabama,01125,55966,770.0,209355.0
2022-04-13,Tuscaloosa,Alabama,01125,55973,771.0,209355.0
2022-04-14,Tuscaloosa,Alabama,01125,55997,780.0,209355.0
2022-04-15,Tuscaloosa,Alabama,01125,56044,781.0,209355.0
2022-04-16,Tuscaloosa,Alabama,01125,56044,781.0,209355.0
2022-04-17,Tuscaloosa,Alabama,01125,56044,781.0,209355.0
2022-04-18,Tuscaloosa,Alabama,01125,56044,781.0,209355.0
2022-04-19,Tuscaloosa,Alabama,01125,56053,781.0,209355.0
2022-04-20,Tuscaloosa,Alabama,01125,56053,781.0,209355.0
2022-04-21,Tuscaloosa,Alabama,01125,56058,781.0,209355.0
2022-04-22,Tuscaloosa,Alabama,01125,56060,782.0,209355.0
2022-04-23,Tuscaloosa,Alabama,01125,56060,782.0,209355.0
2022-04-24,Tuscaloosa,Alabama,01125,56060,782.0,209355.0
2022-04-25,Tuscaloosa,Alabama,01125,56066,782.0,209355.0
2022-04-26,Tuscaloosa,Alabama,01125,56092,782.0,209355.0
2022-04-27,Tuscaloosa,Alabama,01125,56108,782.0,209355.0
2022-04-28,Tuscaloosa,Alabama,01125,56114,782.0,209355.0
2022-04-29,Tuscaloosa,Alabama,01125,56128,782.0,209355.0
2022-04-30,Tuscaloosa,Alabama,01125,56128,782.0,209355.0
2021-12-01,Coconino,Arizona,04005,25395,385.0,143476.0
2021-12-02,Coconino,Arizona,04005,25463,386.0,143476.0
2021-12-03,Coconino,Arizona,04005,25584,386.0,143476.0
2021-12-04,Coconino,Arizona,04005,25783,390.0,143476.0
2021-12-05,Coconino,Arizona,04005,25877,390.0,143476.0
2021-12-06,Coconino,Arizona,04005,25949,390.0,143476.0
2021-12-07,Coconino,Arizona,04005,26000,393.0,143476.0
2021-12-08,Coconino,Arizona,04005,26020,393.0,143476.0
2021-12-09,Coconino,Arizona,04005,26092,393.0,143476.0
2021-12-10,Coconino,Arizona,04005,26167,394.0,143476.0
2021-12-11,Coconino,Arizona,04005,26235,394.0,143476.0
2021-12-12,Coconino,Arizona,04005,26321,395.0,143476.0
2021-12-13,Coconino,Arizona,04005,26353,395.0,143476.0
2021-12-14,Coconino,Arizona,04005,26387,400.0,143476.0
2021-12-15,Coconino,Arizona,04005,26420,401.0,143476.0
2021-12-16,Coconino,Arizona,04005,26480,400.0,143476.0
2021-12-17,Coconino,Arizona,04005,26551,404.0,143476.0
2021-12-18,Coconino,Arizona,04005,26596,404.0,143476.0
2021-12-19,Coconino,Arizona,04005,26684,404.0,143476.0
2021-12-20,Coconino,Arizona,04005,26750,404.0,143476.0
2021-12-21,Coconino,Arizona,04005,26808,405.0,143476.0
2021-12-22,Coconino,Arizona,04005,26862,407.0,143476.0
2021-12-23,Coconino,Arizona,04005,26958,408.0,143476.0
2021-12-24,Coconino,Arizona,04005,27108,411.0,143476.0
2021-12-25,Coconino,Arizona,04005,27131,412.0,143476.0
2021-12-26,Coconino,Arizona,04005,27131,412.0,143476.0
2021-12-27,Coconino,Arizona,04005,27453,412.0,143476.0
2021-12-28,Coconino,Arizona,04005,27472,416.0,143476.0
2021-12-29,Coconino,Arizona,04005,27568,416.0,143476.0
2021-12-30,Coconino,Arizona,04005,27717,416.0,143476.0
2021-12-31,Coconino,Arizona,04005,28085,416.0,143476.0
2022-01-01,Coconino,Arizona,04005,28256,416.0,143476.0
2022-01-02,Coconino,Arizona,04005,28255,416.0,143476.0
2022-01-03,Coconino,Arizona,04005,28731,416.0,143476.0
2022-01-04,Coconino,Arizona,04005,28924,418.0,143476.0
2022-01-05,Coconino,Arizona,04005,29116,420.0,143476.0
2022-01-06,Coconino,Arizona,04005,29386,420.0,143476.0
2022-01-07,Coconino,Arizona,04005,29888,420.0,143476.0
2022-01-08,Coconino,Arizona,04005,30294,421.0,143476.0
2022-01-09,Coconino,Arizona,04005,30807,421.0,143476.0
2022-01-10,Coconino,Arizona,04005,30954,421.0,143476.0
2022-01-11,Coconino,Arizona,04005,31240,422.0,143476.0
2022-01-12,Coconino,Arizona,04005,31885,423.0,143476.0
2022-01-13,Coconino,Arizona,04005,32490,423.0,143476.0
2022-01-14,Coconino,Arizona,04005,33319,426.0,143476.0
2022-01-15,Coconino,Arizona,04005,33873,426.0,143476.0
2022-01-16,Coconino,Arizona,04005,34387,426.0,143476.0
2022-01-17,Coconino,Arizona,04005,34969,426.0,143476.0
2022-01-18,Coconino,Arizona,04005,35135,427.0,143476.0
2022-01-19,Coconino,Arizona,04005,35545,428.0,143476.0
2022-01-20,Coconino,Arizona,04005,36318,429.0,143476.0
2022-01-21,Coconino,Arizona,04005,36646,430.0,143476.0
2022-01-22,Coconino,Arizona,04005,37044,432.0,143476.0
2022-01-23,Coconino,Arizona,04005,37760,433.0,143476.0
2022-01-24,Coconino,Arizona,04005,37899,433.0,143476.0
2022-01-25,Coconino,Arizona,04005,38323,433.0,143476.0
2022-01-26,Coconino,Arizona,04005,39068,433.0,143476.0
2022-01-27,Coconino,Arizona,04005,39543,435.0,143476.0
2022-01-28,Coconino,Arizona,04005,39877,438.0,143476.0
2022-01-29,Coconino,Arizona,04005,40196,438.0,143476.0
2022-01-30,Coconino,Arizona,04005,40484,438.0,143476.0
2022-01-31,Coconino,Arizona,04005,40683,438.0,143476.0
2022-02-01,Coconino,Arizona,04005,40781,441.0,143476.0
2022-02-02,Coconino,Arizona,04005,40854,441.0,143476.0
2022-02-03,Coconino,Arizona,04005,41046,441.0,143476.0
2022-02-04,Coconino,Arizona,04005,41214,442.0,143476.0
2022-02-05,Coconino,Arizona,04005,41343,444.0,143476.0
2022-02-06,Coconino,Arizona,04005,41461,444.0,143476.0
2022-02-07,Coconino,Arizona,04005,41531,444.0,143476.0
2022-02-08,Coconino,Arizona,04005,41602,445.0,143476.0
2022-02-09,Coconino,Arizona,04005,42007,445.0,143476.0
2022-02-10,Coconino,Arizona,04005,42096,445.0,143476.0
2022-02-11,Coconino,Arizona,04005,42207,448.0,143476.0
2022-02-12,Coconino,Arizona,04005,42290,448.0,143476.0
2022-02-13,Coconino,Arizona,04005,42515,448.0,143476.0
2022-02-14,Coconino,Arizona,04005,42555,448.0,143476.0
2022-02-15,Coconino,Arizona,04005,42581,448.0,143476.0
2022-02-16,Coconino,Arizona,04005,42650,449.0,143476.0
2022-02-17,Coconino,Arizona,04005,42720,451.0,143476.0
2022-02-18,Coconino,Arizona,04005,42761,452.0,143476.0
2022-02-19,Coconino,Arizona,04005,42825,452.0,143476.0
2022-02-20,Coconino,Arizona,04005,42853,452.0,143476.0
2022-02-21,Coconino,Arizona,04005,42855,452.0,143476.0
2022-02-22,Coconino,Arizona,04005,42888,453.0,143476.0
2022-02-23,Coconino,Arizona,04005,42910,453.0,143476.0
2022-02-24,Coconino,Arizona,04005,42963,453.0,143476.0
2022-02-25,Coconino,Arizona,04005,42996,453.0,143476.0
2022-02-26,Coconino,Arizona,04005,43023,453.0,143476.0
2022-02-27,Coconino,Arizona,04005,43023,453.0,143476.0
2022-02-28,Coconino,Arizona,04005,43023,453.0,143476.0
2022-03-01,Coconino,Arizona,04005,43023,453.0,143476.0
2022-03-02,Coconino,Arizona,04005,43086,454.0,143476.0
2022-03-03,Coconino,Arizona,04005,43086,454.0,143476.0
2022-03-04,Coconino,Arizona,04005,43086,454.0,143476.0
2022-03-05,Coconino,Arizona,04005,43086,454.0,143476.0
2022-03-06,Coconino,Arizona,04005,43086,454.0,143476.0
2022-03-07,Coconino,Arizona,04005,43086,454.0,143476.0
2022-03-08,Coconino,Arizona,04005,43086,454.0,143476.0
2022-03-09,Coconino,Arizona,04005,43213,456.0,143476.0
2022-03-10,Coconino,Arizona,04005,43213,456.0,143476.0
2022-03-11,Coconino,Arizona,04005,43213,456.0,143476.0
2022-03-12,Coconino,Arizona,04005,43213,456.0,143476.0
2022-03-13,Coconino,Arizona,04005,43213,456.0,143476.0
2022-03-14,Coconino,Arizona,04005,43213,456.0,143476.0
2022-03-15,Coconino,Arizona,04005,43213,456.0,143476.0
2022-03-16,Coconino,Arizona,04005,43272,459.0,143476.0
2022-03-17,Coconino,Arizona,04005,43272,459.0,143476.0
2022-03-18,Coconino,Arizona,04005,43272,459.0,143476.0
2022-03-19,Coconino,Arizona,04005,43272,459.0,143476.0
2022-03-20,Coconino,Arizona,04005,43272,459.0,143476.0
2022-03-21,Coconino,Arizona,04005,43272,459.0,143476.0
2022-03-22,Coconino,Arizona,04005,43272,459.0,143476.0
2022-03-23,Coconino,Arizona,04005,43311,463.0,143476.0
2022-03-24,Coconino,Arizona,04005,43311,463.0,143476.0
2022-03-25,Coconino,Arizona,04005,43311,463.0,143476.0
2022-03-26,Coconino,Arizona,04005,43311,463.0,143476.0
2022-03-27,Coconino,Arizona,04005,43311,463.0,143476.0
2022-03-28,Coconino,Arizona,04005,43311,463.0,143476.0
2022-03-29,Coconino,Arizona,04005,43311,463.0,143476.0
2022-03-30,Coconino,Arizona,04005,43404,469.0,143476.0
2022-03-31,Coconino,Arizona,04005,43404,469.0,143476.0
2022-04-01,Coconino,Arizona,04005,43404,469.0,143476.0
2022-04-02,Coconino,Arizona,04005,43404,469.0,143476.0
2022-04-03,Coconino,Arizona,04005,43404,469.0,143476.0
2022-04-04,Coconino,Arizona,04005,43404,469.0,143476.0
2022-04-05,Coconino,Arizona,04005,43404,469.0,143476.0
2022-04-06,Coconino,Arizona,04005,43529,472.0,143476.0
2022-04-07,Coconino,Arizona,04005,43529,472.0,143476.0
2022-04-08,Coconino,Arizona,04005,43529,472.0,143476.0
2022-04-09,Coconino,Arizona,04005,43529,472.0,143476.0
2022-04-10,Coconino,Arizona,04005,43529,472.0,143476.0
2022-04-11,Coconino,Arizona,04005,43529,472.0,143476.0
2022-04-12,Coconino,Arizona,04005,43529,472.0,143476.0
2022-04-13,Coconino,Arizona,04005,43590,472.0,143476.0
2022-04-14,Coconino,Arizona,04005,43590,472.0,143476.0
2022-04-15,Coconino,Arizona,04005,43590,472.0,143476.0
2022-04-16,Coconino,Arizona,04005,43590,472.0,143476.0
2022-04-17,Coconino,Arizona,04005,43590,472.0,143476.0
2022-04-18,Coconino,Arizona,04005,43590,472.0,143476.0
2022-04-19,Coconino,Arizona,04005,43590,472.0,143476.0
2022-04-20,Coconino,Arizona,04005,43638,472.0,143476.0
2022-04-21,Coconino,Arizona,04005,43638,472.0,143476.0
2022-04-22,Coconino,Arizona,04005,43638,472.0,143476.0
2022-04-23,Coconino,Arizona,04005,43638,472.0,143476.0
2022-04-24,Coconino,Arizona,04005,43638,472.0,143476.0
2022-04-25,Coconino,Arizona,04005,43638,472.0,143476.0
2022-04-26,Coconino,Arizona,04005,43638,472.0,143476.0
2022-04-27,Coconino,Arizona,04005,43766,477.0,143476.0
2022-04-28,Coconino,Arizona,04005,43766,477.0,143476.0
2022-04-29,Coconino,Arizona,04005,43766,477.0,143476.0
2022-04-30,Coconino,Arizona,04005,43766,477.0,143476.0
2021-12-01,Maricopa,Arizona,04013,802164,12801.0,4485414.0
2021-12-02,Maricopa,Arizona,04013,804278,12814.0,4485414.0
2021-12-03,Maricopa,Arizona,04013,807353,12819.0,4485414.0
2021-12-04,Maricopa,Arizona,04013,810904,12895.0,4485414.0
2021-12-05,Maricopa,Arizona,04013,813527,12920.0,4485414.0
2021-12-06,Maricopa,Arizona,04013,815557,12920.0,4485414.0
2021-12-07,Maricopa,Arizona,04013,817303,12999.0,4485414.0
2021-12-08,Maricopa,Arizona,04013,819354,12999.0,4485414.0
2021-12-09,Maricopa,Arizona,04013,821487,13043.0,4485414.0
2021-12-10,Maricopa,Arizona,04013,824044,13085.0,4485414.0
2021-12-11,Maricopa,Arizona,04013,826257,13120.0,4485414.0
2021-12-12,Maricopa,Arizona,04013,828549,13130.0,4485414.0
2021-12-13,Maricopa,Arizona,04013,830216,13130.0,4485414.0
2021-12-14,Maricopa,Arizona,04013,831365,13222.0,4485414.0
2021-12-15,Maricopa,Arizona,04013,833090,13251.0,4485414.0
2021-12-16,Maricopa,Arizona,04013,834891,13257.0,4485414.0
2021-12-17,Maricopa,Arizona,04013,837314,13324.0,4485414.0
2021-12-18,Maricopa,Arizona,04013,839480,13341.0,4485414.0
2021-12-19,Maricopa,Arizona,04013,841448,13343.0,4485414.0
2021-12-20,Maricopa,Arizona,04013,842993,13343.0,4485414.0
2021-12-21,Maricopa,Arizona,04013,844498,13457.0,4485414.0
2021-12-22,Maricopa,Arizona,04013,846298,13482.0,4485414.0
2021-12-23,Maricopa,Arizona,04013,848132,13492.0,4485414.0
2021-12-24,Maricopa,Arizona,04013,850653,13519.0,4485414.0
2021-12-25,Maricopa,Arizona,04013,853296,13552.0,4485414.0
2021-12-26,Maricopa,Arizona,04013,853298,13552.0,4485414.0
2021-12-27,Maricopa,Arizona,04013,859062,13552.0,4485414.0
2021-12-28,Maricopa,Arizona,04013,860428,13629.0,4485414.0
2021-12-29,Maricopa,Arizona,04013,862457,13641.0,4485414.0
2021-12-30,Maricopa,Arizona,04013,866014,13670.0,4485414.0
2021-12-31,Maricopa,Arizona,04013,870996,13675.0,4485414.0
2022-01-01,Maricopa,Arizona,04013,877142,13737.0,4485414.0
2022-01-02,Maricopa,Arizona,04013,877144,13737.0,4485414.0
2022-01-03,Maricopa,Arizona,04013,887308,13737.0,4485414.0
2022-01-04,Maricopa,Arizona,04013,892504,13813.0,4485414.0
2022-01-05,Maricopa,Arizona,04013,897529,13849.0,4485414.0
2022-01-06,Maricopa,Arizona,04013,904822,13849.0,4485414.0
2022-01-07,Maricopa,Arizona,04013,914958,13867.0,4485414.0
2022-01-08,Maricopa,Arizona,04013,926432,13914.0,4485414.0
2022-01-09,Maricopa,Arizona,04013,937211,13952.0,4485414.0
2022-01-10,Maricopa,Arizona,04013,947357,13952.0,4485414.0
2022-01-11,Maricopa,Arizona,04013,957760,14060.0,4485414.0
2022-01-12,Maricopa,Arizona,04013,969741,14064.0,4485414.0
2022-01-13,Maricopa,Arizona,04013,982065,14064.0,4485414.0
2022-01-14,Maricopa,Arizona,04013,995019,14097.0,4485414.0
2022-01-15,Maricopa,Arizona,04013,1011221,14154.0,4485414.0
2022-01-16,Maricopa,Arizona,04013,1025184,14179.0,4485414.0
2022-01-17,Maricopa,Arizona,04013,1031971,14179.0,4485414.0
2022-01-18,Maricopa,Arizona,04013,1047617,14274.0,4485414.0
2022-01-19,Maricopa,Arizona,04013,1060695,14283.0,4485414.0
2022-01-20,Maricopa,Arizona,04013,1071176,14290.0,4485414.0
2022-01-21,Maricopa,Arizona,04013,1082411,14332.0,4485414.0
2022-01-22,Maricopa,Arizona,04013,1099621,14363.0,4485414.0
2022-01-23,Maricopa,Arizona,04013,1113529,14394.0,4485414.0
2022-01-24,Maricopa,Arizona,04013,1122599,14394.0,4485414.0
2022-01-25,Maricopa,Arizona,04013,1131309,14394.0,4485414.0
2022-01-26,Maricopa,Arizona,04013,1142432,14574.0,4485414.0
2022-01-27,Maricopa,Arizona,04013,1150653,14585.0,4485414.0
2022-01-28,Maricopa,Arizona,04013,1159574,14614.0,4485414.0
2022-01-29,Maricopa,Arizona,04013,1168101,14719.0,4485414.0
2022-01-30,Maricopa,Arizona,04013,1176820,14735.0,4485414.0
2022-01-31,Maricopa,Arizona,04013,1183959,14735.0,4485414.0
2022-02-01,Maricopa,Arizona,04013,1188443,14819.0,4485414.0
2022-02-02,Maricopa,Arizona,04013,1193786,14832.0,4485414.0
2022-02-03,Maricopa,Arizona,04013,1198179,14872.0,4485414.0
2022-02-04,Maricopa,Arizona,04013,1203219,14936.0,4485414.0
2022-02-05,Maricopa,Arizona,04013,1207881,14984.0,4485414.0
2022-02-06,Maricopa,Arizona,04013,1211770,14987.0,4485414.0
2022-02-07,Maricopa,Arizona,04013,1214267,14987.0,4485414.0
2022-02-08,Maricopa,Arizona,04013,1216724,15087.0,4485414.0
2022-02-09,Maricopa,Arizona,04013,1219818,15100.0,4485414.0
2022-02-10,Maricopa,Arizona,04013,1223947,15219.0,4485414.0
2022-02-11,Maricopa,Arizona,04013,1225561,15256.0,4485414.0
2022-02-12,Maricopa,Arizona,04013,1227972,15308.0,4485414.0
2022-02-13,Maricopa,Arizona,04013,1230503,15320.0,4485414.0
2022-02-14,Maricopa,Arizona,04013,1232073,15320.0,4485414.0
2022-02-15,Maricopa,Arizona,04013,1233036,15320.0,4485414.0
2022-02-16,Maricopa,Arizona,04013,1234151,15321.0,4485414.0
2022-02-17,Maricopa,Arizona,04013,1235746,15424.0,4485414.0
2022-02-18,Maricopa,Arizona,04013,1237579,15486.0,4485414.0
2022-02-19,Maricopa,Arizona,04013,1239274,15562.0,4485414.0
2022-02-20,Maricopa,Arizona,04013,1240505,15563.0,4485414.0
2022-02-21,Maricopa,Arizona,04013,1240498,15563.0,4485414.0
2022-02-22,Maricopa,Arizona,04013,1242071,15631.0,4485414.0
2022-02-23,Maricopa,Arizona,04013,1242703,15661.0,4485414.0
2022-02-24,Maricopa,Arizona,04013,1243994,15710.0,4485414.0
2022-02-25,Maricopa,Arizona,04013,1245088,15753.0,4485414.0
2022-02-26,Maricopa,Arizona,04013,1246178,15761.0,4485414.0
2022-02-27,Maricopa,Arizona,04013,1246178,15761.0,4485414.0
2022-02-28,Maricopa,Arizona,04013,1246178,15761.0,4485414.0
2022-03-01,Maricopa,Arizona,04013,1246178,15761.0,4485414.0
2022-03-02,Maricopa,Arizona,04013,1248818,15761.0,4485414.0
2022-03-03,Maricopa,Arizona,04013,1248818,15761.0,4485414.0
2022-03-04,Maricopa,Arizona,04013,1248818,15761.0,4485414.0
2022-03-05,Maricopa,Arizona,04013,1248818,15761.0,4485414.0
2022-03-06,Maricopa,Arizona,04013,1248818,15761.0,4485414.0
2022-03-07,Maricopa,Arizona,04013,1248818,15761.0,4485414.0
2022-03-08,Maricopa,Arizona,04013,1248818,15761.0,4485414.0
2022-03-09,Maricopa,Arizona,04013,1253285,15855.0,4485414.0
2022-03-10,Maricopa,Arizona,04013,1253285,15855.0,4485414.0
2022-03-11,Maricopa,Arizona,04013,1253285,15855.0,4485414.0
2022-03-12,Maricopa,Arizona,04013,1253285,15855.0,4485414.0
2022-03-13,Maricopa,Arizona,04013,1253285,15855.0,4485414.0
2022-03-14,Maricopa,Arizona,04013,1253285,15855.0,4485414.0
2022-03-15,Maricopa,Arizona,04013,1253285,15855.0,4485414.0
2022-03-16,Maricopa,Arizona,04013,1256653,16166.0,4485414.0
2022-03-17,Maricopa,Arizona,04013,1256653,16166.0,4485414.0
2022-03-18,Maricopa,Arizona,04013,1256653,16166.0,4485414.0
2022-03-19,Maricopa,Arizona,04013,1256653,16166.0,4485414.0
2022-03-20,Maricopa,Arizona,04013,1256653,16166.0,4485414.0
2022-03-21,Maricopa,Arizona,04013,1256653,16166.0,4485414.0
2022-03-22,Maricopa,Arizona,04013,1256653,16166.0,4485414.0
2022-03-23,Maricopa,Arizona,04013,1260012,16393.0,4485414.0
2022-03-24,Maricopa,Arizona,04013,1260012,16393.0,4485414.0
2022-03-25,Maricopa,Arizona,04013,1260012,16393.0,4485414.0
2022-03-26,Maricopa,Arizona,04013,1260012,16393.0,4485414.0
2022-03-27,Maricopa,Arizona,04013,1260012,16393.0,4485414.0
2022-03-28,Maricopa,Arizona,04013,1260012,16393.0,4485414.0
2022-03-29,Maricopa,Arizona,04013,1260012,16393.0,4485414.0
2022-03-30,Maricopa,Arizona,04013,1268293,16686.0,4485414.0
2022-03-31,Maricopa,Arizona,04013,1268293,16686.0,4485414.0
2022-04-01,Maricopa,Arizona,04013,1268293,16686.0,4485414.0
2022-04-02,Maricopa,Arizona,04013,1268293,16686.0,4485414.0
2022-04-03,Maricopa,Arizona,04013,1268293,16686.0,4485414.0
2022-04-04,Maricopa,Arizona,04013,1268293,16686.0,4485414.0
2022-04-05,Maricopa,Arizona,04013,1268293,16686.0,4485414.0
2022-04-06,Maricopa,Arizona,04013,1272999,17004.0,4485414.0
2022-04-07,Maricopa,Arizona,04013,1272999,17004.0,4485414.0
2022-04-08,Maricopa,Arizona,04013,1272999,17004.0,4485414.0
2022-04-09,Maricopa,Arizona,04013,1272999,17004.0,4485414.0
2022-04-10,Maricopa,Arizona,04013,1272999,17004.0,4485414.0
2022-04-11,Maricopa,Arizona,04013,1272999,17004.0,4485414.0
2022-04-12,Maricopa,Arizona,04013,1272999,17004.0,4485414.0
2022-04-13,Maricopa,Arizona,04013,1273651,17079.0,4485414.0
2022-04-14,Maricopa,Arizona,04013,1273651,17079.0,4485414.0
2022-04-15,Maricopa,Arizona,04013,1273651,17079.0,4485414.0
2022-04-16,Maricopa,Arizona,04013,1273651,17079.0,4485414.0
2022-04-17,Maricopa,Arizona,04013,1273651,17079.0,4485414.0
2022-04-18,Maricopa,Arizona,04013,1273651,17079.0,4485414.0
2022-04-19,Maricopa,Arizona,04013,1273651,17079.0,4485414.0
2022-04-20,Maricopa,Arizona,04013,1275525,17103.0,4485414.0
2022-04-21,Maricopa,Arizona,04013,1275525,17103.0,4485414.0
2022-04-22,Maricopa,Arizona,04013,1275525,17103.0,4485414.0
2022-04-23,Maricopa,Arizona,04013,1275525,17103.0,4485414.0
2022-04-24,Maricopa,Arizona,04013,1275525,17103.0,4485414.0
2022-04-25,Maricopa,Arizona,04013,1275525,17103.0,4485414.0
2022-04-26,Maricopa,Arizona,04013,1275525,17103.0,4485414.0
2022-04-27,Maricopa,Arizona,04013,1277230,17153.0,4485414.0
2022-04-28,Maricopa,Arizona,04013,1277230,17153.0,4485414.0
2022-04-29,Maricopa,Arizona,04013,1277230,17153.0,4485414.0
2022-04-30,Maricopa,Arizona,04013,1277230,17153.0,4485414.0
2021-12-01,Pima,Arizona,04019,159859,2900.0,1047279.0
2021-12-02,Pima,Arizona,04019,160397,2901.0,1047279.0
2021-12-03,Pima,Arizona,04019,161067,2903.0,1047279.0
2021-12-04,Pima,Arizona,04019,161873,2928.0,1047279.0
2021-12-05,Pima,Arizona,04019,162492,2928.0,1047279.0
2021-12-06,Pima,Arizona,04019,162926,2928.0,1047279.0
2021-12-07,Pima,Arizona,04019,163219,2949.0,1047279.0
2021-12-08,Pima,Arizona,04019,163655,2951.0,1047279.0
2021-12-09,Pima,Arizona,04019,164190,2961.0,1047279.0
2021-12-10,Pima,Arizona,04019,164693,2972.0,1047279.0
2021-12-11,Pima,Arizona,04019,165066,2983.0,1047279.0
2021-12-12,Pima,Arizona,04019,165457,2984.0,1047279.0
2021-12-13,Pima,Arizona,04019,165803,2984.0,1047279.0
2021-12-14,Pima,Arizona,04019,166096,3020.0,1047279.0
2021-12-15,Pima,Arizona,04019,166437,3022.0,1047279.0
2021-12-16,Pima,Arizona,04019,166791,3022.0,1047279.0
2021-12-17,Pima,Arizona,04019,167227,3050.0,1047279.0
2021-12-18,Pima,Arizona,04019,167569,3052.0,1047279.0
2021-12-19,Pima,Arizona,04019,167950,3052.0,1047279.0
2021-12-20,Pima,Arizona,04019,168138,3052.0,1047279.0
2021-12-21,Pima,Arizona,04019,168481,3094.0,1047279.0
2021-12-22,Pima,Arizona,04019,168752,3098.0,1047279.0
2021-12-23,Pima,Arizona,04019,169140,3099.0,1047279.0
2021-12-24,Pima,Arizona,04019,169560,3112.0,1047279.0
2021-12-25,Pima,Arizona,04019,169972,3121.0,1047279.0
2021-12-26,Pima,Arizona,04019,169972,3121.0,1047279.0
2021-12-27,Pima,Arizona,04019,170703,3121.0,1047279.0
2021-12-28,Pima,Arizona,04019,170831,3150.0,1047279.0
2021-12-29,Pima,Arizona,04019,171383,3151.0,1047279.0
2021-12-30,Pima,Arizona,04019,172153,3153.0,1047279.0
2021-12-31,Pima,Arizona,04019,173038,3154.0,1047279.0
2022-01-01,Pima,Arizona,04019,174066,3177.0,1047279.0
2022-01-02,Pima,Arizona,04019,174201,3177.0,1047279.0
2022-01-03,Pima,Arizona,04019,175748,3177.0,1047279.0
2022-01-04,Pima,Arizona,04019,176183,3206.0,1047279.0
2022-01-05,Pima,Arizona,04019,177304,3210.0,1047279.0
2022-01-06,Pima,Arizona,04019,178631,3210.0,1047279.0
2022-01-07,Pima,Arizona,04019,180332,3216.0,1047279.0
2022-01-08,Pima,Arizona,04019,182236,3230.0,1047279.0
2022-01-09,Pima,Arizona,04019,184634,3242.0,1047279.0
2022-01-10,Pima,Arizona,04019,186609,3242.0,1047279.0
2022-01-11,Pima,Arizona,04019,187543,3270.0,1047279.0
2022-01-12,Pima,Arizona,04019,189543,3273.0,1047279.0
2022-01-13,Pima,Arizona,04019,191727,3273.0,1047279.0
2022-01-14,Pima,Arizona,04019,194215,3288.0,1047279.0
2022-01-15,Pima,Arizona,04019,196935,3300.0,1047279.0
2022-01-16,Pima,Arizona,04019,200106,3304.0,1047279.0
2022-01-17,Pima,Arizona,04019,202118,3304.0,1047279.0
2022-01-18,Pima,Arizona,04019,204501,3342.0,1047279.0
2022-01-19,Pima,Arizona,04019,206904,3344.0,1047279.0
2022-01-20,Pima,Arizona,04019,209201,3345.0,1047279.0
2022-01-21,Pima,Arizona,04019,211888,3349.0,1047279.0
2022-01-22,Pima,Arizona,04019,215256,3353.0,1047279.0
2022-01-23,Pima,Arizona,04019,218414,3369.0,1047279.0
2022-01-24,Pima,Arizona,04019,220411,3369.0,1047279.0
2022-01-25,Pima,Arizona,04019,221920,3369.0,1047279.0
2022-01-26,Pima,Arizona,04019,224370,3395.0,1047279.0
2022-01-27,Pima,Arizona,04019,226092,3397.0,1047279.0
2022-01-28,Pima,Arizona,04019,228223,3410.0,1047279.0
2022-01-29,Pima,Arizona,04019,230684,3437.0,1047279.0
2022-01-30,Pima,Arizona,04019,232149,3441.0,1047279.0
2022-01-31,Pima,Arizona,04019,234028,3441.0,1047279.0
2022-02-01,Pima,Arizona,04019,234984,3461.0,1047279.0
2022-02-02,Pima,Arizona,04019,236031,3467.0,1047279.0
2022-02-03,Pima,Arizona,04019,237193,3473.0,1047279.0
2022-02-04,Pima,Arizona,04019,238526,3484.0,1047279.0
2022-02-05,Pima,Arizona,04019,239935,3494.0,1047279.0
2022-02-06,Pima,Arizona,04019,240783,3495.0,1047279.0
2022-02-07,Pima,Arizona,04019,241551,3495.0,1047279.0
2022-02-08,Pima,Arizona,04019,241807,3523.0,1047279.0
2022-02-09,Pima,Arizona,04019,242519,3529.0,1047279.0
2022-02-10,Pima,Arizona,04019,243670,3539.0,1047279.0
2022-02-11,Pima,Arizona,04019,244051,3539.0,1047279.0
2022-02-12,Pima,Arizona,04019,244785,3553.0,1047279.0
2022-02-13,Pima,Arizona,04019,245532,3554.0,1047279.0
2022-02-14,Pima,Arizona,04019,245956,3554.0,1047279.0
2022-02-15,Pima,Arizona,04019,246181,3554.0,1047279.0
2022-02-16,Pima,Arizona,04019,246502,3554.0,1047279.0
2022-02-17,Pima,Arizona,04019,246962,3579.0,1047279.0
2022-02-18,Pima,Arizona,04019,247464,3597.0,1047279.0
2022-02-19,Pima,Arizona,04019,247896,3603.0,1047279.0
2022-02-20,Pima,Arizona,04019,248248,3604.0,1047279.0
2022-02-21,Pima,Arizona,04019,248248,3604.0,1047279.0
2022-02-22,Pima,Arizona,04019,248712,3623.0,1047279.0
2022-02-23,Pima,Arizona,04019,249002,3626.0,1047279.0
2022-02-24,Pima,Arizona,04019,249186,3639.0,1047279.0
2022-02-25,Pima,Arizona,04019,249449,3644.0,1047279.0
2022-02-26,Pima,Arizona,04019,249678,3646.0,1047279.0
2022-02-27,Pima,Arizona,04019,249678,3646.0,1047279.0
2022-02-28,Pima,Arizona,04019,249678,3646.0,1047279.0
2022-03-01,Pima,Arizona,04019,249678,3646.0,1047279.0
2022-03-02,Pima,Arizona,04019,250137,3646.0,1047279.0
2022-03-03,Pima,Arizona,04019,250137,3646.0,1047279.0
2022-03-04,Pima,Arizona,04019,250137,3646.0,1047279.0
2022-03-05,Pima,Arizona,04019,250137,3646.0,1047279.0
2022-03-06,Pima,Arizona,04019,250137,3646.0,1047279.0
2022-03-07,Pima,Arizona,04019,250137,3646.0,1047279.0
2022-03-08,Pima,Arizona,04019,250137,3646.0,1047279.0
2022-03-09,Pima,Arizona,04019,250949,3663.0,1047279.0
2022-03-10,Pima,Arizona,04019,250949,3663.0,1047279.0
2022-03-11,Pima,Arizona,04019,250949,3663.0,1047279.0
2022-03-12,Pima,Arizona,04019,250949,3663.0,1047279.0
2022-03-13,Pima,Arizona,04019,250949,3663.0,1047279.0
2022-03-14,Pima,Arizona,04019,250949,3663.0,1047279.0
2022-03-15,Pima,Arizona,04019,250949,3663.0,1047279.0
2022-03-16,Pima,Arizona,04019,251765,3722.0,1047279.0
2022-03-17,Pima,Arizona,04019,251765,3722.0,1047279.0
2022-03-18,Pima,Arizona,04019,251765,3722.0,1047279.0
2022-03-19,Pima,Arizona,04019,251765,3722.0,1047279.0
2022-03-20,Pima,Arizona,04019,251765,3722.0,1047279.0
2022-03-21,Pima,Arizona,04019,251765,3722.0,1047279.0
2022-03-22,Pima,Arizona,04019,251765,3722.0,1047279.0
2022-03-23,Pima,Arizona,04019,252256,3751.0,1047279.0
2022-03-24,Pima,Arizona,04019,252256,3751.0,1047279.0
2022-03-25,Pima,Arizona,04019,252256,3751.0,1047279.0
2022-03-26,Pima,Arizona,04019,252256,3751.0,1047279.0
2022-03-27,Pima,Arizona,04019,252256,3751.0,1047279.0
2022-03-28,Pima,Arizona,04019,252256,3751.0,1047279.0
2022-03-29,Pima,Arizona,04019,252256,3751.0,1047279.0
2022-03-30,Pima,Arizona,04019,252925,3773.0,1047279.0
2022-03-31,Pima,Arizona,04019,252925,3773.0,1047279.0
2022-04-01,Pima,Arizona,04019,252925,3773.0,1047279.0
2022-04-02,Pima,Arizona,04019,252925,3773.0,1047279.0
2022-04-03,Pima,Arizona,04019,252925,3773.0,1047279.0
2022-04-04,Pima,Arizona,04019,252925,3773.0,1047279.0
2022-04-05,Pima,Arizona,04019,252925,3773.0,1047279.0
2022-04-06,Pima,Arizona,04019,253451,3794.0,1047279.0
2022-04-07,Pima,Arizona,04019,253451,3794.0,1047279.0
2022-04-08,Pima,Arizona,04019,253451,3794.0,1047279.0
2022-04-09,Pima,Arizona,04019,253451,3794.0,1047279.0
2022-04-10,Pima,Arizona,04019,253451,3794.0,1047279.0
2022-04-11,Pima,Arizona,04019,253451,3794.0,1047279.0
2022-04-12,Pima,Arizona,04019,253451,3794.0,1047279.0
2022-04-13,Pima,Arizona,04019,254195,3802.0,1047279.0
2022-04-14,Pima,Arizona,04019,254195,3802.0,1047279.0
2022-04-15,Pima,Arizona,04019,254195,3802.0,1047279.0
2022-04-16,Pima,Arizona,04019,254195,3802.0,1047279.0
2022-04-17,Pima,Arizona,04019,254195,3802.0,1047279.0
2022-04-18,Pima,Arizona,04019,254195,3802.0,1047279.0
2022-04-19,Pima,Arizona,04019,254195,3802.0,1047279.0
2022-04-20,Pima,Arizona,04019,254407,3803.0,1047279.0
2022-04-21,Pima,Arizona,04019,254407,3803.0,1047279.0
2022-04-22,Pima,Arizona,04019,254407,3803.0,1047279.0
2022-04-23,Pima,Arizona,04019,254407,3803.0,1047279.0
2022-04-24,Pima,Arizona,04019,254407,3803.0,1047279.0
2022-04-25,Pima,Arizona,04019,254407,3803.0,1047279.0
2022-04-26,Pima,Arizona,04019,254407,3803.0,1047279.0
2022-04-27,Pima,Arizona,04019,254402,3815.0,1047279.0
2022-04-28,Pima,Arizona,04019,254402,3815.0,1047279.0
2022-04-29,Pima,Arizona,04019,254402,3815.0,1047279.0
2022-04-30,Pima,Arizona,04019,254402,3815.0,1047279.0
2021-12-01,Washington,Arkansas,05143,45812,496.0,239187.0
2021-12-02,Washington,Arkansas,05143,45874,496.0,239187.0
2021-12-03,Washington,Arkansas,05143,45962,496.0,239187.0
2021-12-04,Washington,Arkansas,05143,46010,500.0,239187.0
2021-12-05,Washington,Arkansas,05143,46036,502.0,239187.0
2021-12-06,Washington,Arkansas,05143,46056,502.0,239187.0
2021-12-07,Washington,Arkansas,05143,46100,502.0,239187.0
2021-12-08,Washington,Arkansas,05143,46143,502.0,239187.0
2021-12-09,Washington,Arkansas,05143,46204,502.0,239187.0
2021-12-10,Washington,Arkansas,05143,46280,502.0,239187.0
2021-12-11,Washington,Arkansas,05143,46339,502.0,239187.0
2021-12-12,Washington,Arkansas,05143,46346,502.0,239187.0
2021-12-13,Washington,Arkansas,05143,46363,504.0,239187.0
2021-12-14,Washington,Arkansas,05143,46393,504.0,239187.0
2021-12-15,Washington,Arkansas,05143,46474,504.0,239187.0
2021-12-16,Washington,Arkansas,05143,46540,504.0,239187.0
2021-12-17,Washington,Arkansas,05143,46598,504.0,239187.0
2021-12-18,Washington,Arkansas,05143,46658,504.0,239187.0
2021-12-19,Washington,Arkansas,05143,46682,505.0,239187.0
2021-12-20,Washington,Arkansas,05143,46713,506.0,239187.0
2021-12-21,Washington,Arkansas,05143,46758,506.0,239187.0
2021-12-22,Washington,Arkansas,05143,46809,507.0,239187.0
2021-12-23,Washington,Arkansas,05143,46887,507.0,239187.0
2021-12-24,Washington,Arkansas,05143,46994,507.0,239187.0
2021-12-25,Washington,Arkansas,05143,47068,507.0,239187.0
2021-12-26,Washington,Arkansas,05143,47084,507.0,239187.0
2021-12-27,Washington,Arkansas,05143,47162,508.0,239187.0
2021-12-28,Washington,Arkansas,05143,47306,509.0,239187.0
2021-12-29,Washington,Arkansas,05143,47473,509.0,239187.0
2021-12-30,Washington,Arkansas,05143,47756,511.0,239187.0
2021-12-31,Washington,Arkansas,05143,47853,512.0,239187.0
2022-01-01,Washington,Arkansas,05143,48114,515.0,239187.0
2022-01-02,Washington,Arkansas,05143,48195,517.0,239187.0
2022-01-03,Washington,Arkansas,05143,48245,518.0,239187.0
2022-01-04,Washington,Arkansas,05143,48717,518.0,239187.0
2022-01-05,Washington,Arkansas,05143,49250,520.0,239187.0
2022-01-06,Washington,Arkansas,05143,49949,519.0,239187.0
2022-01-07,Washington,Arkansas,05143,50517,521.0,239187.0
2022-01-08,Washington,Arkansas,05143,51123,521.0,239187.0
2022-01-09,Washington,Arkansas,05143,51123,521.0,239187.0
2022-01-10,Washington,Arkansas,05143,51895,520.0,239187.0
2022-01-11,Washington,Arkansas,05143,52327,522.0,239187.0
2022-01-12,Washington,Arkansas,05143,53341,522.0,239187.0
2022-01-13,Washington,Arkansas,05143,54794,523.0,239187.0
2022-01-14,Washington,Arkansas,05143,55349,525.0,239187.0
2022-01-15,Washington,Arkansas,05143,56202,527.0,239187.0
2022-01-16,Washington,Arkansas,05143,56733,527.0,239187.0
2022-01-17,Washington,Arkansas,05143,56841,527.0,239187.0
2022-01-18,Washington,Arkansas,05143,57135,527.0,239187.0
2022-01-19,Washington,Arkansas,05143,58500,528.0,239187.0
2022-01-20,Washington,Arkansas,05143,59605,529.0,239187.0
2022-01-21,Washington,Arkansas,05143,60307,529.0,239187.0
2022-01-22,Washington,Arkansas,05143,60943,530.0,239187.0
2022-01-23,Washington,Arkansas,05143,61184,531.0,239187.0
2022-01-24,Washington,Arkansas,05143,61386,531.0,239187.0
2022-01-25,Washington,Arkansas,05143,62098,534.0,239187.0
2022-01-26,Washington,Arkansas,05143,62563,535.0,239187.0
2022-01-27,Washington,Arkansas,05143,62926,535.0,239187.0
2022-01-28,Washington,Arkansas,05143,63296,535.0,239187.0
2022-01-29,Washington,Arkansas,05143,63296,535.0,239187.0
2022-01-30,Washington,Arkansas,05143,63296,535.0,239187.0
2022-01-31,Washington,Arkansas,05143,64034,535.0,239187.0
2022-02-01,Washington,Arkansas,05143,64320,537.0,239187.0
2022-02-02,Washington,Arkansas,05143,64630,537.0,239187.0
2022-02-03,Washington,Arkansas,05143,65082,541.0,239187.0
2022-02-04,Washington,Arkansas,05143,65372,544.0,239187.0
2022-02-05,Washington,Arkansas,05143,65503,548.0,239187.0
2022-02-06,Washington,Arkansas,05143,65557,553.0,239187.0
2022-02-07,Washington,Arkansas,05143,65598,555.0,239187.0
2022-02-08,Washington,Arkansas,05143,65751,555.0,239187.0
2022-02-09,Washington,Arkansas,05143,65922,556.0,239187.0
2022-02-10,Washington,Arkansas,05143,66053,557.0,239187.0
2022-02-11,Washington,Arkansas,05143,66176,557.0,239187.0
2022-02-12,Washington,Arkansas,05143,66313,560.0,239187.0
2022-02-13,Washington,Arkansas,05143,66374,564.0,239187.0
2022-02-14,Washington,Arkansas,05143,66448,567.0,239187.0
2022-02-15,Washington,Arkansas,05143,66565,569.0,239187.0
2022-02-16,Washington,Arkansas,05143,66638,569.0,239187.0
2022-02-17,Washington,Arkansas,05143,66742,569.0,239187.0
2022-02-18,Washington,Arkansas,05143,66825,571.0,239187.0
2022-02-19,Washington,Arkansas,05143,66896,573.0,239187.0
2022-02-20,Washington,Arkansas,05143,66969,574.0,239187.0
2022-02-21,Washington,Arkansas,05143,67010,574.0,239187.0
2022-02-22,Washington,Arkansas,05143,67034,576.0,239187.0
2022-02-23,Washington,Arkansas,05143,67105,576.0,239187.0
2022-02-24,Washington,Arkansas,05143,67155,578.0,239187.0
2022-02-25,Washington,Arkansas,05143,67186,579.0,239187.0
2022-02-26,Washington,Arkansas,05143,67296,583.0,239187.0
2022-02-27,Washington,Arkansas,05143,67317,584.0,239187.0
2022-02-28,Washington,Arkansas,05143,67350,586.0,239187.0
2022-03-01,Washington,Arkansas,05143,67383,588.0,239187.0
2022-03-02,Washington,Arkansas,05143,67454,589.0,239187.0
2022-03-03,Washington,Arkansas,05143,67485,591.0,239187.0
2022-03-04,Washington,Arkansas,05143,67515,591.0,239187.0
2022-03-05,Washington,Arkansas,05143,67542,591.0,239187.0
2022-03-06,Washington,Arkansas,05143,67561,591.0,239187.0
2022-03-07,Washington,Arkansas,05143,67569,591.0,239187.0
2022-03-08,Washington,Arkansas,05143,67588,594.0,239187.0
2022-03-09,Washington,Arkansas,05143,67615,595.0,239187.0
2022-03-10,Washington,Arkansas,05143,67621,596.0,239187.0
2022-03-11,Washington,Arkansas,05143,67633,599.0,239187.0
2022-03-12,Washington,Arkansas,05143,67661,599.0,239187.0
2022-03-13,Washington,Arkansas,05143,67685,600.0,239187.0
2022-03-14,Washington,Arkansas,05143,67698,600.0,239187.0
2022-03-15,Washington,Arkansas,05143,67716,600.0,239187.0
2022-03-16,Washington,Arkansas,05143,67727,601.0,239187.0
2022-03-17,Washington,Arkansas,05143,67748,601.0,239187.0
2022-03-18,Washington,Arkansas,05143,67764,604.0,239187.0
2022-03-19,Washington,Arkansas,05143,67801,604.0,239187.0
2022-03-20,Washington,Arkansas,05143,67817,606.0,239187.0
2022-03-21,Washington,Arkansas,05143,68161,608.0,239187.0
2022-03-22,Washington,Arkansas,05143,68177,609.0,239187.0
2022-03-23,Washington,Arkansas,05143,68187,609.0,239187.0
2022-03-24,Washington,Arkansas,05143,68202,609.0,239187.0
2022-03-25,Washington,Arkansas,05143,68208,609.0,239187.0
2022-03-26,Washington,Arkansas,05143,68214,609.0,239187.0
2022-03-27,Washington,Arkansas,05143,68214,609.0,239187.0
2022-03-28,Washington,Arkansas,05143,68216,609.0,239187.0
2022-03-29,Washington,Arkansas,05143,68224,609.0,239187.0
2022-03-30,Washington,Arkansas,05143,68228,609.0,239187.0
2022-03-31,Washington,Arkansas,05143,68239,611.0,239187.0
2022-04-01,Washington,Arkansas,05143,68250,611.0,239187.0
2022-04-02,Washington,Arkansas,05143,68258,611.0,239187.0
2022-04-03,Washington,Arkansas,05143,68261,614.0,239187.0
2022-04-04,Washington,Arkansas,05143,68267,615.0,239187.0
2022-04-05,Washington,Arkansas,05143,68271,615.0,239187.0
2022-04-06,Washington,Arkansas,05143,68286,616.0,239187.0
2022-04-07,Washington,Arkansas,05143,68294,616.0,239187.0
2022-04-08,Washington,Arkansas,05143,68311,616.0,239187.0
2022-04-09,Washington,Arkansas,05143,68327,617.0,239187.0
2022-04-10,Washington,Arkansas,05143,68331,617.0,239187.0
2022-04-11,Washington,Arkansas,05143,68334,617.0,239187.0
2022-04-12,Washington,Arkansas,05143,68342,618.0,239187.0
2022-04-13,Washington,Arkansas,05143,68358,618.0,239187.0
2022-04-14,Washington,Arkansas,05143,68361,619.0,239187.0
2022-04-15,Washington,Arkansas,05143,68368,619.0,239187.0
2022-04-16,Washington,Arkansas,05143,68374,618.0,239187.0
2022-04-17,Washington,Arkansas,05143,68378,618.0,239187.0
2022-04-18,Washington,Arkansas,05143,68377,619.0,239187.0
2022-04-19,Washington,Arkansas,05143,68393,619.0,239187.0
2022-04-20,Washington,Arkansas,05143,68404,619.0,239187.0
2022-04-21,Washington,Arkansas,05143,68412,619.0,239187.0
2022-04-22,Washington,Arkansas,05143,68434,619.0,239187.0
2022-04-23,Washington,Arkansas,05143,68441,619.0,239187.0
2022-04-24,Washington,Arkansas,05143,68444,619.0,239187.0
2022-04-25,Washington,Arkansas,05143,68445,619.0,239187.0
2022-04-26,Washington,Arkansas,05143,68460,619.0,239187.0
2022-04-27,Washington,Arkansas,05143,68471,619.0,239187.0
2022-04-28,Washington,Arkansas,05143,68490,619.0,239187.0
2022-04-29,Washington,Arkansas,05143,68505,619.0,239187.0
2022-04-30,Washington,Arkansas,05143,68517,619.0,239187.0
2021-12-01,Butte,California,06007,25476,318.0,219186.0
2021-12-02,Butte,California,06007,25570,318.0,219186.0
2021-12-03,Butte,California,06007,25608,318.0,219186.0
2021-12-04,Butte,California,06007,25608,318.0,219186.0
2021-12-05,Butte,California,06007,25608,318.0,219186.0
2021-12-06,Butte,California,06007,25690,320.0,219186.0
2021-12-07,Butte,California,06007,25702,321.0,219186.0
2021-12-08,Butte,California,06007,25731,324.0,219186.0
2021-12-09,Butte,California,06007,25791,326.0,219186.0
2021-12-10,Butte,California,06007,25830,326.0,219186.0
2021-12-11,Butte,California,06007,25830,326.0,219186.0
2021-12-12,Butte,California,06007,25830,326.0,219186.0
2021-12-13,Butte,California,06007,25885,326.0,219186.0
2021-12-14,Butte,California,06007,25900,326.0,219186.0
2021-12-15,Butte,California,06007,25912,326.0,219186.0
2021-12-16,Butte,California,06007,25945,327.0,219186.0
2021-12-17,Butte,California,06007,25979,328.0,219186.0
2021-12-18,Butte,California,06007,25979,328.0,219186.0
2021-12-19,Butte,California,06007,25979,328.0,219186.0
2021-12-20,Butte,California,06007,26045,329.0,219186.0
2021-12-21,Butte,California,06007,26053,329.0,219186.0
2021-12-22,Butte,California,06007,26064,330.0,219186.0
2021-12-23,Butte,California,06007,26106,330.0,219186.0
2021-12-24,Butte,California,06007,26123,330.0,219186.0
2021-12-25,Butte,California,06007,26123,330.0,219186.0
2021-12-26,Butte,California,06007,26123,330.0,219186.0
2021-12-27,Butte,California,06007,26123,330.0,219186.0
2021-12-28,Butte,California,06007,26270,335.0,219186.0
2021-12-29,Butte,California,06007,26321,338.0,219186.0
2021-12-30,Butte,California,06007,26491,338.0,219186.0
2021-12-31,Butte,California,06007,26607,341.0,219186.0
2022-01-01,Butte,California,06007,26607,341.0,219186.0
2022-01-02,Butte,California,06007,26607,341.0,219186.0
2022-01-03,Butte,California,06007,26607,341.0,219186.0
2022-01-04,Butte,California,06007,27062,345.0,219186.0
2022-01-05,Butte,California,06007,27232,346.0,219186.0
2022-01-06,Butte,California,06007,27490,343.0,219186.0
2022-01-07,Butte,California,06007,27785,347.0,219186.0
2022-01-08,Butte,California,06007,27785,347.0,219186.0
2022-01-09,Butte,California,06007,27785,347.0,219186.0
2022-01-10,Butte,California,06007,28374,347.0,219186.0
2022-01-11,Butte,California,06007,28573,347.0,219186.0
2022-01-12,Butte,California,06007,28835,347.0,219186.0
2022-01-13,Butte,California,06007,29391,348.0,219186.0
2022-01-14,Butte,California,06007,29792,348.0,219186.0
2022-01-15,Butte,California,06007,29792,348.0,219186.0
2022-01-16,Butte,California,06007,29792,348.0,219186.0
2022-01-17,Butte,California,06007,30899,348.0,219186.0
2022-01-18,Butte,California,06007,31063,348.0,219186.0
2022-01-19,Butte,California,06007,31274,347.0,219186.0
2022-01-20,Butte,California,06007,32091,351.0,219186.0
2022-01-21,Butte,California,06007,32484,350.0,219186.0
2022-01-22,Butte,California,06007,32484,350.0,219186.0
2022-01-23,Butte,California,06007,32484,350.0,219186.0
2022-01-24,Butte,California,06007,33592,350.0,219186.0
2022-01-25,Butte,California,06007,33859,350.0,219186.0
2022-01-26,Butte,California,06007,34139,351.0,219186.0
2022-01-27,Butte,California,06007,34976,353.0,219186.0
2022-01-28,Butte,California,06007,35304,353.0,219186.0
2022-01-29,Butte,California,06007,35304,353.0,219186.0
2022-01-30,Butte,California,06007,35304,353.0,219186.0
2022-01-31,Butte,California,06007,36002,354.0,219186.0
2022-02-01,Butte,California,06007,36118,354.0,219186.0
2022-02-02,Butte,California,06007,36243,355.0,219186.0
2022-02-03,Butte,California,06007,36743,355.0,219186.0
2022-02-04,Butte,California,06007,36926,355.0,219186.0
2022-02-05,Butte,California,06007,36926,355.0,219186.0
2022-02-06,Butte,California,06007,36926,355.0,219186.0
2022-02-07,Butte,California,06007,37214,355.0,219186.0
2022-02-08,Butte,California,06007,37377,355.0,219186.0
2022-02-09,Butte,California,06007,37546,359.0,219186.0
2022-02-10,Butte,California,06007,37734,359.0,219186.0
2022-02-11,Butte,California,06007,37902,360.0,219186.0
2022-02-12,Butte,California,06007,37902,360.0,219186.0
2022-02-13,Butte,California,06007,37902,360.0,219186.0
2022-02-14,Butte,California,06007,38166,360.0,219186.0
2022-02-15,Butte,California,06007,38247,360.0,219186.0
2022-02-16,Butte,California,06007,38312,361.0,219186.0
2022-02-17,Butte,California,06007,38565,363.0,219186.0
2022-02-18,Butte,California,06007,38643,364.0,219186.0
2022-02-19,Butte,California,06007,38643,364.0,219186.0
2022-02-20,Butte,California,06007,38643,364.0,219186.0
2022-02-21,Butte,California,06007,38643,364.0,219186.0
2022-02-22,Butte,California,06007,38826,366.0,219186.0
2022-02-23,Butte,California,06007,38829,366.0,219186.0
2022-02-24,Butte,California,06007,38951,367.0,219186.0
2022-02-25,Butte,California,06007,39000,368.0,219186.0
2022-02-26,Butte,California,06007,39000,368.0,219186.0
2022-02-27,Butte,California,06007,39000,368.0,219186.0
2022-02-28,Butte,California,06007,39085,368.0,219186.0
2022-03-01,Butte,California,06007,39084,368.0,219186.0
2022-03-02,Butte,California,06007,39109,372.0,219186.0
2022-03-03,Butte,California,06007,39212,372.0,219186.0
2022-03-04,Butte,California,06007,39239,372.0,219186.0
2022-03-05,Butte,California,06007,39239,372.0,219186.0
2022-03-06,Butte,California,06007,39239,372.0,219186.0
2022-03-07,Butte,California,06007,39290,376.0,219186.0
2022-03-08,Butte,California,06007,39310,378.0,219186.0
2022-03-09,Butte,California,06007,39335,380.0,219186.0
2022-03-10,Butte,California,06007,39389,380.0,219186.0
2022-03-11,Butte,California,06007,39396,380.0,219186.0
2022-03-12,Butte,California,06007,39396,380.0,219186.0
2022-03-13,Butte,California,06007,39396,380.0,219186.0
2022-03-14,Butte,California,06007,39428,384.0,219186.0
2022-03-15,Butte,California,06007,39434,385.0,219186.0
2022-03-16,Butte,California,06007,39444,385.0,219186.0
2022-03-17,Butte,California,06007,39464,385.0,219186.0
2022-03-18,Butte,California,06007,39483,385.0,219186.0
2022-03-19,Butte,California,06007,39483,385.0,219186.0
2022-03-20,Butte,California,06007,39483,385.0,219186.0
2022-03-21,Butte,California,06007,39519,385.0,219186.0
2022-03-22,Butte,California,06007,39522,385.0,219186.0
2022-03-23,Butte,California,06007,39534,387.0,219186.0
2022-03-24,Butte,California,06007,39566,387.0,219186.0
2022-03-25,Butte,California,06007,39575,391.0,219186.0
2022-03-26,Butte,California,06007,39575,391.0,219186.0
2022-03-27,Butte,California,06007,39575,391.0,219186.0
2022-03-28,Butte,California,06007,39589,392.0,219186.0
2022-03-29,Butte,California,06007,39593,392.0,219186.0
2022-03-30,Butte,California,06007,39600,396.0,219186.0
2022-03-31,Butte,California,06007,39630,396.0,219186.0
2022-04-01,Butte,California,06007,39643,396.0,219186.0
2022-04-02,Butte,California,06007,39643,396.0,219186.0
2022-04-03,Butte,California,06007,39643,396.0,219186.0
2022-04-04,Butte,California,06007,39643,396.0,219186.0
2022-04-05,Butte,California,06007,39659,396.0,219186.0
2022-04-06,Butte,California,06007,39659,396.0,219186.0
2022-04-07,Butte,California,06007,39659,396.0,219186.0
2022-04-08,Butte,California,06007,39693,399.0,219186.0
2022-04-09,Butte,California,06007,39693,399.0,219186.0
2022-04-10,Butte,California,06007,39693,399.0,219186.0
2022-04-11,Butte,California,06007,39693,399.0,219186.0
2022-04-12,Butte,California,06007,39693,399.0,219186.0
2022-04-13,Butte,California,06007,39693,399.0,219186.0
2022-04-14,Butte,California,06007,39727,402.0,219186.0
2022-04-15,Butte,California,06007,39736,405.0,219186.0
2022-04-16,Butte,California,06007,39736,405.0,219186.0
2022-04-17,Butte,California,06007,39736,405.0,219186.0
2022-04-18,Butte,California,06007,39736,405.0,219186.0
2022-04-19,Butte,California,06007,39766,408.0,219186.0
2022-04-20,Butte,California,06007,39766,408.0,219186.0
2022-04-21,Butte,California,06007,39766,408.0,219186.0
2022-04-22,Butte,California,06007,39809,411.0,219186.0
2022-04-23,Butte,California,06007,39809,411.0,219186.0
2022-04-24,Butte,California,06007,39809,411.0,219186.0
2022-04-25,Butte,California,06007,39809,411.0,219186.0
2022-04-26,Butte,California,06007,39822,411.0,219186.0
2022-04-27,Butte,California,06007,39822,411.0,219186.0
2022-04-28,Butte,California,06007,39822,411.0,219186.0
2022-04-29,Butte,California,06007,39908,418.0,219186.0
2022-04-30,Butte,California,06007,39908,418.0,219186.0
2021-12-01,Humboldt,California,06023,10183,119.0,135558.0
2021-12-02,Humboldt,California,06023,10271,119.0,135558.0
2021-12-03,Humboldt,California,06023,10294,119.0,135558.0
2021-12-04,Humboldt,California,06023,10294,119.0,135558.0
2021-12-05,Humboldt,California,06023,10294,119.0,135558.0
2021-12-06,Humboldt,California,06023,10360,119.0,135558.0
2021-12-07,Humboldt,California,06023,10369,119.0,135558.0
2021-12-08,Humboldt,California,06023,10391,120.0,135558.0
2021-12-09,Humboldt,California,06023,10438,120.0,135558.0
2021-12-10,Humboldt,California,06023,10455,120.0,135558.0
2021-12-11,Humboldt,California,06023,10455,120.0,135558.0
2021-12-12,Humboldt,California,06023,10455,120.0,135558.0
2021-12-13,Humboldt,California,06023,10538,120.0,135558.0
2021-12-14,Humboldt,California,06023,10555,120.0,135558.0
2021-12-15,Humboldt,California,06023,10570,120.0,135558.0
2021-12-16,Humboldt,California,06023,10609,120.0,135558.0
2021-12-17,Humboldt,California,06023,10644,120.0,135558.0
2021-12-18,Humboldt,California,06023,10644,120.0,135558.0
2021-12-19,Humboldt,California,06023,10644,120.0,135558.0
2021-12-20,Humboldt,California,06023,10712,121.0,135558.0
2021-12-21,Humboldt,California,06023,10728,122.0,135558.0
2021-12-22,Humboldt,California,06023,10744,122.0,135558.0
2021-12-23,Humboldt,California,06023,10802,122.0,135558.0
2021-12-24,Humboldt,California,06023,10832,122.0,135558.0
2021-12-25,Humboldt,California,06023,10832,122.0,135558.0
2021-12-26,Humboldt,California,06023,10832,122.0,135558.0
2021-12-27,Humboldt,California,06023,10836,122.0,135558.0
2021-12-28,Humboldt,California,06023,10944,122.0,135558.0
2021-12-29,Humboldt,California,06023,10978,122.0,135558.0
2021-12-30,Humboldt,California,06023,11065,122.0,135558.0
2021-12-31,Humboldt,California,06023,11197,122.0,135558.0
2022-01-01,Humboldt,California,06023,11197,122.0,135558.0
2022-01-02,Humboldt,California,06023,11197,122.0,135558.0
2022-01-03,Humboldt,California,06023,11352,123.0,135558.0
2022-01-04,Humboldt,California,06023,11600,123.0,135558.0
2022-01-05,Humboldt,California,06023,11681,124.0,135558.0
2022-01-06,Humboldt,California,06023,11901,124.0,135558.0
2022-01-07,Humboldt,California,06023,12112,124.0,135558.0
2022-01-08,Humboldt,California,06023,12112,124.0,135558.0
2022-01-09,Humboldt,California,06023,12112,124.0,135558.0
2022-01-10,Humboldt,California,06023,12545,124.0,135558.0
2022-01-11,Humboldt,California,06023,12741,125.0,135558.0
2022-01-12,Humboldt,California,06023,12923,126.0,135558.0
2022-01-13,Humboldt,California,06023,13463,128.0,135558.0
2022-01-14,Humboldt,California,06023,13801,128.0,135558.0
2022-01-15,Humboldt,California,06023,13801,128.0,135558.0
2022-01-16,Humboldt,California,06023,13801,128.0,135558.0
2022-01-17,Humboldt,California,06023,14457,128.0,135558.0
2022-01-18,Humboldt,California,06023,14502,128.0,135558.0
2022-01-19,Humboldt,California,06023,14600,128.0,135558.0
2022-01-20,Humboldt,California,06023,15234,129.0,135558.0
2022-01-21,Humboldt,California,06023,15471,129.0,135558.0
2022-01-22,Humboldt,California,06023,15471,129.0,135558.0
2022-01-23,Humboldt,California,06023,15471,129.0,135558.0
2022-01-24,Humboldt,California,06023,16139,129.0,135558.0
2022-01-25,Humboldt,California,06023,16259,129.0,135558.0
2022-01-26,Humboldt,California,06023,16453,129.0,135558.0
2022-01-27,Humboldt,California,06023,17082,129.0,135558.0
2022-01-28,Humboldt,California,06023,17179,129.0,135558.0
2022-01-29,Humboldt,California,06023,17179,129.0,135558.0
2022-01-30,Humboldt,California,06023,17179,129.0,135558.0
2022-01-31,Humboldt,California,06023,17614,130.0,135558.0
2022-02-01,Humboldt,California,06023,17675,131.0,135558.0
2022-02-02,Humboldt,California,06023,17721,131.0,135558.0
2022-02-03,Humboldt,California,06023,18069,131.0,135558.0
2022-02-04,Humboldt,California,06023,18191,132.0,135558.0
2022-02-05,Humboldt,California,06023,18191,132.0,135558.0
2022-02-06,Humboldt,California,06023,18191,132.0,135558.0
2022-02-07,Humboldt,California,06023,18335,133.0,135558.0
2022-02-08,Humboldt,California,06023,18441,134.0,135558.0
2022-02-09,Humboldt,California,06023,18542,135.0,135558.0
2022-02-10,Humboldt,California,06023,18698,135.0,135558.0
2022-02-11,Humboldt,California,06023,18827,135.0,135558.0
2022-02-12,Humboldt,California,06023,18827,135.0,135558.0
2022-02-13,Humboldt,California,06023,18827,135.0,135558.0
2022-02-14,Humboldt,California,06023,18979,135.0,135558.0
2022-02-15,Humboldt,California,06023,19033,135.0,135558.0
2022-02-16,Humboldt,California,06023,19066,135.0,135558.0
2022-02-17,Humboldt,California,06023,19151,135.0,135558.0
2022-02-18,Humboldt,California,06023,19202,136.0,135558.0
2022-02-19,Humboldt,California,06023,19202,136.0,135558.0
2022-02-20,Humboldt,California,06023,19202,136.0,135558.0
2022-02-21,Humboldt,California,06023,19202,136.0,135558.0
2022-02-22,Humboldt,California,06023,19382,136.0,135558.0
2022-02-23,Humboldt,California,06023,19434,137.0,135558.0
2022-02-24,Humboldt,California,06023,19493,138.0,135558.0
2022-02-25,Humboldt,California,06023,19511,138.0,135558.0
2022-02-26,Humboldt,California,06023,19511,138.0,135558.0
2022-02-27,Humboldt,California,06023,19511,138.0,135558.0
2022-02-28,Humboldt,California,06023,19605,138.0,135558.0
2022-03-01,Humboldt,California,06023,19609,138.0,135558.0
2022-03-02,Humboldt,California,06023,19621,139.0,135558.0
2022-03-03,Humboldt,California,06023,19654,139.0,135558.0
2022-03-04,Humboldt,California,06023,19698,140.0,135558.0
2022-03-05,Humboldt,California,06023,19698,140.0,135558.0
2022-03-06,Humboldt,California,06023,19698,140.0,135558.0
2022-03-07,Humboldt,California,06023,19763,140.0,135558.0
2022-03-08,Humboldt,California,06023,19763,140.0,135558.0
2022-03-09,Humboldt,California,06023,19813,140.0,135558.0
2022-03-10,Humboldt,California,06023,19813,140.0,135558.0
2022-03-11,Humboldt,California,06023,19849,140.0,135558.0
2022-03-12,Humboldt,California,06023,19849,140.0,135558.0
2022-03-13,Humboldt,California,06023,19849,140.0,135558.0
2022-03-14,Humboldt,California,06023,19849,140.0,135558.0
2022-03-15,Humboldt,California,06023,19849,140.0,135558.0
2022-03-16,Humboldt,California,06023,19940,141.0,135558.0
2022-03-17,Humboldt,California,06023,19940,141.0,135558.0
2022-03-18,Humboldt,California,06023,19940,141.0,135558.0
2022-03-19,Humboldt,California,06023,19940,141.0,135558.0
2022-03-20,Humboldt,California,06023,19940,141.0,135558.0
2022-03-21,Humboldt,California,06023,19940,141.0,135558.0
2022-03-22,Humboldt,California,06023,19940,141.0,135558.0
2022-03-23,Humboldt,California,06023,20002,139.0,135558.0
2022-03-24,Humboldt,California,06023,20002,139.0,135558.0
2022-03-25,Humboldt,California,06023,20002,139.0,135558.0
2022-03-26,Humboldt,California,06023,20002,139.0,135558.0
2022-03-27,Humboldt,California,06023,20002,139.0,135558.0
2022-03-28,Humboldt,California,06023,20002,140.0,135558.0
2022-03-29,Humboldt,California,06023,20002,140.0,135558.0
2022-03-30,Humboldt,California,06023,20002,140.0,135558.0
2022-03-31,Humboldt,California,06023,20002,140.0,135558.0
2022-04-01,Humboldt,California,06023,20002,140.0,135558.0
2022-04-02,Humboldt,California,06023,20002,140.0,135558.0
2022-04-03,Humboldt,California,06023,20002,140.0,135558.0
2022-04-04,Humboldt,California,06023,20002,140.0,135558.0
2022-04-05,Humboldt,California,06023,20002,140.0,135558.0
2022-04-06,Humboldt,California,06023,20002,140.0,135558.0
2022-04-07,Humboldt,California,06023,20098,141.0,135558.0
2022-04-08,Humboldt,California,06023,20098,141.0,135558.0
2022-04-09,Humboldt,California,06023,20098,141.0,135558.0
2022-04-10,Humboldt,California,06023,20098,141.0,135558.0
2022-04-11,Humboldt,California,06023,20098,141.0,135558.0
2022-04-12,Humboldt,California,06023,20098,141.0,135558.0
2022-04-13,Humboldt,California,06023,20134,143.0,135558.0
2022-04-14,Humboldt,California,06023,20134,143.0,135558.0
2022-04-15,Humboldt,California,06023,20134,143.0,135558.0
2022-04-16,Humboldt,California,06023,20134,143.0,135558.0
2022-04-17,Humboldt,California,06023,20134,143.0,135558.0
2022-04-18,Humboldt,California,06023,20134,143.0,135558.0
2022-04-19,Humboldt,California,06023,20134,145.0,135558.0
2022-04-20,Humboldt,California,06023,20214,145.0,135558.0
2022-04-21,Humboldt,California,06023,20214,145.0,135558.0
2022-04-22,Humboldt,California,06023,20214,145.0,135558.0
2022-04-23,Humboldt,California,06023,20214,145.0,135558.0
2022-04-24,Humboldt,California,06023,20214,145.0,135558.0
2022-04-25,Humboldt,California,06023,20214,145.0,135558.0
2022-04-26,Humboldt,California,06023,20214,145.0,135558.0
2022-04-27,Humboldt,California,06023,20380,145.0,135558.0
2022-04-28,Humboldt,California,06023,20380,145.0,135558.0
2022-04-29,Humboldt,California,06023,20380,145.0,135558.0
2022-04-30,Humboldt,California,06023,20380,145.0,135558.0
2021-12-01,Orange,California,06059,334626,5736.0,3175692.0
2021-12-02,Orange,California,06059,334940,5749.0,3175692.0
2021-12-03,Orange,California,06059,335296,5756.0,3175692.0
2021-12-04,Orange,California,06059,335296,5756.0,3175692.0
2021-12-05,Orange,California,06059,335296,5756.0,3175692.0
2021-12-06,Orange,California,06059,336739,5771.0,3175692.0
2021-12-07,Orange,California,06059,337045,5783.0,3175692.0
2021-12-08,Orange,California,06059,337328,5796.0,3175692.0
2021-12-09,Orange,California,06059,337623,5806.0,3175692.0
2021-12-10,Orange,California,06059,337937,5814.0,3175692.0
2021-12-11,Orange,California,06059,337937,5814.0,3175692.0
2021-12-12,Orange,California,06059,337937,5814.0,3175692.0
2021-12-13,Orange,California,06059,339106,5825.0,3175692.0
2021-12-14,Orange,California,06059,339305,5829.0,3175692.0
2021-12-15,Orange,California,06059,339619,5839.0,3175692.0
2021-12-16,Orange,California,06059,339935,5846.0,3175692.0
2021-12-17,Orange,California,06059,340384,5851.0,3175692.0
2021-12-18,Orange,California,06059,340384,5851.0,3175692.0
2021-12-19,Orange,California,06059,340384,5851.0,3175692.0
2021-12-20,Orange,California,06059,341739,5853.0,3175692.0
2021-12-21,Orange,California,06059,342391,5857.0,3175692.0
2021-12-22,Orange,California,06059,343448,5859.0,3175692.0
2021-12-23,Orange,California,06059,344103,5864.0,3175692.0
2021-12-24,Orange,California,06059,344103,5864.0,3175692.0
2021-12-25,Orange,California,06059,344103,5864.0,3175692.0
2021-12-26,Orange,California,06059,344103,5864.0,3175692.0
2021-12-27,Orange,California,06059,350578,5877.0,3175692.0
2021-12-28,Orange,California,06059,351565,5883.0,3175692.0
2021-12-29,Orange,California,06059,354314,5888.0,3175692.0
2021-12-30,Orange,California,06059,357716,5890.0,3175692.0
2021-12-31,Orange,California,06059,358569,5890.0,3175692.0
2022-01-01,Orange,California,06059,358569,5890.0,3175692.0
2022-01-02,Orange,California,06059,358569,5890.0,3175692.0
2022-01-03,Orange,California,06059,373143,5895.0,3175692.0
2022-01-04,Orange,California,06059,379073,5897.0,3175692.0
2022-01-05,Orange,California,06059,383719,5901.0,3175692.0
2022-01-06,Orange,California,06059,389985,5903.0,3175692.0
2022-01-07,Orange,California,06059,397186,5906.0,3175692.0
2022-01-08,Orange,California,06059,397186,5906.0,3175692.0
2022-01-09,Orange,California,06059,397186,5906.0,3175692.0
2022-01-10,Orange,California,06059,422625,5908.0,3175692.0
2022-01-11,Orange,California,06059,428232,5911.0,3175692.0
2022-01-12,Orange,California,06059,439765,5914.0,3175692.0
2022-01-13,Orange,California,06059,451612,5916.0,3175692.0
2022-01-14,Orange,California,06059,459016,5921.0,3175692.0
2022-01-15,Orange,California,06059,459016,5921.0,3175692.0
2022-01-16,Orange,California,06059,459016,5921.0,3175692.0
2022-01-17,Orange,California,06059,477837,5932.0,3175692.0
2022-01-18,Orange,California,06059,483293,5938.0,3175692.0
2022-01-19,Orange,California,06059,487199,5941.0,3175692.0
2022-01-20,Orange,California,06059,498022,5946.0,3175692.0
2022-01-21,Orange,California,06059,509891,5953.0,3175692.0
2022-01-22,Orange,California,06059,509891,5953.0,3175692.0
2022-01-23,Orange,California,06059,509891,5953.0,3175692.0
2022-01-24,Orange,California,06059,528530,5970.0,3175692.0
2022-01-25,Orange,California,06059,531196,5978.0,3175692.0
2022-01-26,Orange,California,06059,533836,6006.0,3175692.0
2022-01-27,Orange,California,06059,538115,6037.0,3175692.0
2022-01-28,Orange,California,06059,542951,6066.0,3175692.0
2022-01-29,Orange,California,06059,542951,6066.0,3175692.0
2022-01-30,Orange,California,06059,542951,6066.0,3175692.0
2022-01-31,Orange,California,06059,553030,6100.0,3175692.0
2022-02-01,Orange,California,06059,554054,6110.0,3175692.0
2022-02-02,Orange,California,06059,555437,6126.0,3175692.0
2022-02-03,Orange,California,06059,563960,6140.0,3175692.0
2022-02-04,Orange,California,06059,567058,6152.0,3175692.0
2022-02-05,Orange,California,06059,567058,6152.0,3175692.0
2022-02-06,Orange,California,06059,567058,6152.0,3175692.0
2022-02-07,Orange,California,06059,567448,6180.0,3175692.0
2022-02-08,Orange,California,06059,570984,6205.0,3175692.0
2022-02-09,Orange,California,06059,573049,6265.0,3175692.0
2022-02-10,Orange,California,06059,574435,6308.0,3175692.0
2022-02-11,Orange,California,06059,574622,6308.0,3175692.0
2022-02-12,Orange,California,06059,574622,6308.0,3175692.0
2022-02-13,Orange,California,06059,574622,6308.0,3175692.0
2022-02-14,Orange,California,06059,576253,6358.0,3175692.0
2022-02-15,Orange,California,06059,577043,6376.0,3175692.0
2022-02-16,Orange,California,06059,577597,6395.0,3175692.0
2022-02-17,Orange,California,06059,578359,6419.0,3175692.0
2022-02-18,Orange,California,06059,578444,6450.0,3175692.0
2022-02-19,Orange,California,06059,578444,6450.0,3175692.0
2022-02-20,Orange,California,06059,578444,6450.0,3175692.0
2022-02-21,Orange,California,06059,578444,6450.0,3175692.0
2022-02-22,Orange,California,06059,579493,6505.0,3175692.0
2022-02-23,Orange,California,06059,579815,6524.0,3175692.0
2022-02-24,Orange,California,06059,580144,6544.0,3175692.0
2022-02-25,Orange,California,06059,580505,6570.0,3175692.0
2022-02-26,Orange,California,06059,580505,6570.0,3175692.0
2022-02-27,Orange,California,06059,580505,6570.0,3175692.0
2022-02-28,Orange,California,06059,581172,6609.0,3175692.0
2022-03-01,Orange,California,06059,581352,6617.0,3175692.0
2022-03-02,Orange,California,06059,581567,6628.0,3175692.0
2022-03-03,Orange,California,06059,582034,6643.0,3175692.0
2022-03-04,Orange,California,06059,582267,6658.0,3175692.0
2022-03-05,Orange,California,06059,582267,6658.0,3175692.0
2022-03-06,Orange,California,06059,582267,6658.0,3175692.0
2022-03-07,Orange,California,06059,582707,6689.0,3175692.0
2022-03-08,Orange,California,06059,582832,6696.0,3175692.0
2022-03-09,Orange,California,06059,582968,6704.0,3175692.0
2022-03-10,Orange,California,06059,583343,6721.0,3175692.0
2022-03-11,Orange,California,06059,583419,6740.0,3175692.0
2022-03-12,Orange,California,06059,583419,6740.0,3175692.0
2022-03-13,Orange,California,06059,583419,6740.0,3175692.0
2022-03-14,Orange,California,06059,584101,6778.0,3175692.0
2022-03-15,Orange,California,06059,584164,6783.0,3175692.0
2022-03-16,Orange,California,06059,584262,6794.0,3175692.0
2022-03-17,Orange,California,06059,584517,6820.0,3175692.0
2022-03-18,Orange,California,06059,585098,6828.0,3175692.0
2022-03-19,Orange,California,06059,585098,6828.0,3175692.0
2022-03-20,Orange,California,06059,585098,6828.0,3175692.0
2022-03-21,Orange,California,06059,586053,6843.0,3175692.0
2022-03-22,Orange,California,06059,586134,6846.0,3175692.0
2022-03-23,Orange,California,06059,586266,6856.0,3175692.0
2022-03-24,Orange,California,06059,586392,6857.0,3175692.0
2022-03-25,Orange,California,06059,586528,6860.0,3175692.0
2022-03-26,Orange,California,06059,586528,6860.0,3175692.0
2022-03-27,Orange,California,06059,586528,6860.0,3175692.0
2022-03-28,Orange,California,06059,586878,6864.0,3175692.0
2022-03-29,Orange,California,06059,586934,6875.0,3175692.0
2022-03-30,Orange,California,06059,587066,6880.0,3175692.0
2022-03-31,Orange,California,06059,587256,6884.0,3175692.0
2022-04-01,Orange,California,06059,587408,6886.0,3175692.0
2022-04-02,Orange,California,06059,587408,6886.0,3175692.0
2022-04-03,Orange,California,06059,587408,6886.0,3175692.0
2022-04-04,Orange,California,06059,587408,6891.0,3175692.0
2022-04-05,Orange,California,06059,587852,6901.0,3175692.0
2022-04-06,Orange,California,06059,587852,6910.0,3175692.0
2022-04-07,Orange,California,06059,587852,6919.0,3175692.0
2022-04-08,Orange,California,06059,588344,6927.0,3175692.0
2022-04-09,Orange,California,06059,588344,6927.0,3175692.0
2022-04-10,Orange,California,06059,588344,6927.0,3175692.0
2022-04-11,Orange,California,06059,588344,6927.0,3175692.0
2022-04-12,Orange,California,06059,588344,6937.0,3175692.0
2022-04-13,Orange,California,06059,588344,6937.0,3175692.0
2022-04-14,Orange,California,06059,589475,6937.0,3175692.0
2022-04-15,Orange,California,06059,590003,6958.0,3175692.0
2022-04-16,Orange,California,06059,590003,6958.0,3175692.0
2022-04-17,Orange,California,06059,590003,6958.0,3175692.0
2022-04-18,Orange,California,06059,590003,6958.0,3175692.0
2022-04-19,Orange,California,06059,590828,6966.0,3175692.0
2022-04-20,Orange,California,06059,590828,6966.0,3175692.0
2022-04-21,Orange,California,06059,590828,6966.0,3175692.0
2022-04-22,Orange,California,06059,591778,6990.0,3175692.0
2022-04-23,Orange,California,06059,591778,6990.0,3175692.0
2022-04-24,Orange,California,06059,591778,6990.0,3175692.0
2022-04-25,Orange,California,06059,591778,6990.0,3175692.0
2022-04-26,Orange,California,06059,592872,6997.0,3175692.0
2022-04-27,Orange,California,06059,592872,6997.0,3175692.0
2022-04-28,Orange,California,06059,592872,6997.0,3175692.0
2022-04-29,Orange,California,06059,594132,7007.0,3175692.0
2022-04-30,Orange,California,06059,594132,7007.0,3175692.0
2021-12-01,San Luis Obispo,California,06079,31511,365.0,283111.0
2021-12-02,San Luis Obispo,California,06079,31587,365.0,283111.0
2021-12-03,San Luis Obispo,California,06079,31667,365.0,283111.0
2021-12-04,San Luis Obispo,California,06079,31667,365.0,283111.0
2021-12-05,San Luis Obispo,California,06079,31667,365.0,283111.0
2021-12-06,San Luis Obispo,California,06079,31803,365.0,283111.0
2021-12-07,San Luis Obispo,California,06079,31813,365.0,283111.0
2021-12-08,San Luis Obispo,California,06079,31844,365.0,283111.0
2021-12-09,San Luis Obispo,California,06079,31892,365.0,283111.0
2021-12-10,San Luis Obispo,California,06079,31940,366.0,283111.0
2021-12-11,San Luis Obispo,California,06079,31940,366.0,283111.0
2021-12-12,San Luis Obispo,California,06079,31940,366.0,283111.0
2021-12-13,San Luis Obispo,California,06079,32092,366.0,283111.0
2021-12-14,San Luis Obispo,California,06079,32119,367.0,283111.0
2021-12-15,San Luis Obispo,California,06079,32126,367.0,283111.0
2021-12-16,San Luis Obispo,California,06079,32178,367.0,283111.0
2021-12-17,San Luis Obispo,California,06079,32267,367.0,283111.0
2021-12-18,San Luis Obispo,California,06079,32267,367.0,283111.0
2021-12-19,San Luis Obispo,California,06079,32267,367.0,283111.0
2021-12-20,San Luis Obispo,California,06079,32429,367.0,283111.0
2021-12-21,San Luis Obispo,California,06079,32469,367.0,283111.0
2021-12-22,San Luis Obispo,California,06079,32497,367.0,283111.0
2021-12-23,San Luis Obispo,California,06079,32617,367.0,283111.0
2021-12-24,San Luis Obispo,California,06079,32732,367.0,283111.0
2021-12-25,San Luis Obispo,California,06079,32732,367.0,283111.0
2021-12-26,San Luis Obispo,California,06079,32732,367.0,283111.0
2021-12-27,San Luis Obispo,California,06079,32732,367.0,283111.0
2021-12-28,San Luis Obispo,California,06079,33113,367.0,283111.0
2021-12-29,San Luis Obispo,California,06079,33201,367.0,283111.0
2021-12-30,San Luis Obispo,California,06079,33451,367.0,283111.0
2021-12-31,San Luis Obispo,California,06079,33857,367.0,283111.0
2022-01-01,San Luis Obispo,California,06079,33857,367.0,283111.0
2022-01-02,San Luis Obispo,California,06079,33857,367.0,283111.0
2022-01-03,San Luis Obispo,California,06079,33857,367.0,283111.0
2022-01-04,San Luis Obispo,California,06079,35182,367.0,283111.0
2022-01-05,San Luis Obispo,California,06079,35303,371.0,283111.0
2022-01-06,San Luis Obispo,California,06079,35764,369.0,283111.0
2022-01-07,San Luis Obispo,California,06079,36187,369.0,283111.0
2022-01-08,San Luis Obispo,California,06079,36187,369.0,283111.0
2022-01-09,San Luis Obispo,California,06079,36187,369.0,283111.0
2022-01-10,San Luis Obispo,California,06079,37989,371.0,283111.0
2022-01-11,San Luis Obispo,California,06079,38316,371.0,283111.0
2022-01-12,San Luis Obispo,California,06079,38881,372.0,283111.0
2022-01-13,San Luis Obispo,California,06079,39929,373.0,283111.0
2022-01-14,San Luis Obispo,California,06079,40433,374.0,283111.0
2022-01-15,San Luis Obispo,California,06079,40433,374.0,283111.0
2022-01-16,San Luis Obispo,California,06079,40433,374.0,283111.0
2022-01-17,San Luis Obispo,California,06079,42315,379.0,283111.0
2022-01-18,San Luis Obispo,California,06079,42627,379.0,283111.0
2022-01-19,San Luis Obispo,California,06079,43050,381.0,283111.0
2022-01-20,San Luis Obispo,California,06079,44277,382.0,283111.0
2022-01-21,San Luis Obispo,California,06079,45057,385.0,283111.0
2022-01-22,San Luis Obispo,California,06079,45057,385.0,283111.0
2022-01-23,San Luis Obispo,California,06079,45057,385.0,283111.0
2022-01-24,San Luis Obispo,California,06079,47086,386.0,283111.0
2022-01-25,San Luis Obispo,California,06079,47519,387.0,283111.0
2022-01-26,San Luis Obispo,California,06079,48033,391.0,283111.0
2022-01-27,San Luis Obispo,California,06079,48980,391.0,283111.0
2022-01-28,San Luis Obispo,California,06079,49638,391.0,283111.0
2022-01-29,San Luis Obispo,California,06079,49638,391.0,283111.0
2022-01-30,San Luis Obispo,California,06079,49638,391.0,283111.0
2022-01-31,San Luis Obispo,California,06079,50863,394.0,283111.0
2022-02-01,San Luis Obispo,California,06079,50920,395.0,283111.0
2022-02-02,San Luis Obispo,California,06079,51106,403.0,283111.0
2022-02-03,San Luis Obispo,California,06079,51785,403.0,283111.0
2022-02-04,San Luis Obispo,California,06079,52027,404.0,283111.0
2022-02-05,San Luis Obispo,California,06079,52027,404.0,283111.0
2022-02-06,San Luis Obispo,California,06079,52027,404.0,283111.0
2022-02-07,San Luis Obispo,California,06079,52509,405.0,283111.0
2022-02-08,San Luis Obispo,California,06079,52660,406.0,283111.0
2022-02-09,San Luis Obispo,California,06079,53222,410.0,283111.0
2022-02-10,San Luis Obispo,California,06079,53668,410.0,283111.0
2022-02-11,San Luis Obispo,California,06079,53899,416.0,283111.0
2022-02-12,San Luis Obispo,California,06079,53899,416.0,283111.0
2022-02-13,San Luis Obispo,California,06079,53899,416.0,283111.0
2022-02-14,San Luis Obispo,California,06079,54219,415.0,283111.0
2022-02-15,San Luis Obispo,California,06079,54300,416.0,283111.0
2022-02-16,San Luis Obispo,California,06079,54369,419.0,283111.0
2022-02-17,San Luis Obispo,California,06079,54295,425.0,283111.0
2022-02-18,San Luis Obispo,California,06079,54414,424.0,283111.0
2022-02-19,San Luis Obispo,California,06079,54414,424.0,283111.0
2022-02-20,San Luis Obispo,California,06079,54414,424.0,283111.0
2022-02-21,San Luis Obispo,California,06079,54414,424.0,283111.0
2022-02-22,San Luis Obispo,California,06079,54775,429.0,283111.0
2022-02-23,San Luis Obispo,California,06079,54784,431.0,283111.0
2022-02-24,San Luis Obispo,California,06079,54900,434.0,283111.0
2022-02-25,San Luis Obispo,California,06079,54994,438.0,283111.0
2022-02-26,San Luis Obispo,California,06079,54994,438.0,283111.0
2022-02-27,San Luis Obispo,California,06079,54994,438.0,283111.0
2022-02-28,San Luis Obispo,California,06079,55200,439.0,283111.0
2022-03-01,San Luis Obispo,California,06079,55201,440.0,283111.0
2022-03-02,San Luis Obispo,California,06079,55228,445.0,283111.0
2022-03-03,San Luis Obispo,California,06079,55353,446.0,283111.0
2022-03-04,San Luis Obispo,California,06079,55406,446.0,283111.0
2022-03-05,San Luis Obispo,California,06079,55406,446.0,283111.0
2022-03-06,San Luis Obispo,California,06079,55406,446.0,283111.0
2022-03-07,San Luis Obispo,California,06079,55495,448.0,283111.0
2022-03-08,San Luis Obispo,California,06079,55541,448.0,283111.0
2022-03-09,San Luis Obispo,California,06079,55567,451.0,283111.0
2022-03-10,San Luis Obispo,California,06079,55653,457.0,283111.0
2022-03-11,San Luis Obispo,California,06079,55677,457.0,283111.0
2022-03-12,San Luis Obispo,California,06079,55677,457.0,283111.0
2022-03-13,San Luis Obispo,California,06079,55677,457.0,283111.0
2022-03-14,San Luis Obispo,California,06079,55770,458.0,283111.0
2022-03-15,San Luis Obispo,California,06079,55776,458.0,283111.0
2022-03-16,San Luis Obispo,California,06079,55790,458.0,283111.0
2022-03-17,San Luis Obispo,California,06079,55866,462.0,283111.0
2022-03-18,San Luis Obispo,California,06079,55908,463.0,283111.0
2022-03-19,San Luis Obispo,California,06079,55908,463.0,283111.0
2022-03-20,San Luis Obispo,California,06079,55908,463.0,283111.0
2022-03-21,San Luis Obispo,California,06079,55951,463.0,283111.0
2022-03-22,San Luis Obispo,California,06079,55953,463.0,283111.0
2022-03-23,San Luis Obispo,California,06079,55991,465.0,283111.0
2022-03-24,San Luis Obispo,California,06079,56111,469.0,283111.0
2022-03-25,San Luis Obispo,California,06079,56136,469.0,283111.0
2022-03-26,San Luis Obispo,California,06079,56136,469.0,283111.0
2022-03-27,San Luis Obispo,California,06079,56136,469.0,283111.0
2022-03-28,San Luis Obispo,California,06079,56197,470.0,283111.0
2022-03-29,San Luis Obispo,California,06079,56201,470.0,283111.0
2022-03-30,San Luis Obispo,California,06079,56222,472.0,283111.0
2022-03-31,San Luis Obispo,California,06079,56264,475.0,283111.0
2022-04-01,San Luis Obispo,California,06079,56292,475.0,283111.0
2022-04-02,San Luis Obispo,California,06079,56292,475.0,283111.0
2022-04-03,San Luis Obispo,California,06079,56292,475.0,283111.0
2022-04-04,San Luis Obispo,California,06079,56292,475.0,283111.0
2022-04-05,San Luis Obispo,California,06079,56337,475.0,283111.0
2022-04-06,San Luis Obispo,California,06079,56337,475.0,283111.0
2022-04-07,San Luis Obispo,California,06079,56337,475.0,283111.0
2022-04-08,San Luis Obispo,California,06079,56389,476.0,283111.0
2022-04-09,San Luis Obispo,California,06079,56389,476.0,283111.0
2022-04-10,San Luis Obispo,California,06079,56389,476.0,283111.0
2022-04-11,San Luis Obispo,California,06079,56389,476.0,283111.0
2022-04-12,San Luis Obispo,California,06079,56389,476.0,283111.0
2022-04-13,San Luis Obispo,California,06079,56389,476.0,283111.0
2022-04-14,San Luis Obispo,California,06079,56477,476.0,283111.0
2022-04-15,San Luis Obispo,California,06079,56515,476.0,283111.0
2022-04-16,San Luis Obispo,California,06079,56515,476.0,283111.0
2022-04-17,San Luis Obispo,California,06079,56515,476.0,283111.0
2022-04-18,San Luis Obispo,California,06079,56515,476.0,283111.0
2022-04-19,San Luis Obispo,California,06079,56557,476.0,283111.0
2022-04-20,San Luis Obispo,California,06079,56557,476.0,283111.0
2022-04-21,San Luis Obispo,California,06079,56557,476.0,283111.0
2022-04-22,San Luis Obispo,California,06079,56663,476.0,283111.0
2022-04-23,San Luis Obispo,California,06079,56663,476.0,283111.0
2022-04-24,San Luis Obispo,California,06079,56663,476.0,283111.0
2022-04-25,San Luis Obispo,California,06079,56663,476.0,283111.0
2022-04-26,San Luis Obispo,California,06079,56748,476.0,283111.0
2022-04-27,San Luis Obispo,California,06079,56748,476.0,283111.0
2022-04-28,San Luis Obispo,California,06079,56748,476.0,283111.0
2022-04-29,San Luis Obispo,California,06079,56923,477.0,283111.0
2022-04-30,San Luis Obispo,California,06079,56923,477.0,283111.0
2021-12-01,Santa Barbara,California,06083,47345,553.0,446499.0
2021-12-02,Santa Barbara,California,06083,47430,554.0,446499.0
2021-12-03,Santa Barbara,California,06083,47523,555.0,446499.0
2021-12-04,Santa Barbara,California,06083,47523,555.0,446499.0
2021-12-05,Santa Barbara,California,06083,47523,555.0,446499.0
2021-12-06,Santa Barbara,California,06083,47846,555.0,446499.0
2021-12-07,Santa Barbara,California,06083,47895,556.0,446499.0
2021-12-08,Santa Barbara,California,06083,47954,556.0,446499.0
2021-12-09,Santa Barbara,California,06083,48031,558.0,446499.0
2021-12-10,Santa Barbara,California,06083,48090,559.0,446499.0
2021-12-11,Santa Barbara,California,06083,48090,559.0,446499.0
2021-12-12,Santa Barbara,California,06083,48090,559.0,446499.0
2021-12-13,Santa Barbara,California,06083,48367,560.0,446499.0
2021-12-14,Santa Barbara,California,06083,48389,560.0,446499.0
2021-12-15,Santa Barbara,California,06083,48429,560.0,446499.0
2021-12-16,Santa Barbara,California,06083,48472,562.0,446499.0
2021-12-17,Santa Barbara,California,06083,48567,562.0,446499.0
2021-12-18,Santa Barbara,California,06083,48567,562.0,446499.0
2021-12-19,Santa Barbara,California,06083,48567,562.0,446499.0
2021-12-20,Santa Barbara,California,06083,48861,562.0,446499.0
2021-12-21,Santa Barbara,California,06083,48922,562.0,446499.0
2021-12-22,Santa Barbara,California,06083,48985,564.0,446499.0
2021-12-23,Santa Barbara,California,06083,49188,566.0,446499.0
2021-12-24,Santa Barbara,California,06083,49369,567.0,446499.0
2021-12-25,Santa Barbara,California,06083,49369,567.0,446499.0
2021-12-26,Santa Barbara,California,06083,49369,567.0,446499.0
2021-12-27,Santa Barbara,California,06083,49369,567.0,446499.0
2021-12-28,Santa Barbara,California,06083,50025,568.0,446499.0
2021-12-29,Santa Barbara,California,06083,50309,568.0,446499.0
2021-12-30,Santa Barbara,California,06083,50847,568.0,446499.0
2021-12-31,Santa Barbara,California,06083,51399,568.0,446499.0
2022-01-01,Santa Barbara,California,06083,51399,568.0,446499.0
2022-01-02,Santa Barbara,California,06083,51399,568.0,446499.0
2022-01-03,Santa Barbara,California,06083,51399,568.0,446499.0
2022-01-04,Santa Barbara,California,06083,53756,571.0,446499.0
2022-01-05,Santa Barbara,California,06083,54293,574.0,446499.0
2022-01-06,Santa Barbara,California,06083,55039,570.0,446499.0
2022-01-07,Santa Barbara,California,06083,56574,575.0,446499.0
2022-01-08,Santa Barbara,California,06083,56574,575.0,446499.0
2022-01-09,Santa Barbara,California,06083,56574,575.0,446499.0
2022-01-10,Santa Barbara,California,06083,60237,578.0,446499.0
2022-01-11,Santa Barbara,California,06083,60914,578.0,446499.0
2022-01-12,Santa Barbara,California,06083,61715,578.0,446499.0
2022-01-13,Santa Barbara,California,06083,63270,578.0,446499.0
2022-01-14,Santa Barbara,California,06083,64767,579.0,446499.0
2022-01-15,Santa Barbara,California,06083,64767,579.0,446499.0
2022-01-16,Santa Barbara,California,06083,64767,579.0,446499.0
2022-01-17,Santa Barbara,California,06083,68566,582.0,446499.0
2022-01-18,Santa Barbara,California,06083,69159,581.0,446499.0
2022-01-19,Santa Barbara,California,06083,69671,582.0,446499.0
2022-01-20,Santa Barbara,California,06083,71698,586.0,446499.0
2022-01-21,Santa Barbara,California,06083,72722,589.0,446499.0
2022-01-22,Santa Barbara,California,06083,72722,589.0,446499.0
2022-01-23,Santa Barbara,California,06083,72722,589.0,446499.0
2022-01-24,Santa Barbara,California,06083,76208,590.0,446499.0
2022-01-25,Santa Barbara,California,06083,77033,591.0,446499.0
2022-01-26,Santa Barbara,California,06083,77853,594.0,446499.0
2022-01-27,Santa Barbara,California,06083,79395,600.0,446499.0
2022-01-28,Santa Barbara,California,06083,80393,604.0,446499.0
2022-01-29,Santa Barbara,California,06083,80393,604.0,446499.0
2022-01-30,Santa Barbara,California,06083,80393,604.0,446499.0
2022-01-31,Santa Barbara,California,06083,82919,606.0,446499.0
2022-02-01,Santa Barbara,California,06083,83114,606.0,446499.0
2022-02-02,Santa Barbara,California,06083,83506,610.0,446499.0
2022-02-03,Santa Barbara,California,06083,84399,617.0,446499.0
2022-02-04,Santa Barbara,California,06083,84898,619.0,446499.0
2022-02-05,Santa Barbara,California,06083,84898,619.0,446499.0
2022-02-06,Santa Barbara,California,06083,84898,619.0,446499.0
2022-02-07,Santa Barbara,California,06083,85538,623.0,446499.0
2022-02-08,Santa Barbara,California,06083,86028,624.0,446499.0
2022-02-09,Santa Barbara,California,06083,86881,627.0,446499.0
2022-02-10,Santa Barbara,California,06083,87363,629.0,446499.0
2022-02-11,Santa Barbara,California,06083,87923,631.0,446499.0
2022-02-12,Santa Barbara,California,06083,87923,631.0,446499.0
2022-02-13,Santa Barbara,California,06083,87923,631.0,446499.0
2022-02-14,Santa Barbara,California,06083,88080,636.0,446499.0
2022-02-15,Santa Barbara,California,06083,88230,637.0,446499.0
2022-02-16,Santa Barbara,California,06083,88267,640.0,446499.0
2022-02-17,Santa Barbara,California,06083,88612,642.0,446499.0
2022-02-18,Santa Barbara,California,06083,88632,644.0,446499.0
2022-02-19,Santa Barbara,California,06083,88632,644.0,446499.0
2022-02-20,Santa Barbara,California,06083,88632,644.0,446499.0
2022-02-21,Santa Barbara,California,06083,88632,644.0,446499.0
2022-02-22,Santa Barbara,California,06083,89270,650.0,446499.0
2022-02-23,Santa Barbara,California,06083,89345,650.0,446499.0
2022-02-24,Santa Barbara,California,06083,89491,651.0,446499.0
2022-02-25,Santa Barbara,California,06083,89561,652.0,446499.0
2022-02-26,Santa Barbara,California,06083,89561,652.0,446499.0
2022-02-27,Santa Barbara,California,06083,89561,652.0,446499.0
2022-02-28,Santa Barbara,California,06083,89781,653.0,446499.0
2022-03-01,Santa Barbara,California,06083,89807,653.0,446499.0
2022-03-02,Santa Barbara,California,06083,89865,654.0,446499.0
2022-03-03,Santa Barbara,California,06083,89973,655.0,446499.0
2022-03-04,Santa Barbara,California,06083,90039,655.0,446499.0
2022-03-05,Santa Barbara,California,06083,90039,655.0,446499.0
2022-03-06,Santa Barbara,California,06083,90039,655.0,446499.0
2022-03-07,Santa Barbara,California,06083,90107,659.0,446499.0
2022-03-08,Santa Barbara,California,06083,90135,659.0,446499.0
2022-03-09,Santa Barbara,California,06083,90153,659.0,446499.0
2022-03-10,Santa Barbara,California,06083,90196,661.0,446499.0
2022-03-11,Santa Barbara,California,06083,90235,664.0,446499.0
2022-03-12,Santa Barbara,California,06083,90235,664.0,446499.0
2022-03-13,Santa Barbara,California,06083,90235,664.0,446499.0
2022-03-14,Santa Barbara,California,06083,90267,667.0,446499.0
2022-03-15,Santa Barbara,California,06083,90210,667.0,446499.0
2022-03-16,Santa Barbara,California,06083,90167,668.0,446499.0
2022-03-17,Santa Barbara,California,06083,90138,670.0,446499.0
2022-03-18,Santa Barbara,California,06083,90152,671.0,446499.0
2022-03-19,Santa Barbara,California,06083,90152,671.0,446499.0
2022-03-20,Santa Barbara,California,06083,90152,671.0,446499.0
2022-03-21,Santa Barbara,California,06083,90228,672.0,446499.0
2022-03-22,Santa Barbara,California,06083,90232,672.0,446499.0
2022-03-23,Santa Barbara,California,06083,90273,672.0,446499.0
2022-03-24,Santa Barbara,California,06083,90291,673.0,446499.0
2022-03-25,Santa Barbara,California,06083,90304,674.0,446499.0
2022-03-26,Santa Barbara,California,06083,90304,674.0,446499.0
2022-03-27,Santa Barbara,California,06083,90304,674.0,446499.0
2022-03-28,Santa Barbara,California,06083,90261,675.0,446499.0
2022-03-29,Santa Barbara,California,06083,90269,675.0,446499.0
2022-03-30,Santa Barbara,California,06083,90291,676.0,446499.0
2022-03-31,Santa Barbara,California,06083,90330,677.0,446499.0
2022-04-01,Santa Barbara,California,06083,90453,678.0,446499.0
2022-04-02,Santa Barbara,California,06083,90453,678.0,446499.0
2022-04-03,Santa Barbara,California,06083,90453,678.0,446499.0
2022-04-04,Santa Barbara,California,06083,90453,678.0,446499.0
2022-04-05,Santa Barbara,California,06083,90472,679.0,446499.0
2022-04-06,Santa Barbara,California,06083,90472,679.0,446499.0
2022-04-07,Santa Barbara,California,06083,90472,679.0,446499.0
2022-04-08,Santa Barbara,California,06083,90596,680.0,446499.0
2022-04-09,Santa Barbara,California,06083,90596,680.0,446499.0
2022-04-10,Santa Barbara,California,06083,90596,680.0,446499.0
2022-04-11,Santa Barbara,California,06083,90596,680.0,446499.0
2022-04-12,Santa Barbara,California,06083,90596,680.0,446499.0
2022-04-13,Santa Barbara,California,06083,90596,680.0,446499.0
2022-04-14,Santa Barbara,California,06083,90797,684.0,446499.0
2022-04-15,Santa Barbara,California,06083,90889,684.0,446499.0
2022-04-16,Santa Barbara,California,06083,90889,684.0,446499.0
2022-04-17,Santa Barbara,California,06083,90889,684.0,446499.0
2022-04-18,Santa Barbara,California,06083,90889,684.0,446499.0
2022-04-19,Santa Barbara,California,06083,91073,685.0,446499.0
2022-04-20,Santa Barbara,California,06083,91073,685.0,446499.0
2022-04-21,Santa Barbara,California,06083,91073,685.0,446499.0
2022-04-22,Santa Barbara,California,06083,91261,685.0,446499.0
2022-04-23,Santa Barbara,California,06083,91261,685.0,446499.0
2022-04-24,Santa Barbara,California,06083,91261,685.0,446499.0
2022-04-25,Santa Barbara,California,06083,91261,685.0,446499.0
2022-04-26,Santa Barbara,California,06083,91442,685.0,446499.0
2022-04-27,Santa Barbara,California,06083,91442,685.0,446499.0
2022-04-28,Santa Barbara,California,06083,91442,685.0,446499.0
2022-04-29,Santa Barbara,California,06083,91679,688.0,446499.0
2022-04-30,Santa Barbara,California,06083,91679,688.0,446499.0
2021-12-01,Yolo,California,06113,21590,260.0,220500.0
2021-12-02,Yolo,California,06113,21673,260.0,220500.0
2021-12-03,Yolo,California,06113,21722,261.0,220500.0
2021-12-04,Yolo,California,06113,21722,261.0,220500.0
2021-12-05,Yolo,California,06113,21722,261.0,220500.0
2021-12-06,Yolo,California,06113,21792,263.0,220500.0
2021-12-07,Yolo,California,06113,21828,263.0,220500.0
2021-12-08,Yolo,California,06113,21840,263.0,220500.0
2021-12-09,Yolo,California,06113,21881,267.0,220500.0
2021-12-10,Yolo,California,06113,21914,267.0,220500.0
2021-12-11,Yolo,California,06113,21914,267.0,220500.0
2021-12-12,Yolo,California,06113,21914,267.0,220500.0
2021-12-13,Yolo,California,06113,21991,267.0,220500.0
2021-12-14,Yolo,California,06113,22012,267.0,220500.0
2021-12-15,Yolo,California,06113,22040,267.0,220500.0
2021-12-16,Yolo,California,06113,22075,267.0,220500.0
2021-12-17,Yolo,California,06113,22119,267.0,220500.0
2021-12-18,Yolo,California,06113,22119,267.0,220500.0
2021-12-19,Yolo,California,06113,22119,267.0,220500.0
2021-12-20,Yolo,California,06113,22213,267.0,220500.0
2021-12-21,Yolo,California,06113,22229,267.0,220500.0
2021-12-22,Yolo,California,06113,22270,267.0,220500.0
2021-12-23,Yolo,California,06113,22388,270.0,220500.0
2021-12-24,Yolo,California,06113,22460,270.0,220500.0
2021-12-25,Yolo,California,06113,22460,270.0,220500.0
2021-12-26,Yolo,California,06113,22460,270.0,220500.0
2021-12-27,Yolo,California,06113,22460,270.0,220500.0
2021-12-28,Yolo,California,06113,22676,270.0,220500.0
2021-12-29,Yolo,California,06113,22696,270.0,220500.0
2021-12-30,Yolo,California,06113,23017,270.0,220500.0
2021-12-31,Yolo,California,06113,23200,270.0,220500.0
2022-01-01,Yolo,California,06113,23200,270.0,220500.0
2022-01-02,Yolo,California,06113,23200,270.0,220500.0
2022-01-03,Yolo,California,06113,23200,270.0,220500.0
2022-01-04,Yolo,California,06113,24016,270.0,220500.0
2022-01-05,Yolo,California,06113,24391,270.0,220500.0
2022-01-06,Yolo,California,06113,25047,270.0,220500.0
2022-01-07,Yolo,California,06113,25652,270.0,220500.0
2022-01-08,Yolo,California,06113,25652,270.0,220500.0
2022-01-09,Yolo,California,06113,25652,270.0,220500.0
2022-01-10,Yolo,California,06113,27278,270.0,220500.0
2022-01-11,Yolo,California,06113,27711,270.0,220500.0
2022-01-12,Yolo,California,06113,28128,270.0,220500.0
2022-01-13,Yolo,California,06113,28837,270.0,220500.0
2022-01-14,Yolo,California,06113,29260,270.0,220500.0
2022-01-15,Yolo,California,06113,29260,270.0,220500.0
2022-01-16,Yolo,California,06113,29260,270.0,220500.0
2022-01-17,Yolo,California,06113,30430,270.0,220500.0
2022-01-18,Yolo,California,06113,30587,270.0,220500.0
2022-01-19,Yolo,California,06113,30735,270.0,220500.0
2022-01-20,Yolo,California,06113,31713,273.0,220500.0
2022-01-21,Yolo,California,06113,32382,273.0,220500.0
2022-01-22,Yolo,California,06113,32382,273.0,220500.0
2022-01-23,Yolo,California,06113,32382,273.0,220500.0
2022-01-24,Yolo,California,06113,33229,273.0,220500.0
2022-01-25,Yolo,California,06113,33801,273.0,220500.0
2022-01-26,Yolo,California,06113,33998,274.0,220500.0
2022-01-27,Yolo,California,06113,34566,275.0,220500.0
2022-01-28,Yolo,California,06113,34776,275.0,220500.0
2022-01-29,Yolo,California,06113,34776,275.0,220500.0
2022-01-30,Yolo,California,06113,34776,275.0,220500.0
2022-01-31,Yolo,California,06113,35696,275.0,220500.0
2022-02-01,Yolo,California,06113,35828,275.0,220500.0
2022-02-02,Yolo,California,06113,35910,275.0,220500.0
2022-02-03,Yolo,California,06113,36516,281.0,220500.0
2022-02-04,Yolo,California,06113,36798,281.0,220500.0
2022-02-05,Yolo,California,06113,36798,281.0,220500.0
2022-02-06,Yolo,California,06113,36798,281.0,220500.0
2022-02-07,Yolo,California,06113,36968,281.0,220500.0
2022-02-08,Yolo,California,06113,37191,281.0,220500.0
2022-02-09,Yolo,California,06113,37646,281.0,220500.0
2022-02-10,Yolo,California,06113,37689,281.0,220500.0
2022-02-11,Yolo,California,06113,37874,286.0,220500.0
2022-02-12,Yolo,California,06113,37874,286.0,220500.0
2022-02-13,Yolo,California,06113,37874,286.0,220500.0
2022-02-14,Yolo,California,06113,38158,286.0,220500.0
2022-02-15,Yolo,California,06113,38213,286.0,220500.0
2022-02-16,Yolo,California,06113,38342,289.0,220500.0
2022-02-17,Yolo,California,06113,38305,292.0,220500.0
2022-02-18,Yolo,California,06113,38384,293.0,220500.0
2022-02-19,Yolo,California,06113,38384,293.0,220500.0
2022-02-20,Yolo,California,06113,38384,293.0,220500.0
2022-02-21,Yolo,California,06113,38384,293.0,220500.0
2022-02-22,Yolo,California,06113,38539,292.0,220500.0
2022-02-23,Yolo,California,06113,38548,293.0,220500.0
2022-02-24,Yolo,California,06113,38652,296.0,220500.0
2022-02-25,Yolo,California,06113,38677,296.0,220500.0
2022-02-26,Yolo,California,06113,38677,296.0,220500.0
2022-02-27,Yolo,California,06113,38677,296.0,220500.0
2022-02-28,Yolo,California,06113,38806,299.0,220500.0
2022-03-01,Yolo,California,06113,38816,299.0,220500.0
2022-03-02,Yolo,California,06113,38863,299.0,220500.0
2022-03-03,Yolo,California,06113,38908,305.0,220500.0
2022-03-04,Yolo,California,06113,38965,306.0,220500.0
2022-03-05,Yolo,California,06113,38965,306.0,220500.0
2022-03-06,Yolo,California,06113,38965,306.0,220500.0
2022-03-07,Yolo,California,06113,38991,306.0,220500.0
2022-03-08,Yolo,California,06113,39043,306.0,220500.0
2022-03-09,Yolo,California,06113,39055,306.0,220500.0
2022-03-10,Yolo,California,06113,39124,308.0,220500.0
2022-03-11,Yolo,California,06113,39133,308.0,220500.0
2022-03-12,Yolo,California,06113,39133,308.0,220500.0
2022-03-13,Yolo,California,06113,39133,308.0,220500.0
2022-03-14,Yolo,California,06113,39170,308.0,220500.0
2022-03-15,Yolo,California,06113,39210,308.0,220500.0
2022-03-16,Yolo,California,06113,39230,308.0,220500.0
2022-03-17,Yolo,California,06113,39244,308.0,220500.0
2022-03-18,Yolo,California,06113,39251,308.0,220500.0
2022-03-19,Yolo,California,06113,39251,308.0,220500.0
2022-03-20,Yolo,California,06113,39251,308.0,220500.0
2022-03-21,Yolo,California,06113,39300,308.0,220500.0
2022-03-22,Yolo,California,06113,39306,307.0,220500.0
2022-03-23,Yolo,California,06113,39349,308.0,220500.0
2022-03-24,Yolo,California,06113,39374,308.0,220500.0
2022-03-25,Yolo,California,06113,39411,311.0,220500.0
2022-03-26,Yolo,California,06113,39411,311.0,220500.0
2022-03-27,Yolo,California,06113,39411,311.0,220500.0
2022-03-28,Yolo,California,06113,39409,312.0,220500.0
2022-03-29,Yolo,California,06113,39459,312.0,220500.0
2022-03-30,Yolo,California,06113,39473,313.0,220500.0
2022-03-31,Yolo,California,06113,39520,313.0,220500.0
2022-04-01,Yolo,California,06113,39542,313.0,220500.0
2022-04-02,Yolo,California,06113,39542,313.0,220500.0
2022-04-03,Yolo,California,06113,39542,313.0,220500.0
2022-04-04,Yolo,California,06113,39542,313.0,220500.0
2022-04-05,Yolo,California,06113,39588,314.0,220500.0
2022-04-06,Yolo,California,06113,39588,314.0,220500.0
2022-04-07,Yolo,California,06113,39588,314.0,220500.0
2022-04-08,Yolo,California,06113,39782,314.0,220500.0
2022-04-09,Yolo,California,06113,39782,314.0,220500.0
2022-04-10,Yolo,California,06113,39782,314.0,220500.0
2022-04-11,Yolo,California,06113,39782,314.0,220500.0
2022-04-12,Yolo,California,06113,39782,312.0,220500.0
2022-04-13,Yolo,California,06113,39782,312.0,220500.0
2022-04-14,Yolo,California,06113,39899,312.0,220500.0
2022-04-15,Yolo,California,06113,39967,312.0,220500.0
2022-04-16,Yolo,California,06113,39967,312.0,220500.0
2022-04-17,Yolo,California,06113,39967,312.0,220500.0
2022-04-18,Yolo,California,06113,39967,312.0,220500.0
2022-04-19,Yolo,California,06113,40000,311.0,220500.0
2022-04-20,Yolo,California,06113,40000,311.0,220500.0
2022-04-21,Yolo,California,06113,40000,311.0,220500.0
2022-04-22,Yolo,California,06113,40225,314.0,220500.0
2022-04-23,Yolo,California,06113,40225,314.0,220500.0
2022-04-24,Yolo,California,06113,40225,314.0,220500.0
2022-04-25,Yolo,California,06113,40225,314.0,220500.0
2022-04-26,Yolo,California,06113,40331,314.0,220500.0
2022-04-27,Yolo,California,06113,40331,314.0,220500.0
2022-04-28,Yolo,California,06113,40331,314.0,220500.0
2022-04-29,Yolo,California,06113,40425,314.0,220500.0
2022-04-30,Yolo,California,06113,40425,314.0,220500.0
2021-12-01,Jefferson,Colorado,08059,73180,999.0,582881.0
2021-12-02,Jefferson,Colorado,08059,73440,1001.0,582881.0
2021-12-03,Jefferson,Colorado,08059,73686,1001.0,582881.0
2021-12-04,Jefferson,Colorado,08059,73686,1001.0,582881.0
2021-12-05,Jefferson,Colorado,08059,73686,1001.0,582881.0
2021-12-06,Jefferson,Colorado,08059,74184,1000.0,582881.0
2021-12-07,Jefferson,Colorado,08059,74512,1010.0,582881.0
2021-12-08,Jefferson,Colorado,08059,74697,1015.0,582881.0
2021-12-09,Jefferson,Colorado,08059,74961,1023.0,582881.0
2021-12-10,Jefferson,Colorado,08059,75181,1030.0,582881.0
2021-12-11,Jefferson,Colorado,08059,75181,1030.0,582881.0
2021-12-12,Jefferson,Colorado,08059,75181,1030.0,582881.0
2021-12-13,Jefferson,Colorado,08059,75689,1031.0,582881.0
2021-12-14,Jefferson,Colorado,08059,75824,1046.0,582881.0
2021-12-15,Jefferson,Colorado,08059,75955,1050.0,582881.0
2021-12-16,Jefferson,Colorado,08059,76134,1061.0,582881.0
2021-12-17,Jefferson,Colorado,08059,76389,1059.0,582881.0
2021-12-18,Jefferson,Colorado,08059,76389,1059.0,582881.0
2021-12-19,Jefferson,Colorado,08059,76389,1059.0,582881.0
2021-12-20,Jefferson,Colorado,08059,76732,1061.0,582881.0
2021-12-21,Jefferson,Colorado,08059,77080,1065.0,582881.0
2021-12-22,Jefferson,Colorado,08059,77298,1074.0,582881.0
2021-12-23,Jefferson,Colorado,08059,77603,1072.0,582881.0
2021-12-24,Jefferson,Colorado,08059,78155,1073.0,582881.0
2021-12-25,Jefferson,Colorado,08059,78155,1073.0,582881.0
2021-12-26,Jefferson,Colorado,08059,78155,1073.0,582881.0
2021-12-27,Jefferson,Colorado,08059,79098,1073.0,582881.0
2021-12-28,Jefferson,Colorado,08059,79857,1099.0,582881.0
2021-12-29,Jefferson,Colorado,08059,80563,1100.0,582881.0
2021-12-30,Jefferson,Colorado,08059,81365,1102.0,582881.0
2021-12-31,Jefferson,Colorado,08059,82540,1105.0,582881.0
2022-01-01,Jefferson,Colorado,08059,82540,1105.0,582881.0
2022-01-02,Jefferson,Colorado,08059,82540,1105.0,582881.0
2022-01-03,Jefferson,Colorado,08059,85314,1106.0,582881.0
2022-01-04,Jefferson,Colorado,08059,86006,1112.0,582881.0
2022-01-05,Jefferson,Colorado,08059,86947,1112.0,582881.0
2022-01-06,Jefferson,Colorado,08059,87817,1122.0,582881.0
2022-01-07,Jefferson,Colorado,08059,88641,1124.0,582881.0
2022-01-08,Jefferson,Colorado,08059,88641,1124.0,582881.0
2022-01-09,Jefferson,Colorado,08059,88641,1124.0,582881.0
2022-01-10,Jefferson,Colorado,08059,93829,1125.0,582881.0
2022-01-11,Jefferson,Colorado,08059,95851,1131.0,582881.0
2022-01-12,Jefferson,Colorado,08059,96975,1131.0,582881.0
2022-01-13,Jefferson,Colorado,08059,98226,1138.0,582881.0
2022-01-14,Jefferson,Colorado,08059,99452,1142.0,582881.0
2022-01-15,Jefferson,Colorado,08059,99452,1142.0,582881.0
2022-01-16,Jefferson,Colorado,08059,99452,1142.0,582881.0
2022-01-17,Jefferson,Colorado,08059,102004,1143.0,582881.0
2022-01-18,Jefferson,Colorado,08059,103068,1146.0,582881.0
2022-01-19,Jefferson,Colorado,08059,103944,1149.0,582881.0
2022-01-20,Jefferson,Colorado,08059,105272,1162.0,582881.0
2022-01-21,Jefferson,Colorado,08059,106859,1161.0,582881.0
2022-01-22,Jefferson,Colorado,08059,106859,1161.0,582881.0
2022-01-23,Jefferson,Colorado,08059,106859,1161.0,582881.0
2022-01-24,Jefferson,Colorado,08059,108745,1167.0,582881.0
2022-01-25,Jefferson,Colorado,08059,109565,1188.0,582881.0
2022-01-26,Jefferson,Colorado,08059,110315,1191.0,582881.0
2022-01-27,Jefferson,Colorado,08059,111049,1201.0,582881.0
2022-01-28,Jefferson,Colorado,08059,111673,1209.0,582881.0
2022-01-29,Jefferson,Colorado,08059,111049,1201.0,582881.0
2022-01-30,Jefferson,Colorado,08059,111673,1209.0,582881.0
2022-01-31,Jefferson,Colorado,08059,112949,1212.0,582881.0
2022-02-01,Jefferson,Colorado,08059,113240,1219.0,582881.0
2022-02-02,Jefferson,Colorado,08059,113517,1223.0,582881.0
2022-02-03,Jefferson,Colorado,08059,113934,1227.0,582881.0
2022-02-04,Jefferson,Colorado,08059,114297,1228.0,582881.0
2022-02-05,Jefferson,Colorado,08059,114297,1228.0,582881.0
2022-02-06,Jefferson,Colorado,08059,114297,1228.0,582881.0
2022-02-07,Jefferson,Colorado,08059,114877,1251.0,582881.0
2022-02-08,Jefferson,Colorado,08059,115065,1258.0,582881.0
2022-02-09,Jefferson,Colorado,08059,115291,1266.0,582881.0
2022-02-10,Jefferson,Colorado,08059,115572,1275.0,582881.0
2022-02-11,Jefferson,Colorado,08059,115769,1278.0,582881.0
2022-02-12,Jefferson,Colorado,08059,115769,1278.0,582881.0
2022-02-13,Jefferson,Colorado,08059,115769,1278.0,582881.0
2022-02-14,Jefferson,Colorado,08059,116169,1282.0,582881.0
2022-02-15,Jefferson,Colorado,08059,116347,1285.0,582881.0
2022-02-16,Jefferson,Colorado,08059,116477,1286.0,582881.0
2022-02-17,Jefferson,Colorado,08059,116655,1291.0,582881.0
2022-02-18,Jefferson,Colorado,08059,116814,1292.0,582881.0
2022-02-19,Jefferson,Colorado,08059,116814,1292.0,582881.0
2022-02-20,Jefferson,Colorado,08059,116814,1292.0,582881.0
2022-02-21,Jefferson,Colorado,08059,117392,1290.0,582881.0
2022-02-22,Jefferson,Colorado,08059,117533,1290.0,582881.0
2022-02-23,Jefferson,Colorado,08059,117685,1294.0,582881.0
2022-02-24,Jefferson,Colorado,08059,117804,1299.0,582881.0
2022-02-25,Jefferson,Colorado,08059,117899,1299.0,582881.0
2022-02-26,Jefferson,Colorado,08059,117899,1299.0,582881.0
2022-02-27,Jefferson,Colorado,08059,117899,1299.0,582881.0
2022-02-28,Jefferson,Colorado,08059,118103,1298.0,582881.0
2022-03-01,Jefferson,Colorado,08059,118193,1299.0,582881.0
2022-03-02,Jefferson,Colorado,08059,118298,1299.0,582881.0
2022-03-03,Jefferson,Colorado,08059,118346,1303.0,582881.0
2022-03-04,Jefferson,Colorado,08059,118419,1304.0,582881.0
2022-03-05,Jefferson,Colorado,08059,118419,1304.0,582881.0
2022-03-06,Jefferson,Colorado,08059,118419,1304.0,582881.0
2022-03-07,Jefferson,Colorado,08059,118645,1305.0,582881.0
2022-03-08,Jefferson,Colorado,08059,118750,1305.0,582881.0
2022-03-09,Jefferson,Colorado,08059,118905,1306.0,582881.0
2022-03-10,Jefferson,Colorado,08059,119005,1306.0,582881.0
2022-03-11,Jefferson,Colorado,08059,119134,1307.0,582881.0
2022-03-12,Jefferson,Colorado,08059,119134,1307.0,582881.0
2022-03-13,Jefferson,Colorado,08059,119134,1307.0,582881.0
2022-03-14,Jefferson,Colorado,08059,119219,1310.0,582881.0
2022-03-15,Jefferson,Colorado,08059,119361,1311.0,582881.0
2022-03-16,Jefferson,Colorado,08059,119525,1310.0,582881.0
2022-03-17,Jefferson,Colorado,08059,119671,1310.0,582881.0
2022-03-18,Jefferson,Colorado,08059,119671,1310.0,582881.0
2022-03-19,Jefferson,Colorado,08059,119671,1310.0,582881.0
2022-03-20,Jefferson,Colorado,08059,119671,1310.0,582881.0
2022-03-21,Jefferson,Colorado,08059,120060,1315.0,582881.0
2022-03-22,Jefferson,Colorado,08059,120251,1315.0,582881.0
2022-03-23,Jefferson,Colorado,08059,120387,1317.0,582881.0
2022-03-24,Jefferson,Colorado,08059,120508,1319.0,582881.0
2022-03-25,Jefferson,Colorado,08059,120759,1319.0,582881.0
2022-03-26,Jefferson,Colorado,08059,120759,1319.0,582881.0
2022-03-27,Jefferson,Colorado,08059,120759,1319.0,582881.0
2022-03-28,Jefferson,Colorado,08059,120991,1321.0,582881.0
2022-03-29,Jefferson,Colorado,08059,121074,1320.0,582881.0
2022-03-30,Jefferson,Colorado,08059,121195,1321.0,582881.0
2022-03-31,Jefferson,Colorado,08059,121322,1322.0,582881.0
2022-04-01,Jefferson,Colorado,08059,121466,1322.0,582881.0
2022-04-02,Jefferson,Colorado,08059,121466,1322.0,582881.0
2022-04-03,Jefferson,Colorado,08059,121466,1321.0,582881.0
2022-04-04,Jefferson,Colorado,08059,121639,1323.0,582881.0
2022-04-05,Jefferson,Colorado,08059,121761,1323.0,582881.0
2022-04-06,Jefferson,Colorado,08059,121927,1323.0,582881.0
2022-04-07,Jefferson,Colorado,08059,122148,1324.0,582881.0
2022-04-08,Jefferson,Colorado,08059,122421,1326.0,582881.0
2022-04-09,Jefferson,Colorado,08059,122421,1326.0,582881.0
2022-04-10,Jefferson,Colorado,08059,122421,1326.0,582881.0
2022-04-11,Jefferson,Colorado,08059,122872,1326.0,582881.0
2022-04-12,Jefferson,Colorado,08059,123066,1326.0,582881.0
2022-04-13,Jefferson,Colorado,08059,123362,1326.0,582881.0
2022-04-14,Jefferson,Colorado,08059,123536,1329.0,582881.0
2022-04-15,Jefferson,Colorado,08059,123718,1329.0,582881.0
2022-04-16,Jefferson,Colorado,08059,123718,1329.0,582881.0
2022-04-17,Jefferson,Colorado,08059,123718,1329.0,582881.0
2022-04-18,Jefferson,Colorado,08059,123994,1329.0,582881.0
2022-04-19,Jefferson,Colorado,08059,124164,1329.0,582881.0
2022-04-20,Jefferson,Colorado,08059,124313,1328.0,582881.0
2022-04-21,Jefferson,Colorado,08059,124515,1328.0,582881.0
2022-04-22,Jefferson,Colorado,08059,124703,1329.0,582881.0
2022-04-23,Jefferson,Colorado,08059,124703,1329.0,582881.0
2022-04-24,Jefferson,Colorado,08059,124703,1329.0,582881.0
2022-04-25,Jefferson,Colorado,08059,125001,1330.0,582881.0
2022-04-26,Jefferson,Colorado,08059,125091,1330.0,582881.0
2022-04-27,Jefferson,Colorado,08059,125201,1329.0,582881.0
2022-04-28,Jefferson,Colorado,08059,125339,1330.0,582881.0
2022-04-29,Jefferson,Colorado,08059,125421,1331.0,582881.0
2022-04-30,Jefferson,Colorado,08059,125421,1331.0,582881.0
2021-12-01,Larimer,Colorado,08069,45253,375.0,356899.0
2021-12-02,Larimer,Colorado,08069,45425,378.0,356899.0
2021-12-03,Larimer,Colorado,08069,45611,378.0,356899.0
2021-12-04,Larimer,Colorado,08069,45611,378.0,356899.0
2021-12-05,Larimer,Colorado,08069,45611,378.0,356899.0
2021-12-06,Larimer,Colorado,08069,45890,379.0,356899.0
2021-12-07,Larimer,Colorado,08069,46055,382.0,356899.0
2021-12-08,Larimer,Colorado,08069,46211,382.0,356899.0
2021-12-09,Larimer,Colorado,08069,46359,384.0,356899.0
2021-12-10,Larimer,Colorado,08069,46491,386.0,356899.0
2021-12-11,Larimer,Colorado,08069,46491,386.0,356899.0
2021-12-12,Larimer,Colorado,08069,46491,386.0,356899.0
2021-12-13,Larimer,Colorado,08069,46752,387.0,356899.0
2021-12-14,Larimer,Colorado,08069,46830,389.0,356899.0
2021-12-15,Larimer,Colorado,08069,46964,390.0,356899.0
2021-12-16,Larimer,Colorado,08069,47094,391.0,356899.0
2021-12-17,Larimer,Colorado,08069,47225,391.0,356899.0
2021-12-18,Larimer,Colorado,08069,47225,391.0,356899.0
2021-12-19,Larimer,Colorado,08069,47225,391.0,356899.0
2021-12-20,Larimer,Colorado,08069,47444,393.0,356899.0
2021-12-21,Larimer,Colorado,08069,47548,395.0,356899.0
2021-12-22,Larimer,Colorado,08069,47763,395.0,356899.0
2021-12-23,Larimer,Colorado,08069,47955,396.0,356899.0
2021-12-24,Larimer,Colorado,08069,48130,396.0,356899.0
2021-12-25,Larimer,Colorado,08069,48130,396.0,356899.0
2021-12-26,Larimer,Colorado,08069,48130,396.0,356899.0
2021-12-27,Larimer,Colorado,08069,48655,396.0,356899.0
2021-12-28,Larimer,Colorado,08069,48848,399.0,356899.0
2021-12-29,Larimer,Colorado,08069,49193,399.0,356899.0
2021-12-30,Larimer,Colorado,08069,49744,399.0,356899.0
2021-12-31,Larimer,Colorado,08069,50188,400.0,356899.0
2022-01-01,Larimer,Colorado,08069,50188,400.0,356899.0
2022-01-02,Larimer,Colorado,08069,50188,400.0,356899.0
2022-01-03,Larimer,Colorado,08069,51468,401.0,356899.0
2022-01-04,Larimer,Colorado,08069,51899,401.0,356899.0
2022-01-05,Larimer,Colorado,08069,52281,402.0,356899.0
2022-01-06,Larimer,Colorado,08069,52613,403.0,356899.0
2022-01-07,Larimer,Colorado,08069,53277,403.0,356899.0
2022-01-08,Larimer,Colorado,08069,53277,403.0,356899.0
2022-01-09,Larimer,Colorado,08069,53277,403.0,356899.0
2022-01-10,Larimer,Colorado,08069,56006,408.0,356899.0
2022-01-11,Larimer,Colorado,08069,57176,409.0,356899.0
2022-01-12,Larimer,Colorado,08069,57778,410.0,356899.0
2022-01-13,Larimer,Colorado,08069,58661,410.0,356899.0
2022-01-14,Larimer,Colorado,08069,59489,410.0,356899.0
2022-01-15,Larimer,Colorado,08069,59489,410.0,356899.0
2022-01-16,Larimer,Colorado,08069,59489,410.0,356899.0
2022-01-17,Larimer,Colorado,08069,61398,416.0,356899.0
2022-01-18,Larimer,Colorado,08069,62031,416.0,356899.0
2022-01-19,Larimer,Colorado,08069,62550,418.0,356899.0
2022-01-20,Larimer,Colorado,08069,63857,418.0,356899.0
2022-01-21,Larimer,Colorado,08069,64693,420.0,356899.0
2022-01-22,Larimer,Colorado,08069,64693,420.0,356899.0
2022-01-23,Larimer,Colorado,08069,64693,420.0,356899.0
2022-01-24,Larimer,Colorado,08069,66175,420.0,356899.0
2022-01-25,Larimer,Colorado,08069,66585,424.0,356899.0
2022-01-26,Larimer,Colorado,08069,66957,424.0,356899.0
2022-01-27,Larimer,Colorado,08069,67741,427.0,356899.0
2022-01-28,Larimer,Colorado,08069,68337,431.0,356899.0
2022-01-29,Larimer,Colorado,08069,67741,427.0,356899.0
2022-01-30,Larimer,Colorado,08069,68337,431.0,356899.0
2022-01-31,Larimer,Colorado,08069,69144,435.0,356899.0
2022-02-01,Larimer,Colorado,08069,69366,435.0,356899.0
2022-02-02,Larimer,Colorado,08069,69750,435.0,356899.0
2022-02-03,Larimer,Colorado,08069,70225,436.0,356899.0
2022-02-04,Larimer,Colorado,08069,70483,436.0,356899.0
2022-02-05,Larimer,Colorado,08069,70483,436.0,356899.0
2022-02-06,Larimer,Colorado,08069,70483,436.0,356899.0
2022-02-07,Larimer,Colorado,08069,70940,448.0,356899.0
2022-02-08,Larimer,Colorado,08069,71109,448.0,356899.0
2022-02-09,Larimer,Colorado,08069,71346,452.0,356899.0
2022-02-10,Larimer,Colorado,08069,71579,454.0,356899.0
2022-02-11,Larimer,Colorado,08069,71780,454.0,356899.0
2022-02-12,Larimer,Colorado,08069,71780,454.0,356899.0
2022-02-13,Larimer,Colorado,08069,71780,454.0,356899.0
2022-02-14,Larimer,Colorado,08069,72117,456.0,356899.0
2022-02-15,Larimer,Colorado,08069,72268,457.0,356899.0
2022-02-16,Larimer,Colorado,08069,72462,457.0,356899.0
2022-02-17,Larimer,Colorado,08069,72639,458.0,356899.0
2022-02-18,Larimer,Colorado,08069,72813,458.0,356899.0
2022-02-19,Larimer,Colorado,08069,72813,458.0,356899.0
2022-02-20,Larimer,Colorado,08069,72813,458.0,356899.0
2022-02-21,Larimer,Colorado,08069,73090,459.0,356899.0
2022-02-22,Larimer,Colorado,08069,73164,459.0,356899.0
2022-02-23,Larimer,Colorado,08069,73297,459.0,356899.0
2022-02-24,Larimer,Colorado,08069,73422,459.0,356899.0
2022-02-25,Larimer,Colorado,08069,73531,459.0,356899.0
2022-02-26,Larimer,Colorado,08069,73531,459.0,356899.0
2022-02-27,Larimer,Colorado,08069,73531,459.0,356899.0
2022-02-28,Larimer,Colorado,08069,73769,459.0,356899.0
2022-03-01,Larimer,Colorado,08069,73856,459.0,356899.0
2022-03-02,Larimer,Colorado,08069,73931,459.0,356899.0
2022-03-03,Larimer,Colorado,08069,74011,459.0,356899.0
2022-03-04,Larimer,Colorado,08069,74106,459.0,356899.0
2022-03-05,Larimer,Colorado,08069,74106,459.0,356899.0
2022-03-06,Larimer,Colorado,08069,74106,459.0,356899.0
2022-03-07,Larimer,Colorado,08069,74296,460.0,356899.0
2022-03-08,Larimer,Colorado,08069,74332,460.0,356899.0
2022-03-09,Larimer,Colorado,08069,74402,460.0,356899.0
2022-03-10,Larimer,Colorado,08069,74498,460.0,356899.0
2022-03-11,Larimer,Colorado,08069,74557,460.0,356899.0
2022-03-12,Larimer,Colorado,08069,74557,460.0,356899.0
2022-03-13,Larimer,Colorado,08069,74557,460.0,356899.0
2022-03-14,Larimer,Colorado,08069,74671,462.0,356899.0
2022-03-15,Larimer,Colorado,08069,74758,462.0,356899.0
2022-03-16,Larimer,Colorado,08069,74943,462.0,356899.0
2022-03-17,Larimer,Colorado,08069,75107,462.0,356899.0
2022-03-18,Larimer,Colorado,08069,75107,462.0,356899.0
2022-03-19,Larimer,Colorado,08069,75107,462.0,356899.0
2022-03-20,Larimer,Colorado,08069,75107,462.0,356899.0
2022-03-21,Larimer,Colorado,08069,75349,477.0,356899.0
2022-03-22,Larimer,Colorado,08069,75499,477.0,356899.0
2022-03-23,Larimer,Colorado,08069,75612,477.0,356899.0
2022-03-24,Larimer,Colorado,08069,75722,477.0,356899.0
2022-03-25,Larimer,Colorado,08069,75877,479.0,356899.0
2022-03-26,Larimer,Colorado,08069,75877,479.0,356899.0
2022-03-27,Larimer,Colorado,08069,75877,479.0,356899.0
2022-03-28,Larimer,Colorado,08069,76011,478.0,356899.0
2022-03-29,Larimer,Colorado,08069,76105,478.0,356899.0
2022-03-30,Larimer,Colorado,08069,76412,478.0,356899.0
2022-03-31,Larimer,Colorado,08069,76538,478.0,356899.0
2022-04-01,Larimer,Colorado,08069,76644,478.0,356899.0
2022-04-02,Larimer,Colorado,08069,76644,478.0,356899.0
2022-04-03,Larimer,Colorado,08069,76644,478.0,356899.0
2022-04-04,Larimer,Colorado,08069,76764,478.0,356899.0
2022-04-05,Larimer,Colorado,08069,76831,478.0,356899.0
2022-04-06,Larimer,Colorado,08069,77005,478.0,356899.0
2022-04-07,Larimer,Colorado,08069,77082,478.0,356899.0
2022-04-08,Larimer,Colorado,08069,77220,478.0,356899.0
2022-04-09,Larimer,Colorado,08069,77220,478.0,356899.0
2022-04-10,Larimer,Colorado,08069,77220,478.0,356899.0
2022-04-11,Larimer,Colorado,08069,77446,478.0,356899.0
2022-04-12,Larimer,Colorado,08069,77505,503.0,356899.0
2022-04-13,Larimer,Colorado,08069,77637,507.0,356899.0
2022-04-14,Larimer,Colorado,08069,77761,479.0,356899.0
2022-04-15,Larimer,Colorado,08069,77879,483.0,356899.0
2022-04-16,Larimer,Colorado,08069,77879,483.0,356899.0
2022-04-17,Larimer,Colorado,08069,77879,483.0,356899.0
2022-04-18,Larimer,Colorado,08069,78111,483.0,356899.0
2022-04-19,Larimer,Colorado,08069,78211,483.0,356899.0
2022-04-20,Larimer,Colorado,08069,78368,480.0,356899.0
2022-04-21,Larimer,Colorado,08069,78500,479.0,356899.0
2022-04-22,Larimer,Colorado,08069,78628,480.0,356899.0
2022-04-23,Larimer,Colorado,08069,78628,480.0,356899.0
2022-04-24,Larimer,Colorado,08069,78628,480.0,356899.0
2022-04-25,Larimer,Colorado,08069,78883,481.0,356899.0
2022-04-26,Larimer,Colorado,08069,78975,483.0,356899.0
2022-04-27,Larimer,Colorado,08069,79109,483.0,356899.0
2022-04-28,Larimer,Colorado,08069,79183,483.0,356899.0
2022-04-29,Larimer,Colorado,08069,79267,484.0,356899.0
2022-04-30,Larimer,Colorado,08069,79267,484.0,356899.0
2021-12-01,Mesa,Colorado,08077,27976,404.0,154210.0
2021-12-02,Mesa,Colorado,08077,28114,410.0,154210.0
2021-12-03,Mesa,Colorado,08077,28240,410.0,154210.0
2021-12-04,Mesa,Colorado,08077,28240,410.0,154210.0
2021-12-05,Mesa,Colorado,08077,28240,410.0,154210.0
2021-12-06,Mesa,Colorado,08077,28465,413.0,154210.0
2021-12-07,Mesa,Colorado,08077,28565,415.0,154210.0
2021-12-08,Mesa,Colorado,08077,28660,415.0,154210.0
2021-12-09,Mesa,Colorado,08077,28793,417.0,154210.0
2021-12-10,Mesa,Colorado,08077,28908,424.0,154210.0
2021-12-11,Mesa,Colorado,08077,28908,424.0,154210.0
2021-12-12,Mesa,Colorado,08077,28908,424.0,154210.0
2021-12-13,Mesa,Colorado,08077,29048,427.0,154210.0
2021-12-14,Mesa,Colorado,08077,29116,430.0,154210.0
2021-12-15,Mesa,Colorado,08077,29243,432.0,154210.0
2021-12-16,Mesa,Colorado,08077,29312,437.0,154210.0
2021-12-17,Mesa,Colorado,08077,29416,441.0,154210.0
2021-12-18,Mesa,Colorado,08077,29416,441.0,154210.0
2021-12-19,Mesa,Colorado,08077,29416,441.0,154210.0
2021-12-20,Mesa,Colorado,08077,29542,445.0,154210.0
2021-12-21,Mesa,Colorado,08077,29613,450.0,154210.0
2021-12-22,Mesa,Colorado,08077,29702,452.0,154210.0
2021-12-23,Mesa,Colorado,08077,29776,452.0,154210.0
2021-12-24,Mesa,Colorado,08077,29871,453.0,154210.0
2021-12-25,Mesa,Colorado,08077,29871,453.0,154210.0
2021-12-26,Mesa,Colorado,08077,29871,453.0,154210.0
2021-12-27,Mesa,Colorado,08077,29998,454.0,154210.0
2021-12-28,Mesa,Colorado,08077,30095,458.0,154210.0
2021-12-29,Mesa,Colorado,08077,30260,459.0,154210.0
2021-12-30,Mesa,Colorado,08077,30333,463.0,154210.0
2021-12-31,Mesa,Colorado,08077,30474,469.0,154210.0
2022-01-01,Mesa,Colorado,08077,30474,469.0,154210.0
2022-01-02,Mesa,Colorado,08077,30474,469.0,154210.0
2022-01-03,Mesa,Colorado,08077,30853,471.0,154210.0
2022-01-04,Mesa,Colorado,08077,30929,471.0,154210.0
2022-01-05,Mesa,Colorado,08077,31011,472.0,154210.0
2022-01-06,Mesa,Colorado,08077,31107,474.0,154210.0
2022-01-07,Mesa,Colorado,08077,31202,477.0,154210.0
2022-01-08,Mesa,Colorado,08077,31202,477.0,154210.0
2022-01-09,Mesa,Colorado,08077,31202,477.0,154210.0
2022-01-10,Mesa,Colorado,08077,32024,480.0,154210.0
2022-01-11,Mesa,Colorado,08077,32506,480.0,154210.0
2022-01-12,Mesa,Colorado,08077,32710,480.0,154210.0
2022-01-13,Mesa,Colorado,08077,32998,481.0,154210.0
2022-01-14,Mesa,Colorado,08077,33287,482.0,154210.0
2022-01-15,Mesa,Colorado,08077,33287,482.0,154210.0
2022-01-16,Mesa,Colorado,08077,33287,482.0,154210.0
2022-01-17,Mesa,Colorado,08077,34065,483.0,154210.0
2022-01-18,Mesa,Colorado,08077,34571,483.0,154210.0
2022-01-19,Mesa,Colorado,08077,34810,487.0,154210.0
2022-01-20,Mesa,Colorado,08077,35302,487.0,154210.0
2022-01-21,Mesa,Colorado,08077,35805,488.0,154210.0
2022-01-22,Mesa,Colorado,08077,35805,488.0,154210.0
2022-01-23,Mesa,Colorado,08077,35805,488.0,154210.0
2022-01-24,Mesa,Colorado,08077,36623,490.0,154210.0
2022-01-25,Mesa,Colorado,08077,36826,491.0,154210.0
2022-01-26,Mesa,Colorado,08077,37109,493.0,154210.0
2022-01-27,Mesa,Colorado,08077,37514,496.0,154210.0
2022-01-28,Mesa,Colorado,08077,37857,499.0,154210.0
2022-01-29,Mesa,Colorado,08077,37514,496.0,154210.0
2022-01-30,Mesa,Colorado,08077,37857,499.0,154210.0
2022-01-31,Mesa,Colorado,08077,38522,499.0,154210.0
2022-02-01,Mesa,Colorado,08077,38623,502.0,154210.0
2022-02-02,Mesa,Colorado,08077,38805,503.0,154210.0
2022-02-03,Mesa,Colorado,08077,39100,503.0,154210.0
2022-02-04,Mesa,Colorado,08077,39302,503.0,154210.0
2022-02-05,Mesa,Colorado,08077,39302,503.0,154210.0
2022-02-06,Mesa,Colorado,08077,39302,503.0,154210.0
2022-02-07,Mesa,Colorado,08077,39589,510.0,154210.0
2022-02-08,Mesa,Colorado,08077,39683,510.0,154210.0
2022-02-09,Mesa,Colorado,08077,39815,518.0,154210.0
2022-02-10,Mesa,Colorado,08077,39994,521.0,154210.0
2022-02-11,Mesa,Colorado,08077,40120,521.0,154210.0
2022-02-12,Mesa,Colorado,08077,40120,521.0,154210.0
2022-02-13,Mesa,Colorado,08077,40120,521.0,154210.0
2022-02-14,Mesa,Colorado,08077,40307,521.0,154210.0
2022-02-15,Mesa,Colorado,08077,40420,522.0,154210.0
2022-02-16,Mesa,Colorado,08077,40504,522.0,154210.0
2022-02-17,Mesa,Colorado,08077,40610,522.0,154210.0
2022-02-18,Mesa,Colorado,08077,40695,522.0,154210.0
2022-02-19,Mesa,Colorado,08077,40695,522.0,154210.0
2022-02-20,Mesa,Colorado,08077,40695,522.0,154210.0
2022-02-21,Mesa,Colorado,08077,40855,523.0,154210.0
2022-02-22,Mesa,Colorado,08077,40895,524.0,154210.0
2022-02-23,Mesa,Colorado,08077,40976,524.0,154210.0
2022-02-24,Mesa,Colorado,08077,41051,524.0,154210.0
2022-02-25,Mesa,Colorado,08077,41191,524.0,154210.0
2022-02-26,Mesa,Colorado,08077,41191,524.0,154210.0
2022-02-27,Mesa,Colorado,08077,41191,524.0,154210.0
2022-02-28,Mesa,Colorado,08077,41297,526.0,154210.0
2022-03-01,Mesa,Colorado,08077,41313,526.0,154210.0
2022-03-02,Mesa,Colorado,08077,41352,526.0,154210.0
2022-03-03,Mesa,Colorado,08077,41379,527.0,154210.0
2022-03-04,Mesa,Colorado,08077,41401,527.0,154210.0
2022-03-05,Mesa,Colorado,08077,41401,527.0,154210.0
2022-03-06,Mesa,Colorado,08077,41401,527.0,154210.0
2022-03-07,Mesa,Colorado,08077,41523,528.0,154210.0
2022-03-08,Mesa,Colorado,08077,41546,528.0,154210.0
2022-03-09,Mesa,Colorado,08077,41586,528.0,154210.0
2022-03-10,Mesa,Colorado,08077,41626,528.0,154210.0
2022-03-11,Mesa,Colorado,08077,41656,528.0,154210.0
2022-03-12,Mesa,Colorado,08077,41656,528.0,154210.0
2022-03-13,Mesa,Colorado,08077,41656,528.0,154210.0
2022-03-14,Mesa,Colorado,08077,41688,528.0,154210.0
2022-03-15,Mesa,Colorado,08077,41715,528.0,154210.0
2022-03-16,Mesa,Colorado,08077,41763,528.0,154210.0
2022-03-17,Mesa,Colorado,08077,41789,528.0,154210.0
2022-03-18,Mesa,Colorado,08077,41789,528.0,154210.0
2022-03-19,Mesa,Colorado,08077,41789,528.0,154210.0
2022-03-20,Mesa,Colorado,08077,41789,528.0,154210.0
2022-03-21,Mesa,Colorado,08077,41873,530.0,154210.0
2022-03-22,Mesa,Colorado,08077,41905,530.0,154210.0
2022-03-23,Mesa,Colorado,08077,41951,530.0,154210.0
2022-03-24,Mesa,Colorado,08077,41979,529.0,154210.0
2022-03-25,Mesa,Colorado,08077,42069,530.0,154210.0
2022-03-26,Mesa,Colorado,08077,42069,530.0,154210.0
2022-03-27,Mesa,Colorado,08077,42069,530.0,154210.0
2022-03-28,Mesa,Colorado,08077,42115,530.0,154210.0
2022-03-29,Mesa,Colorado,08077,42126,530.0,154210.0
2022-03-30,Mesa,Colorado,08077,42132,530.0,154210.0
2022-03-31,Mesa,Colorado,08077,42154,530.0,154210.0
2022-04-01,Mesa,Colorado,08077,42198,530.0,154210.0
2022-04-02,Mesa,Colorado,08077,42198,530.0,154210.0
2022-04-03,Mesa,Colorado,08077,42198,530.0,154210.0
2022-04-04,Mesa,Colorado,08077,42239,530.0,154210.0
2022-04-05,Mesa,Colorado,08077,42267,530.0,154210.0
2022-04-06,Mesa,Colorado,08077,42295,530.0,154210.0
2022-04-07,Mesa,Colorado,08077,42327,531.0,154210.0
2022-04-08,Mesa,Colorado,08077,42390,531.0,154210.0
2022-04-09,Mesa,Colorado,08077,42390,531.0,154210.0
2022-04-10,Mesa,Colorado,08077,42390,531.0,154210.0
2022-04-11,Mesa,Colorado,08077,42421,532.0,154210.0
2022-04-12,Mesa,Colorado,08077,42429,532.0,154210.0
2022-04-13,Mesa,Colorado,08077,42444,533.0,154210.0
2022-04-14,Mesa,Colorado,08077,42481,532.0,154210.0
2022-04-15,Mesa,Colorado,08077,42560,534.0,154210.0
2022-04-16,Mesa,Colorado,08077,42560,534.0,154210.0
2022-04-17,Mesa,Colorado,08077,42560,534.0,154210.0
2022-04-18,Mesa,Colorado,08077,42582,534.0,154210.0
2022-04-19,Mesa,Colorado,08077,42602,534.0,154210.0
2022-04-20,Mesa,Colorado,08077,42625,534.0,154210.0
2022-04-21,Mesa,Colorado,08077,42646,534.0,154210.0
2022-04-22,Mesa,Colorado,08077,42667,536.0,154210.0
2022-04-23,Mesa,Colorado,08077,42667,536.0,154210.0
2022-04-24,Mesa,Colorado,08077,42667,536.0,154210.0
2022-04-25,Mesa,Colorado,08077,42712,536.0,154210.0
2022-04-26,Mesa,Colorado,08077,42739,536.0,154210.0
2022-04-27,Mesa,Colorado,08077,42751,536.0,154210.0
2022-04-28,Mesa,Colorado,08077,42771,537.0,154210.0
2022-04-29,Mesa,Colorado,08077,42776,538.0,154210.0
2022-04-30,Mesa,Colorado,08077,42776,538.0,154210.0
2021-12-01,New Haven,Connecticut,09009,110417,2274.0,854757.0
2021-12-02,New Haven,Connecticut,09009,110703,2274.0,854757.0
2021-12-03,New Haven,Connecticut,09009,110848,2280.0,854757.0
2021-12-04,New Haven,Connecticut,09009,110848,2280.0,854757.0
2021-12-05,New Haven,Connecticut,09009,110848,2280.0,854757.0
2021-12-06,New Haven,Connecticut,09009,112425,2280.0,854757.0
2021-12-07,New Haven,Connecticut,09009,112969,2288.0,854757.0
2021-12-08,New Haven,Connecticut,09009,113208,2288.0,854757.0
2021-12-09,New Haven,Connecticut,09009,113940,2288.0,854757.0
2021-12-10,New Haven,Connecticut,09009,114705,2297.0,854757.0
2021-12-11,New Haven,Connecticut,09009,114705,2297.0,854757.0
2021-12-12,New Haven,Connecticut,09009,114705,2297.0,854757.0
2021-12-13,New Haven,Connecticut,09009,116779,2297.0,854757.0
2021-12-14,New Haven,Connecticut,09009,117516,2308.0,854757.0
2021-12-15,New Haven,Connecticut,09009,117870,2310.0,854757.0
2021-12-16,New Haven,Connecticut,09009,118367,2310.0,854757.0
2021-12-17,New Haven,Connecticut,09009,118666,2310.0,854757.0
2021-12-18,New Haven,Connecticut,09009,118666,2310.0,854757.0
2021-12-19,New Haven,Connecticut,09009,118666,2310.0,854757.0
2021-12-20,New Haven,Connecticut,09009,120403,2318.0,854757.0
2021-12-21,New Haven,Connecticut,09009,122290,2325.0,854757.0
2021-12-22,New Haven,Connecticut,09009,123300,2325.0,854757.0
2021-12-23,New Haven,Connecticut,09009,124326,2325.0,854757.0
2021-12-24,New Haven,Connecticut,09009,124326,2325.0,854757.0
2021-12-25,New Haven,Connecticut,09009,124326,2325.0,854757.0
2021-12-26,New Haven,Connecticut,09009,124326,2325.0,854757.0
2021-12-27,New Haven,Connecticut,09009,127993,2327.0,854757.0
2021-12-28,New Haven,Connecticut,09009,129536,2341.0,854757.0
2021-12-29,New Haven,Connecticut,09009,131526,2342.0,854757.0
2021-12-30,New Haven,Connecticut,09009,133669,2342.0,854757.0
2021-12-31,New Haven,Connecticut,09009,133669,2342.0,854757.0
2022-01-01,New Haven,Connecticut,09009,133669,2342.0,854757.0
2022-01-02,New Haven,Connecticut,09009,133669,2342.0,854757.0
2022-01-03,New Haven,Connecticut,09009,140745,2349.0,854757.0
2022-01-04,New Haven,Connecticut,09009,143548,2371.0,854757.0
2022-01-05,New Haven,Connecticut,09009,145539,2371.0,854757.0
2022-01-06,New Haven,Connecticut,09009,147192,2371.0,854757.0
2022-01-07,New Haven,Connecticut,09009,149587,2403.0,854757.0
2022-01-08,New Haven,Connecticut,09009,149587,2403.0,854757.0
2022-01-09,New Haven,Connecticut,09009,149587,2403.0,854757.0
2022-01-10,New Haven,Connecticut,09009,159375,2403.0,854757.0
2022-01-11,New Haven,Connecticut,09009,161272,2429.0,854757.0
2022-01-12,New Haven,Connecticut,09009,163214,2434.0,854757.0
2022-01-13,New Haven,Connecticut,09009,165359,2434.0,854757.0
2022-01-14,New Haven,Connecticut,09009,167580,2470.0,854757.0
2022-01-15,New Haven,Connecticut,09009,167580,2470.0,854757.0
2022-01-16,New Haven,Connecticut,09009,167580,2470.0,854757.0
2022-01-17,New Haven,Connecticut,09009,171881,2469.0,854757.0
2022-01-18,New Haven,Connecticut,09009,173127,2472.0,854757.0
2022-01-19,New Haven,Connecticut,09009,174385,2506.0,854757.0
2022-01-20,New Haven,Connecticut,09009,175756,2509.0,854757.0
2022-01-21,New Haven,Connecticut,09009,176971,2534.0,854757.0
2022-01-22,New Haven,Connecticut,09009,176971,2534.0,854757.0
2022-01-23,New Haven,Connecticut,09009,176971,2534.0,854757.0
2022-01-24,New Haven,Connecticut,09009,179656,2537.0,854757.0
2022-01-25,New Haven,Connecticut,09009,180457,2538.0,854757.0
2022-01-26,New Haven,Connecticut,09009,181108,2567.0,854757.0
2022-01-27,New Haven,Connecticut,09009,181836,2571.0,854757.0
2022-01-28,New Haven,Connecticut,09009,182543,2590.0,854757.0
2022-01-29,New Haven,Connecticut,09009,182543,2590.0,854757.0
2022-01-30,New Haven,Connecticut,09009,182543,2590.0,854757.0
2022-01-31,New Haven,Connecticut,09009,183151,2595.0,854757.0
2022-02-01,New Haven,Connecticut,09009,183400,2615.0,854757.0
2022-02-02,New Haven,Connecticut,09009,183922,2618.0,854757.0
2022-02-03,New Haven,Connecticut,09009,184698,2619.0,854757.0
2022-02-04,New Haven,Connecticut,09009,185076,2640.0,854757.0
2022-02-05,New Haven,Connecticut,09009,185076,2640.0,854757.0
2022-02-06,New Haven,Connecticut,09009,185076,2640.0,854757.0
2022-02-07,New Haven,Connecticut,09009,185705,2639.0,854757.0
2022-02-08,New Haven,Connecticut,09009,186006,2639.0,854757.0
2022-02-09,New Haven,Connecticut,09009,186255,2653.0,854757.0
2022-02-10,New Haven,Connecticut,09009,186504,2654.0,854757.0
2022-02-11,New Haven,Connecticut,09009,186894,2664.0,854757.0
2022-02-12,New Haven,Connecticut,09009,186894,2664.0,854757.0
2022-02-13,New Haven,Connecticut,09009,186894,2664.0,854757.0
2022-02-14,New Haven,Connecticut,09009,187271,2664.0,854757.0
2022-02-15,New Haven,Connecticut,09009,187827,2688.0,854757.0
2022-02-16,New Haven,Connecticut,09009,188832,2682.0,854757.0
2022-02-17,New Haven,Connecticut,09009,188938,2687.0,854757.0
2022-02-18,New Haven,Connecticut,09009,189204,2699.0,854757.0
2022-02-19,New Haven,Connecticut,09009,189204,2699.0,854757.0
2022-02-20,New Haven,Connecticut,09009,189204,2699.0,854757.0
2022-02-21,New Haven,Connecticut,09009,189500,2706.0,854757.0
2022-02-22,New Haven,Connecticut,09009,189592,2706.0,854757.0
2022-02-23,New Haven,Connecticut,09009,189689,2724.0,854757.0
2022-02-24,New Haven,Connecticut,09009,189743,2725.0,854757.0
2022-02-25,New Haven,Connecticut,09009,189814,2729.0,854757.0
2022-02-26,New Haven,Connecticut,09009,189814,2729.0,854757.0
2022-02-27,New Haven,Connecticut,09009,189814,2729.0,854757.0
2022-02-28,New Haven,Connecticut,09009,190110,2731.0,854757.0
2022-03-01,New Haven,Connecticut,09009,190141,2730.0,854757.0
2022-03-02,New Haven,Connecticut,09009,190172,2740.0,854757.0
2022-03-03,New Haven,Connecticut,09009,190408,2740.0,854757.0
2022-03-04,New Haven,Connecticut,09009,190557,2748.0,854757.0
2022-03-05,New Haven,Connecticut,09009,190557,2748.0,854757.0
2022-03-06,New Haven,Connecticut,09009,190557,2748.0,854757.0
2022-03-07,New Haven,Connecticut,09009,192053,2747.0,854757.0
2022-03-08,New Haven,Connecticut,09009,192702,2755.0,854757.0
2022-03-09,New Haven,Connecticut,09009,192804,2761.0,854757.0
2022-03-10,New Haven,Connecticut,09009,192884,2765.0,854757.0
2022-03-11,New Haven,Connecticut,09009,193017,2768.0,854757.0
2022-03-12,New Haven,Connecticut,09009,193017,2768.0,854757.0
2022-03-13,New Haven,Connecticut,09009,193017,2768.0,854757.0
2022-03-14,New Haven,Connecticut,09009,193275,2769.0,854757.0
2022-03-15,New Haven,Connecticut,09009,193351,2772.0,854757.0
2022-03-16,New Haven,Connecticut,09009,193445,2773.0,854757.0
2022-03-17,New Haven,Connecticut,09009,193580,2773.0,854757.0
2022-03-18,New Haven,Connecticut,09009,193688,2780.0,854757.0
2022-03-19,New Haven,Connecticut,09009,193688,2780.0,854757.0
2022-03-20,New Haven,Connecticut,09009,193688,2780.0,854757.0
2022-03-21,New Haven,Connecticut,09009,193901,2783.0,854757.0
2022-03-22,New Haven,Connecticut,09009,194017,2789.0,854757.0
2022-03-23,New Haven,Connecticut,09009,194103,2788.0,854757.0
2022-03-24,New Haven,Connecticut,09009,194231,2789.0,854757.0
2022-03-25,New Haven,Connecticut,09009,194335,2796.0,854757.0
2022-03-26,New Haven,Connecticut,09009,194335,2796.0,854757.0
2022-03-27,New Haven,Connecticut,09009,194335,2796.0,854757.0
2022-03-28,New Haven,Connecticut,09009,194567,2796.0,854757.0
2022-03-29,New Haven,Connecticut,09009,194680,2805.0,854757.0
2022-03-30,New Haven,Connecticut,09009,194786,2805.0,854757.0
2022-03-31,New Haven,Connecticut,09009,194892,2806.0,854757.0
2022-04-01,New Haven,Connecticut,09009,195022,2808.0,854757.0
2022-04-02,New Haven,Connecticut,09009,195022,2808.0,854757.0
2022-04-03,New Haven,Connecticut,09009,195022,2808.0,854757.0
2022-04-04,New Haven,Connecticut,09009,195319,2808.0,854757.0
2022-04-05,New Haven,Connecticut,09009,195425,2809.0,854757.0
2022-04-06,New Haven,Connecticut,09009,195533,2811.0,854757.0
2022-04-07,New Haven,Connecticut,09009,195744,2811.0,854757.0
2022-04-08,New Haven,Connecticut,09009,195898,2811.0,854757.0
2022-04-09,New Haven,Connecticut,09009,195898,2811.0,854757.0
2022-04-10,New Haven,Connecticut,09009,195898,2811.0,854757.0
2022-04-11,New Haven,Connecticut,09009,196334,2811.0,854757.0
2022-04-12,New Haven,Connecticut,09009,196585,2812.0,854757.0
2022-04-13,New Haven,Connecticut,09009,196791,2812.0,854757.0
2022-04-14,New Haven,Connecticut,09009,196954,2812.0,854757.0
2022-04-15,New Haven,Connecticut,09009,197193,2814.0,854757.0
2022-04-16,New Haven,Connecticut,09009,197193,2814.0,854757.0
2022-04-17,New Haven,Connecticut,09009,197193,2814.0,854757.0
2022-04-18,New Haven,Connecticut,09009,197674,2814.0,854757.0
2022-04-19,New Haven,Connecticut,09009,197871,2814.0,854757.0
2022-04-20,New Haven,Connecticut,09009,198147,2817.0,854757.0
2022-04-21,New Haven,Connecticut,09009,198377,2817.0,854757.0
2022-04-22,New Haven,Connecticut,09009,198601,2818.0,854757.0
2022-04-23,New Haven,Connecticut,09009,198601,2818.0,854757.0
2022-04-24,New Haven,Connecticut,09009,198601,2818.0,854757.0
2022-04-25,New Haven,Connecticut,09009,199084,2818.0,854757.0
2022-04-26,New Haven,Connecticut,09009,199354,2820.0,854757.0
2022-04-27,New Haven,Connecticut,09009,199602,2820.0,854757.0
2022-04-28,New Haven,Connecticut,09009,199932,2820.0,854757.0
2022-04-29,New Haven,Connecticut,09009,200168,2823.0,854757.0
2022-04-30,New Haven,Connecticut,09009,200168,2823.0,854757.0
2021-12-01,Tolland,Connecticut,09013,12074,204.0,150721.0
2021-12-02,Tolland,Connecticut,09013,12133,204.0,150721.0
2021-12-03,Tolland,Connecticut,09013,12174,204.0,150721.0
2021-12-04,Tolland,Connecticut,09013,12174,204.0,150721.0
2021-12-05,Tolland,Connecticut,09013,12174,204.0,150721.0
2021-12-06,Tolland,Connecticut,09013,12366,204.0,150721.0
2021-12-07,Tolland,Connecticut,09013,12449,205.0,150721.0
2021-12-08,Tolland,Connecticut,09013,12470,205.0,150721.0
2021-12-09,Tolland,Connecticut,09013,12586,205.0,150721.0
2021-12-10,Tolland,Connecticut,09013,12731,205.0,150721.0
2021-12-11,Tolland,Connecticut,09013,12731,205.0,150721.0
2021-12-12,Tolland,Connecticut,09013,12731,205.0,150721.0
2021-12-13,Tolland,Connecticut,09013,13027,205.0,150721.0
2021-12-14,Tolland,Connecticut,09013,13164,205.0,150721.0
2021-12-15,Tolland,Connecticut,09013,13242,205.0,150721.0
2021-12-16,Tolland,Connecticut,09013,13310,205.0,150721.0
2021-12-17,Tolland,Connecticut,09013,13358,205.0,150721.0
2021-12-18,Tolland,Connecticut,09013,13358,205.0,150721.0
2021-12-19,Tolland,Connecticut,09013,13358,205.0,150721.0
2021-12-20,Tolland,Connecticut,09013,13513,207.0,150721.0
2021-12-21,Tolland,Connecticut,09013,13642,208.0,150721.0
2021-12-22,Tolland,Connecticut,09013,13730,208.0,150721.0
2021-12-23,Tolland,Connecticut,09013,13790,208.0,150721.0
2021-12-24,Tolland,Connecticut,09013,13790,208.0,150721.0
2021-12-25,Tolland,Connecticut,09013,13790,208.0,150721.0
2021-12-26,Tolland,Connecticut,09013,13790,208.0,150721.0
2021-12-27,Tolland,Connecticut,09013,14079,209.0,150721.0
2021-12-28,Tolland,Connecticut,09013,14224,210.0,150721.0
2021-12-29,Tolland,Connecticut,09013,14423,211.0,150721.0
2021-12-30,Tolland,Connecticut,09013,14589,211.0,150721.0
2021-12-31,Tolland,Connecticut,09013,14589,211.0,150721.0
2022-01-01,Tolland,Connecticut,09013,14589,211.0,150721.0
2022-01-02,Tolland,Connecticut,09013,14589,211.0,150721.0
2022-01-03,Tolland,Connecticut,09013,15002,211.0,150721.0
2022-01-04,Tolland,Connecticut,09013,15268,216.0,150721.0
2022-01-05,Tolland,Connecticut,09013,15561,216.0,150721.0
2022-01-06,Tolland,Connecticut,09013,15816,216.0,150721.0
2022-01-07,Tolland,Connecticut,09013,16125,219.0,150721.0
2022-01-08,Tolland,Connecticut,09013,16125,219.0,150721.0
2022-01-09,Tolland,Connecticut,09013,16125,219.0,150721.0
2022-01-10,Tolland,Connecticut,09013,16614,219.0,150721.0
2022-01-11,Tolland,Connecticut,09013,16761,219.0,150721.0
2022-01-12,Tolland,Connecticut,09013,16984,219.0,150721.0
2022-01-13,Tolland,Connecticut,09013,17171,219.0,150721.0
2022-01-14,Tolland,Connecticut,09013,17342,229.0,150721.0
2022-01-15,Tolland,Connecticut,09013,17342,229.0,150721.0
2022-01-16,Tolland,Connecticut,09013,17342,229.0,150721.0
2022-01-17,Tolland,Connecticut,09013,17747,229.0,150721.0
2022-01-18,Tolland,Connecticut,09013,17861,229.0,150721.0
2022-01-19,Tolland,Connecticut,09013,18005,233.0,150721.0
2022-01-20,Tolland,Connecticut,09013,18136,235.0,150721.0
2022-01-21,Tolland,Connecticut,09013,18250,239.0,150721.0
2022-01-22,Tolland,Connecticut,09013,18250,239.0,150721.0
2022-01-23,Tolland,Connecticut,09013,18250,239.0,150721.0
2022-01-24,Tolland,Connecticut,09013,18582,239.0,150721.0
2022-01-25,Tolland,Connecticut,09013,18744,239.0,150721.0
2022-01-26,Tolland,Connecticut,09013,18870,244.0,150721.0
2022-01-27,Tolland,Connecticut,09013,18983,244.0,150721.0
2022-01-28,Tolland,Connecticut,09013,19125,245.0,150721.0
2022-01-29,Tolland,Connecticut,09013,19125,245.0,150721.0
2022-01-30,Tolland,Connecticut,09013,19125,245.0,150721.0
2022-01-31,Tolland,Connecticut,09013,19288,248.0,150721.0
2022-02-01,Tolland,Connecticut,09013,19363,249.0,150721.0
2022-02-02,Tolland,Connecticut,09013,19424,250.0,150721.0
2022-02-03,Tolland,Connecticut,09013,19485,250.0,150721.0
2022-02-04,Tolland,Connecticut,09013,19537,254.0,150721.0
2022-02-05,Tolland,Connecticut,09013,19537,254.0,150721.0
2022-02-06,Tolland,Connecticut,09013,19537,254.0,150721.0
2022-02-07,Tolland,Connecticut,09013,19591,254.0,150721.0
2022-02-08,Tolland,Connecticut,09013,19647,254.0,150721.0
2022-02-09,Tolland,Connecticut,09013,19690,257.0,150721.0
2022-02-10,Tolland,Connecticut,09013,19722,257.0,150721.0
2022-02-11,Tolland,Connecticut,09013,19770,257.0,150721.0
2022-02-12,Tolland,Connecticut,09013,19770,257.0,150721.0
2022-02-13,Tolland,Connecticut,09013,19770,257.0,150721.0
2022-02-14,Tolland,Connecticut,09013,19832,257.0,150721.0
2022-02-15,Tolland,Connecticut,09013,19863,258.0,150721.0
2022-02-16,Tolland,Connecticut,09013,19901,259.0,150721.0
2022-02-17,Tolland,Connecticut,09013,19914,259.0,150721.0
2022-02-18,Tolland,Connecticut,09013,19967,259.0,150721.0
2022-02-19,Tolland,Connecticut,09013,19967,259.0,150721.0
2022-02-20,Tolland,Connecticut,09013,19967,259.0,150721.0
2022-02-21,Tolland,Connecticut,09013,20019,259.0,150721.0
2022-02-22,Tolland,Connecticut,09013,20036,259.0,150721.0
2022-02-23,Tolland,Connecticut,09013,20060,259.0,150721.0
2022-02-24,Tolland,Connecticut,09013,20082,259.0,150721.0
2022-02-25,Tolland,Connecticut,09013,20103,260.0,150721.0
2022-02-26,Tolland,Connecticut,09013,20103,260.0,150721.0
2022-02-27,Tolland,Connecticut,09013,20103,260.0,150721.0
2022-02-28,Tolland,Connecticut,09013,20127,260.0,150721.0
2022-03-01,Tolland,Connecticut,09013,20131,260.0,150721.0
2022-03-02,Tolland,Connecticut,09013,20144,263.0,150721.0
2022-03-03,Tolland,Connecticut,09013,20145,263.0,150721.0
2022-03-04,Tolland,Connecticut,09013,20158,263.0,150721.0
2022-03-05,Tolland,Connecticut,09013,20158,263.0,150721.0
2022-03-06,Tolland,Connecticut,09013,20158,263.0,150721.0
2022-03-07,Tolland,Connecticut,09013,20175,263.0,150721.0
2022-03-08,Tolland,Connecticut,09013,20189,264.0,150721.0
2022-03-09,Tolland,Connecticut,09013,20196,264.0,150721.0
2022-03-10,Tolland,Connecticut,09013,20203,264.0,150721.0
2022-03-11,Tolland,Connecticut,09013,20209,266.0,150721.0
2022-03-12,Tolland,Connecticut,09013,20209,266.0,150721.0
2022-03-13,Tolland,Connecticut,09013,20209,266.0,150721.0
2022-03-14,Tolland,Connecticut,09013,20227,266.0,150721.0
2022-03-15,Tolland,Connecticut,09013,20244,266.0,150721.0
2022-03-16,Tolland,Connecticut,09013,20250,266.0,150721.0
2022-03-17,Tolland,Connecticut,09013,20270,266.0,150721.0
2022-03-18,Tolland,Connecticut,09013,20284,268.0,150721.0
2022-03-19,Tolland,Connecticut,09013,20284,268.0,150721.0
2022-03-20,Tolland,Connecticut,09013,20284,268.0,150721.0
2022-03-21,Tolland,Connecticut,09013,20294,268.0,150721.0
2022-03-22,Tolland,Connecticut,09013,20310,268.0,150721.0
2022-03-23,Tolland,Connecticut,09013,20323,268.0,150721.0
2022-03-24,Tolland,Connecticut,09013,20334,268.0,150721.0
2022-03-25,Tolland,Connecticut,09013,20353,269.0,150721.0
2022-03-26,Tolland,Connecticut,09013,20353,269.0,150721.0
2022-03-27,Tolland,Connecticut,09013,20353,269.0,150721.0
2022-03-28,Tolland,Connecticut,09013,20389,269.0,150721.0
2022-03-29,Tolland,Connecticut,09013,20402,269.0,150721.0
2022-03-30,Tolland,Connecticut,09013,20419,269.0,150721.0
2022-03-31,Tolland,Connecticut,09013,20439,270.0,150721.0
2022-04-01,Tolland,Connecticut,09013,20463,270.0,150721.0
2022-04-02,Tolland,Connecticut,09013,20463,270.0,150721.0
2022-04-03,Tolland,Connecticut,09013,20463,270.0,150721.0
2022-04-04,Tolland,Connecticut,09013,20507,270.0,150721.0
2022-04-05,Tolland,Connecticut,09013,20524,270.0,150721.0
2022-04-06,Tolland,Connecticut,09013,20535,269.0,150721.0
2022-04-07,Tolland,Connecticut,09013,20562,269.0,150721.0
2022-04-08,Tolland,Connecticut,09013,20608,269.0,150721.0
2022-04-09,Tolland,Connecticut,09013,20608,269.0,150721.0
2022-04-10,Tolland,Connecticut,09013,20608,269.0,150721.0
2022-04-11,Tolland,Connecticut,09013,20665,270.0,150721.0
2022-04-12,Tolland,Connecticut,09013,20699,272.0,150721.0
2022-04-13,Tolland,Connecticut,09013,20716,272.0,150721.0
2022-04-14,Tolland,Connecticut,09013,20720,272.0,150721.0
2022-04-15,Tolland,Connecticut,09013,20777,272.0,150721.0
2022-04-16,Tolland,Connecticut,09013,20777,272.0,150721.0
2022-04-17,Tolland,Connecticut,09013,20777,272.0,150721.0
2022-04-18,Tolland,Connecticut,09013,20831,272.0,150721.0
2022-04-19,Tolland,Connecticut,09013,20878,272.0,150721.0
2022-04-20,Tolland,Connecticut,09013,20911,272.0,150721.0
2022-04-21,Tolland,Connecticut,09013,20932,272.0,150721.0
2022-04-22,Tolland,Connecticut,09013,20979,274.0,150721.0
2022-04-23,Tolland,Connecticut,09013,20979,274.0,150721.0
2022-04-24,Tolland,Connecticut,09013,20979,274.0,150721.0
2022-04-25,Tolland,Connecticut,09013,21051,274.0,150721.0
2022-04-26,Tolland,Connecticut,09013,21087,274.0,150721.0
2022-04-27,Tolland,Connecticut,09013,21127,274.0,150721.0
2022-04-28,Tolland,Connecticut,09013,21167,274.0,150721.0
2022-04-29,Tolland,Connecticut,09013,21198,274.0,150721.0
2022-04-30,Tolland,Connecticut,09013,21198,274.0,150721.0
2021-12-01,New Castle,Delaware,10003,87424,1057.0,558753.0
2021-12-02,New Castle,Delaware,10003,87743,1057.0,558753.0
2021-12-03,New Castle,Delaware,10003,88159,1066.0,558753.0
2021-12-04,New Castle,Delaware,10003,88612,1066.0,558753.0
2021-12-05,New Castle,Delaware,10003,88888,1066.0,558753.0
2021-12-06,New Castle,Delaware,10003,89112,1066.0,558753.0
2021-12-07,New Castle,Delaware,10003,89279,1069.0,558753.0
2021-12-08,New Castle,Delaware,10003,89589,1072.0,558753.0
2021-12-09,New Castle,Delaware,10003,89970,1074.0,558753.0
2021-12-10,New Castle,Delaware,10003,90416,1075.0,558753.0
2021-12-11,New Castle,Delaware,10003,90795,1080.0,558753.0
2021-12-12,New Castle,Delaware,10003,91096,1080.0,558753.0
2021-12-13,New Castle,Delaware,10003,91454,1080.0,558753.0
2021-12-14,New Castle,Delaware,10003,91588,1083.0,558753.0
2021-12-15,New Castle,Delaware,10003,91873,1085.0,558753.0
2021-12-16,New Castle,Delaware,10003,92205,1085.0,558753.0
2021-12-17,New Castle,Delaware,10003,92734,1085.0,558753.0
2021-12-18,New Castle,Delaware,10003,93189,1091.0,558753.0
2021-12-19,New Castle,Delaware,10003,93554,1091.0,558753.0
2021-12-20,New Castle,Delaware,10003,93921,1091.0,558753.0
2021-12-21,New Castle,Delaware,10003,94218,1095.0,558753.0
2021-12-22,New Castle,Delaware,10003,94520,1095.0,558753.0
2021-12-23,New Castle,Delaware,10003,95144,1096.0,558753.0
2021-12-24,New Castle,Delaware,10003,95970,1105.0,558753.0
2021-12-25,New Castle,Delaware,10003,96862,1105.0,558753.0
2021-12-26,New Castle,Delaware,10003,97631,1105.0,558753.0
2021-12-27,New Castle,Delaware,10003,97915,1105.0,558753.0
2021-12-28,New Castle,Delaware,10003,98237,1107.0,558753.0
2021-12-29,New Castle,Delaware,10003,98819,1111.0,558753.0
2021-12-30,New Castle,Delaware,10003,100020,1112.0,558753.0
2021-12-31,New Castle,Delaware,10003,101913,1112.0,558753.0
2022-01-01,New Castle,Delaware,10003,104426,1112.0,558753.0
2022-01-02,New Castle,Delaware,10003,106161,1112.0,558753.0
2022-01-03,New Castle,Delaware,10003,107755,1112.0,558753.0
2022-01-04,New Castle,Delaware,10003,109060,1112.0,558753.0
2022-01-05,New Castle,Delaware,10003,109986,1112.0,558753.0
2022-01-06,New Castle,Delaware,10003,111837,1112.0,558753.0
2022-01-07,New Castle,Delaware,10003,113698,1130.0,558753.0
2022-01-08,New Castle,Delaware,10003,115882,1146.0,558753.0
2022-01-09,New Castle,Delaware,10003,117976,1146.0,558753.0
2022-01-10,New Castle,Delaware,10003,119730,1146.0,558753.0
2022-01-11,New Castle,Delaware,10003,121001,1150.0,558753.0
2022-01-12,New Castle,Delaware,10003,123038,1153.0,558753.0
2022-01-13,New Castle,Delaware,10003,125537,1156.0,558753.0
2022-01-14,New Castle,Delaware,10003,127278,1159.0,558753.0
2022-01-15,New Castle,Delaware,10003,128976,1177.0,558753.0
2022-01-16,New Castle,Delaware,10003,130278,1177.0,558753.0
2022-01-17,New Castle,Delaware,10003,131345,1177.0,558753.0
2022-01-18,New Castle,Delaware,10003,132118,1177.0,558753.0
2022-01-19,New Castle,Delaware,10003,132866,1186.0,558753.0
2022-01-20,New Castle,Delaware,10003,133641,1193.0,558753.0
2022-01-21,New Castle,Delaware,10003,134821,1199.0,558753.0
2022-01-22,New Castle,Delaware,10003,135915,1206.0,558753.0
2022-01-23,New Castle,Delaware,10003,136824,1205.0,558753.0
2022-01-24,New Castle,Delaware,10003,137494,1205.0,558753.0
2022-01-25,New Castle,Delaware,10003,138002,1210.0,558753.0
2022-01-26,New Castle,Delaware,10003,138376,1213.0,558753.0
2022-01-27,New Castle,Delaware,10003,139117,1213.0,558753.0
2022-01-28,New Castle,Delaware,10003,139775,1214.0,558753.0
2022-01-29,New Castle,Delaware,10003,140248,1224.0,558753.0
2022-01-30,New Castle,Delaware,10003,140567,1224.0,558753.0
2022-01-31,New Castle,Delaware,10003,140842,1224.0,558753.0
2022-02-01,New Castle,Delaware,10003,141029,1229.0,558753.0
2022-02-02,New Castle,Delaware,10003,141217,1231.0,558753.0
2022-02-03,New Castle,Delaware,10003,141653,1234.0,558753.0
2022-02-04,New Castle,Delaware,10003,141965,1236.0,558753.0
2022-02-05,New Castle,Delaware,10003,142195,1246.0,558753.0
2022-02-06,New Castle,Delaware,10003,142416,1246.0,558753.0
2022-02-07,New Castle,Delaware,10003,142562,1246.0,558753.0
2022-02-08,New Castle,Delaware,10003,142688,1250.0,558753.0
2022-02-09,New Castle,Delaware,10003,142887,1253.0,558753.0
2022-02-10,New Castle,Delaware,10003,143136,1253.0,558753.0
2022-02-11,New Castle,Delaware,10003,143381,1253.0,558753.0
2022-02-12,New Castle,Delaware,10003,143526,1278.0,558753.0
2022-02-13,New Castle,Delaware,10003,143648,1278.0,558753.0
2022-02-14,New Castle,Delaware,10003,143779,1278.0,558753.0
2022-02-15,New Castle,Delaware,10003,143852,1280.0,558753.0
2022-02-16,New Castle,Delaware,10003,143931,1281.0,558753.0
2022-02-17,New Castle,Delaware,10003,144131,1282.0,558753.0
2022-02-18,New Castle,Delaware,10003,144281,1285.0,558753.0
2022-02-19,New Castle,Delaware,10003,144399,1307.0,558753.0
2022-02-20,New Castle,Delaware,10003,144489,1307.0,558753.0
2022-02-21,New Castle,Delaware,10003,144554,1307.0,558753.0
2022-02-22,New Castle,Delaware,10003,144600,1308.0,558753.0
2022-02-23,New Castle,Delaware,10003,144648,1309.0,558753.0
2022-02-24,New Castle,Delaware,10003,145096,1309.0,558753.0
2022-02-25,New Castle,Delaware,10003,145173,1310.0,558753.0
2022-02-26,New Castle,Delaware,10003,145234,1310.0,558753.0
2022-02-27,New Castle,Delaware,10003,145301,1310.0,558753.0
2022-02-28,New Castle,Delaware,10003,145343,1310.0,558753.0
2022-03-01,New Castle,Delaware,10003,145354,1311.0,558753.0
2022-03-02,New Castle,Delaware,10003,145409,1311.0,558753.0
2022-03-03,New Castle,Delaware,10003,145490,1311.0,558753.0
2022-03-04,New Castle,Delaware,10003,145585,1312.0,558753.0
2022-03-05,New Castle,Delaware,10003,145662,1338.0,558753.0
2022-03-06,New Castle,Delaware,10003,145717,1338.0,558753.0
2022-03-07,New Castle,Delaware,10003,145740,1338.0,558753.0
2022-03-08,New Castle,Delaware,10003,145762,1338.0,558753.0
2022-03-09,New Castle,Delaware,10003,145797,1338.0,558753.0
2022-03-10,New Castle,Delaware,10003,146011,1338.0,558753.0
2022-03-11,New Castle,Delaware,10003,146106,1338.0,558753.0
2022-03-12,New Castle,Delaware,10003,146146,1367.0,558753.0
2022-03-13,New Castle,Delaware,10003,146189,1367.0,558753.0
2022-03-14,New Castle,Delaware,10003,146208,1367.0,558753.0
2022-03-15,New Castle,Delaware,10003,146237,1368.0,558753.0
2022-03-16,New Castle,Delaware,10003,146269,1368.0,558753.0
2022-03-17,New Castle,Delaware,10003,146306,1368.0,558753.0
2022-03-18,New Castle,Delaware,10003,146366,1368.0,558753.0
2022-03-19,New Castle,Delaware,10003,146418,1379.0,558753.0
2022-03-20,New Castle,Delaware,10003,146469,1379.0,558753.0
2022-03-21,New Castle,Delaware,10003,146494,1379.0,558753.0
2022-03-22,New Castle,Delaware,10003,146512,1379.0,558753.0
2022-03-23,New Castle,Delaware,10003,146551,1379.0,558753.0
2022-03-24,New Castle,Delaware,10003,146667,1379.0,558753.0
2022-03-25,New Castle,Delaware,10003,146758,1379.0,558753.0
2022-03-26,New Castle,Delaware,10003,146816,1383.0,558753.0
2022-03-27,New Castle,Delaware,10003,146867,1383.0,558753.0
2022-03-28,New Castle,Delaware,10003,146884,1383.0,558753.0
2022-03-29,New Castle,Delaware,10003,146910,1383.0,558753.0
2022-03-30,New Castle,Delaware,10003,146944,1383.0,558753.0
2022-03-31,New Castle,Delaware,10003,147004,1383.0,558753.0
2022-04-01,New Castle,Delaware,10003,147067,1383.0,558753.0
2022-04-02,New Castle,Delaware,10003,147127,1395.0,558753.0
2022-04-03,New Castle,Delaware,10003,147168,1395.0,558753.0
2022-04-04,New Castle,Delaware,10003,147192,1395.0,558753.0
2022-04-05,New Castle,Delaware,10003,147219,1396.0,558753.0
2022-04-06,New Castle,Delaware,10003,147265,1396.0,558753.0
2022-04-07,New Castle,Delaware,10003,147367,1396.0,558753.0
2022-04-08,New Castle,Delaware,10003,146569,1396.0,558753.0
2022-04-09,New Castle,Delaware,10003,146629,1400.0,558753.0
2022-04-10,New Castle,Delaware,10003,146707,1400.0,558753.0
2022-04-11,New Castle,Delaware,10003,146761,1400.0,558753.0
2022-04-12,New Castle,Delaware,10003,146801,1400.0,558753.0
2022-04-13,New Castle,Delaware,10003,146894,1400.0,558753.0
2022-04-14,New Castle,Delaware,10003,147005,1400.0,558753.0
2022-04-15,New Castle,Delaware,10003,147142,1407.0,558753.0
2022-04-16,New Castle,Delaware,10003,147142,1407.0,558753.0
2022-04-17,New Castle,Delaware,10003,147142,1407.0,558753.0
2022-04-18,New Castle,Delaware,10003,147434,1407.0,558753.0
2022-04-19,New Castle,Delaware,10003,147472,1408.0,558753.0
2022-04-20,New Castle,Delaware,10003,147570,1408.0,558753.0
2022-04-21,New Castle,Delaware,10003,147677,1408.0,558753.0
2022-04-22,New Castle,Delaware,10003,147791,1408.0,558753.0
2022-04-23,New Castle,Delaware,10003,147959,1412.0,558753.0
2022-04-24,New Castle,Delaware,10003,147959,1412.0,558753.0
2022-04-25,New Castle,Delaware,10003,148107,1412.0,558753.0
2022-04-26,New Castle,Delaware,10003,148164,1413.0,558753.0
2022-04-27,New Castle,Delaware,10003,148290,1413.0,558753.0
2022-04-28,New Castle,Delaware,10003,148439,1413.0,558753.0
2022-04-29,New Castle,Delaware,10003,148584,1414.0,558753.0
2022-04-30,New Castle,Delaware,10003,148584,1414.0,558753.0
2021-12-01,Alachua,Florida,12001,40067,536.0,269043.0
2021-12-02,Alachua,Florida,12001,40067,536.0,269043.0
2021-12-03,Alachua,Florida,12001,40160,536.0,269043.0
2021-12-04,Alachua,Florida,12001,40160,536.0,269043.0
2021-12-05,Alachua,Florida,12001,40160,536.0,269043.0
2021-12-06,Alachua,Florida,12001,40160,536.0,269043.0
2021-12-07,Alachua,Florida,12001,40160,536.0,269043.0
2021-12-08,Alachua,Florida,12001,40160,536.0,269043.0
2021-12-09,Alachua,Florida,12001,40160,536.0,269043.0
2021-12-10,Alachua,Florida,12001,40321,536.0,269043.0
2021-12-11,Alachua,Florida,12001,40321,536.0,269043.0
2021-12-12,Alachua,Florida,12001,40321,536.0,269043.0
2021-12-13,Alachua,Florida,12001,40321,536.0,269043.0
2021-12-14,Alachua,Florida,12001,40321,537.0,269043.0
2021-12-15,Alachua,Florida,12001,40321,537.0,269043.0
2021-12-16,Alachua,Florida,12001,40321,537.0,269043.0
2021-12-17,Alachua,Florida,12001,40515,537.0,269043.0
2021-12-18,Alachua,Florida,12001,40515,537.0,269043.0
2021-12-19,Alachua,Florida,12001,40515,537.0,269043.0
2021-12-20,Alachua,Florida,12001,40515,537.0,269043.0
2021-12-21,Alachua,Florida,12001,40515,537.0,269043.0
2021-12-22,Alachua,Florida,12001,40515,538.0,269043.0
2021-12-23,Alachua,Florida,12001,40515,538.0,269043.0
2021-12-24,Alachua,Florida,12001,41206,538.0,269043.0
2021-12-25,Alachua,Florida,12001,41206,538.0,269043.0
2021-12-26,Alachua,Florida,12001,41206,538.0,269043.0
2021-12-27,Alachua,Florida,12001,41206,538.0,269043.0
2021-12-28,Alachua,Florida,12001,41206,538.0,269043.0
2021-12-29,Alachua,Florida,12001,41206,539.0,269043.0
2021-12-30,Alachua,Florida,12001,41206,539.0,269043.0
2021-12-31,Alachua,Florida,12001,43279,539.0,269043.0
2022-01-01,Alachua,Florida,12001,43279,539.0,269043.0
2022-01-02,Alachua,Florida,12001,43279,539.0,269043.0
2022-01-03,Alachua,Florida,12001,43279,539.0,269043.0
2022-01-04,Alachua,Florida,12001,43279,539.0,269043.0
2022-01-05,Alachua,Florida,12001,43279,539.0,269043.0
2022-01-06,Alachua,Florida,12001,43279,539.0,269043.0
2022-01-07,Alachua,Florida,12001,47057,539.0,269043.0
2022-01-08,Alachua,Florida,12001,47057,539.0,269043.0
2022-01-09,Alachua,Florida,12001,47057,539.0,269043.0
2022-01-10,Alachua,Florida,12001,47057,539.0,269043.0
2022-01-11,Alachua,Florida,12001,47057,539.0,269043.0
2022-01-12,Alachua,Florida,12001,47057,539.0,269043.0
2022-01-13,Alachua,Florida,12001,47057,539.0,269043.0
2022-01-14,Alachua,Florida,12001,53586,539.0,269043.0
2022-01-15,Alachua,Florida,12001,53586,539.0,269043.0
2022-01-16,Alachua,Florida,12001,53586,539.0,269043.0
2022-01-17,Alachua,Florida,12001,53586,539.0,269043.0
2022-01-18,Alachua,Florida,12001,53586,539.0,269043.0
2022-01-19,Alachua,Florida,12001,53586,538.0,269043.0
2022-01-20,Alachua,Florida,12001,53586,538.0,269043.0
2022-01-21,Alachua,Florida,12001,58537,538.0,269043.0
2022-01-22,Alachua,Florida,12001,58537,538.0,269043.0
2022-01-23,Alachua,Florida,12001,58537,538.0,269043.0
2022-01-24,Alachua,Florida,12001,58537,538.0,269043.0
2022-01-25,Alachua,Florida,12001,58537,538.0,269043.0
2022-01-26,Alachua,Florida,12001,58537,537.0,269043.0
2022-01-27,Alachua,Florida,12001,58537,537.0,269043.0
2022-01-28,Alachua,Florida,12001,62121,537.0,269043.0
2022-01-29,Alachua,Florida,12001,62121,537.0,269043.0
2022-01-30,Alachua,Florida,12001,62121,537.0,269043.0
2022-01-31,Alachua,Florida,12001,62121,537.0,269043.0
2022-02-01,Alachua,Florida,12001,62121,537.0,269043.0
2022-02-02,Alachua,Florida,12001,62121,541.0,269043.0
2022-02-03,Alachua,Florida,12001,62121,541.0,269043.0
2022-02-04,Alachua,Florida,12001,64444,541.0,269043.0
2022-02-05,Alachua,Florida,12001,64444,541.0,269043.0
2022-02-06,Alachua,Florida,12001,64444,541.0,269043.0
2022-02-07,Alachua,Florida,12001,64444,541.0,269043.0
2022-02-08,Alachua,Florida,12001,64444,541.0,269043.0
2022-02-09,Alachua,Florida,12001,64444,545.0,269043.0
2022-02-10,Alachua,Florida,12001,64444,545.0,269043.0
2022-02-11,Alachua,Florida,12001,65992,545.0,269043.0
2022-02-12,Alachua,Florida,12001,65992,545.0,269043.0
2022-02-13,Alachua,Florida,12001,65992,545.0,269043.0
2022-02-14,Alachua,Florida,12001,65992,545.0,269043.0
2022-02-15,Alachua,Florida,12001,65992,545.0,269043.0
2022-02-16,Alachua,Florida,12001,65992,550.0,269043.0
2022-02-17,Alachua,Florida,12001,65992,550.0,269043.0
2022-02-18,Alachua,Florida,12001,66632,550.0,269043.0
2022-02-19,Alachua,Florida,12001,66632,550.0,269043.0
2022-02-20,Alachua,Florida,12001,66632,550.0,269043.0
2022-02-21,Alachua,Florida,12001,66632,550.0,269043.0
2022-02-22,Alachua,Florida,12001,66632,550.0,269043.0
2022-02-23,Alachua,Florida,12001,66632,588.0,269043.0
2022-02-24,Alachua,Florida,12001,66632,588.0,269043.0
2022-02-25,Alachua,Florida,12001,67074,588.0,269043.0
2022-02-26,Alachua,Florida,12001,67074,588.0,269043.0
2022-02-27,Alachua,Florida,12001,67074,588.0,269043.0
2022-02-28,Alachua,Florida,12001,67074,588.0,269043.0
2022-03-01,Alachua,Florida,12001,67074,588.0,269043.0
2022-03-02,Alachua,Florida,12001,67074,594.0,269043.0
2022-03-03,Alachua,Florida,12001,67074,594.0,269043.0
2022-03-04,Alachua,Florida,12001,67364,594.0,269043.0
2022-03-05,Alachua,Florida,12001,67364,594.0,269043.0
2022-03-06,Alachua,Florida,12001,67364,594.0,269043.0
2022-03-07,Alachua,Florida,12001,67364,594.0,269043.0
2022-03-08,Alachua,Florida,12001,67364,594.0,269043.0
2022-03-09,Alachua,Florida,12001,67364,618.0,269043.0
2022-03-10,Alachua,Florida,12001,67364,618.0,269043.0
2022-03-11,Alachua,Florida,12001,67575,618.0,269043.0
2022-03-12,Alachua,Florida,12001,67575,618.0,269043.0
2022-03-13,Alachua,Florida,12001,67575,618.0,269043.0
2022-03-14,Alachua,Florida,12001,67575,618.0,269043.0
2022-03-15,Alachua,Florida,12001,67575,618.0,269043.0
2022-03-16,Alachua,Florida,12001,67575,630.0,269043.0
2022-03-17,Alachua,Florida,12001,67575,630.0,269043.0
2022-03-18,Alachua,Florida,12001,67575,630.0,269043.0
2022-03-19,Alachua,Florida,12001,67575,630.0,269043.0
2022-03-20,Alachua,Florida,12001,67575,630.0,269043.0
2022-03-21,Alachua,Florida,12001,67575,630.0,269043.0
2022-03-22,Alachua,Florida,12001,67575,630.0,269043.0
2022-03-23,Alachua,Florida,12001,67575,630.0,269043.0
2022-03-24,Alachua,Florida,12001,67575,651.0,269043.0
2022-03-25,Alachua,Florida,12001,67908,651.0,269043.0
2022-03-26,Alachua,Florida,12001,67908,651.0,269043.0
2022-03-27,Alachua,Florida,12001,67908,651.0,269043.0
2022-03-28,Alachua,Florida,12001,67908,651.0,269043.0
2022-03-29,Alachua,Florida,12001,67908,651.0,269043.0
2022-03-30,Alachua,Florida,12001,67908,656.0,269043.0
2022-03-31,Alachua,Florida,12001,67908,656.0,269043.0
2022-04-01,Alachua,Florida,12001,67908,656.0,269043.0
2022-04-02,Alachua,Florida,12001,67908,656.0,269043.0
2022-04-03,Alachua,Florida,12001,67908,656.0,269043.0
2022-04-04,Alachua,Florida,12001,67908,656.0,269043.0
2022-04-05,Alachua,Florida,12001,67908,656.0,269043.0
2022-04-06,Alachua,Florida,12001,67908,659.0,269043.0
2022-04-07,Alachua,Florida,12001,67908,659.0,269043.0
2022-04-08,Alachua,Florida,12001,68136,659.0,269043.0
2022-04-09,Alachua,Florida,12001,68136,659.0,269043.0
2022-04-10,Alachua,Florida,12001,68136,659.0,269043.0
2022-04-11,Alachua,Florida,12001,68136,659.0,269043.0
2022-04-12,Alachua,Florida,12001,68136,659.0,269043.0
2022-04-13,Alachua,Florida,12001,68136,664.0,269043.0
2022-04-14,Alachua,Florida,12001,68136,664.0,269043.0
2022-04-15,Alachua,Florida,12001,68136,664.0,269043.0
2022-04-16,Alachua,Florida,12001,68136,664.0,269043.0
2022-04-17,Alachua,Florida,12001,68136,664.0,269043.0
2022-04-18,Alachua,Florida,12001,68136,664.0,269043.0
2022-04-19,Alachua,Florida,12001,68136,664.0,269043.0
2022-04-20,Alachua,Florida,12001,68136,663.0,269043.0
2022-04-21,Alachua,Florida,12001,68136,663.0,269043.0
2022-04-22,Alachua,Florida,12001,68467,663.0,269043.0
2022-04-23,Alachua,Florida,12001,68467,663.0,269043.0
2022-04-24,Alachua,Florida,12001,68467,663.0,269043.0
2022-04-25,Alachua,Florida,12001,68467,663.0,269043.0
2022-04-26,Alachua,Florida,12001,68467,663.0,269043.0
2022-04-27,Alachua,Florida,12001,68467,663.0,269043.0
2022-04-28,Alachua,Florida,12001,68467,663.0,269043.0
2022-04-29,Alachua,Florida,12001,68467,663.0,269043.0
2022-04-30,Alachua,Florida,12001,68467,663.0,269043.0
2021-12-01,Leon,Florida,12073,51071,521.0,293582.0
2021-12-02,Leon,Florida,12073,51071,521.0,293582.0
2021-12-03,Leon,Florida,12073,51187,521.0,293582.0
2021-12-04,Leon,Florida,12073,51187,521.0,293582.0
2021-12-05,Leon,Florida,12073,51187,521.0,293582.0
2021-12-06,Leon,Florida,12073,51187,521.0,293582.0
2021-12-07,Leon,Florida,12073,51187,521.0,293582.0
2021-12-08,Leon,Florida,12073,51187,526.0,293582.0
2021-12-09,Leon,Florida,12073,51187,526.0,293582.0
2021-12-10,Leon,Florida,12073,51313,526.0,293582.0
2021-12-11,Leon,Florida,12073,51313,526.0,293582.0
2021-12-12,Leon,Florida,12073,51313,526.0,293582.0
2021-12-13,Leon,Florida,12073,51313,526.0,293582.0
2021-12-14,Leon,Florida,12073,51313,528.0,293582.0
2021-12-15,Leon,Florida,12073,51313,528.0,293582.0
2021-12-16,Leon,Florida,12073,51313,528.0,293582.0
2021-12-17,Leon,Florida,12073,51493,528.0,293582.0
2021-12-18,Leon,Florida,12073,51493,528.0,293582.0
2021-12-19,Leon,Florida,12073,51493,528.0,293582.0
2021-12-20,Leon,Florida,12073,51493,528.0,293582.0
2021-12-21,Leon,Florida,12073,51493,528.0,293582.0
2021-12-22,Leon,Florida,12073,51493,530.0,293582.0
2021-12-23,Leon,Florida,12073,51493,530.0,293582.0
2021-12-24,Leon,Florida,12073,52541,530.0,293582.0
2021-12-25,Leon,Florida,12073,52541,530.0,293582.0
2021-12-26,Leon,Florida,12073,52541,530.0,293582.0
2021-12-27,Leon,Florida,12073,52541,530.0,293582.0
2021-12-28,Leon,Florida,12073,52541,530.0,293582.0
2021-12-29,Leon,Florida,12073,52541,530.0,293582.0
2021-12-30,Leon,Florida,12073,52541,530.0,293582.0
2021-12-31,Leon,Florida,12073,56648,530.0,293582.0
2022-01-01,Leon,Florida,12073,56648,530.0,293582.0
2022-01-02,Leon,Florida,12073,56648,530.0,293582.0
2022-01-03,Leon,Florida,12073,56648,530.0,293582.0
2022-01-04,Leon,Florida,12073,56648,530.0,293582.0
2022-01-05,Leon,Florida,12073,56648,530.0,293582.0
2022-01-06,Leon,Florida,12073,56648,530.0,293582.0
2022-01-07,Leon,Florida,12073,62276,530.0,293582.0
2022-01-08,Leon,Florida,12073,62276,530.0,293582.0
2022-01-09,Leon,Florida,12073,62276,530.0,293582.0
2022-01-10,Leon,Florida,12073,62276,530.0,293582.0
2022-01-11,Leon,Florida,12073,62276,530.0,293582.0
2022-01-12,Leon,Florida,12073,62276,531.0,293582.0
2022-01-13,Leon,Florida,12073,62276,531.0,293582.0
2022-01-14,Leon,Florida,12073,68497,531.0,293582.0
2022-01-15,Leon,Florida,12073,68497,531.0,293582.0
2022-01-16,Leon,Florida,12073,68497,531.0,293582.0
2022-01-17,Leon,Florida,12073,68497,531.0,293582.0
2022-01-18,Leon,Florida,12073,68497,531.0,293582.0
2022-01-19,Leon,Florida,12073,68497,533.0,293582.0
2022-01-20,Leon,Florida,12073,68497,533.0,293582.0
2022-01-21,Leon,Florida,12073,73928,533.0,293582.0
2022-01-22,Leon,Florida,12073,73928,533.0,293582.0
2022-01-23,Leon,Florida,12073,73928,533.0,293582.0
2022-01-24,Leon,Florida,12073,73928,533.0,293582.0
2022-01-25,Leon,Florida,12073,73928,533.0,293582.0
2022-01-26,Leon,Florida,12073,73928,540.0,293582.0
2022-01-27,Leon,Florida,12073,73928,540.0,293582.0
2022-01-28,Leon,Florida,12073,78130,540.0,293582.0
2022-01-29,Leon,Florida,12073,78130,540.0,293582.0
2022-01-30,Leon,Florida,12073,78130,540.0,293582.0
2022-01-31,Leon,Florida,12073,78130,540.0,293582.0
2022-02-01,Leon,Florida,12073,78130,540.0,293582.0
2022-02-02,Leon,Florida,12073,78130,551.0,293582.0
2022-02-03,Leon,Florida,12073,78130,551.0,293582.0
2022-02-04,Leon,Florida,12073,80881,551.0,293582.0
2022-02-05,Leon,Florida,12073,80881,551.0,293582.0
2022-02-06,Leon,Florida,12073,80881,551.0,293582.0
2022-02-07,Leon,Florida,12073,80881,551.0,293582.0
2022-02-08,Leon,Florida,12073,80881,551.0,293582.0
2022-02-09,Leon,Florida,12073,80881,561.0,293582.0
2022-02-10,Leon,Florida,12073,80881,561.0,293582.0
2022-02-11,Leon,Florida,12073,83283,561.0,293582.0
2022-02-12,Leon,Florida,12073,83283,561.0,293582.0
2022-02-13,Leon,Florida,12073,83283,561.0,293582.0
2022-02-14,Leon,Florida,12073,83283,561.0,293582.0
2022-02-15,Leon,Florida,12073,83283,561.0,293582.0
2022-02-16,Leon,Florida,12073,83283,570.0,293582.0
2022-02-17,Leon,Florida,12073,83283,570.0,293582.0
2022-02-18,Leon,Florida,12073,83989,570.0,293582.0
2022-02-19,Leon,Florida,12073,83989,570.0,293582.0
2022-02-20,Leon,Florida,12073,83989,570.0,293582.0
2022-02-21,Leon,Florida,12073,83989,570.0,293582.0
2022-02-22,Leon,Florida,12073,83989,570.0,293582.0
2022-02-23,Leon,Florida,12073,83989,594.0,293582.0
2022-02-24,Leon,Florida,12073,83989,594.0,293582.0
2022-02-25,Leon,Florida,12073,84316,594.0,293582.0
2022-02-26,Leon,Florida,12073,84316,594.0,293582.0
2022-02-27,Leon,Florida,12073,84316,594.0,293582.0
2022-02-28,Leon,Florida,12073,84316,594.0,293582.0
2022-03-01,Leon,Florida,12073,84316,594.0,293582.0
2022-03-02,Leon,Florida,12073,84316,606.0,293582.0
2022-03-03,Leon,Florida,12073,84316,606.0,293582.0
2022-03-04,Leon,Florida,12073,84539,606.0,293582.0
2022-03-05,Leon,Florida,12073,84539,606.0,293582.0
2022-03-06,Leon,Florida,12073,84539,606.0,293582.0
2022-03-07,Leon,Florida,12073,84539,606.0,293582.0
2022-03-08,Leon,Florida,12073,84539,606.0,293582.0
2022-03-09,Leon,Florida,12073,84539,620.0,293582.0
2022-03-10,Leon,Florida,12073,84539,620.0,293582.0
2022-03-11,Leon,Florida,12073,84655,620.0,293582.0
2022-03-12,Leon,Florida,12073,84655,620.0,293582.0
2022-03-13,Leon,Florida,12073,84655,620.0,293582.0
2022-03-14,Leon,Florida,12073,84655,620.0,293582.0
2022-03-15,Leon,Florida,12073,84655,620.0,293582.0
2022-03-16,Leon,Florida,12073,84655,630.0,293582.0
2022-03-17,Leon,Florida,12073,84655,630.0,293582.0
2022-03-18,Leon,Florida,12073,84655,630.0,293582.0
2022-03-19,Leon,Florida,12073,84655,630.0,293582.0
2022-03-20,Leon,Florida,12073,84655,630.0,293582.0
2022-03-21,Leon,Florida,12073,84655,630.0,293582.0
2022-03-22,Leon,Florida,12073,84655,630.0,293582.0
2022-03-23,Leon,Florida,12073,84655,630.0,293582.0
2022-03-24,Leon,Florida,12073,84655,641.0,293582.0
2022-03-25,Leon,Florida,12073,84804,641.0,293582.0
2022-03-26,Leon,Florida,12073,84804,641.0,293582.0
2022-03-27,Leon,Florida,12073,84804,641.0,293582.0
2022-03-28,Leon,Florida,12073,84804,641.0,293582.0
2022-03-29,Leon,Florida,12073,84804,641.0,293582.0
2022-03-30,Leon,Florida,12073,84804,647.0,293582.0
2022-03-31,Leon,Florida,12073,84804,647.0,293582.0
2022-04-01,Leon,Florida,12073,84804,647.0,293582.0
2022-04-02,Leon,Florida,12073,84804,647.0,293582.0
2022-04-03,Leon,Florida,12073,84804,647.0,293582.0
2022-04-04,Leon,Florida,12073,84804,647.0,293582.0
2022-04-05,Leon,Florida,12073,84804,647.0,293582.0
2022-04-06,Leon,Florida,12073,84804,650.0,293582.0
2022-04-07,Leon,Florida,12073,84804,650.0,293582.0
2022-04-08,Leon,Florida,12073,84927,650.0,293582.0
2022-04-09,Leon,Florida,12073,84927,650.0,293582.0
2022-04-10,Leon,Florida,12073,84927,650.0,293582.0
2022-04-11,Leon,Florida,12073,84927,650.0,293582.0
2022-04-12,Leon,Florida,12073,84927,650.0,293582.0
2022-04-13,Leon,Florida,12073,84927,655.0,293582.0
2022-04-14,Leon,Florida,12073,84927,655.0,293582.0
2022-04-15,Leon,Florida,12073,84927,655.0,293582.0
2022-04-16,Leon,Florida,12073,84927,655.0,293582.0
2022-04-17,Leon,Florida,12073,84927,655.0,293582.0
2022-04-18,Leon,Florida,12073,84927,655.0,293582.0
2022-04-19,Leon,Florida,12073,84927,655.0,293582.0
2022-04-20,Leon,Florida,12073,84927,657.0,293582.0
2022-04-21,Leon,Florida,12073,84927,657.0,293582.0
2022-04-22,Leon,Florida,12073,85273,657.0,293582.0
2022-04-23,Leon,Florida,12073,85273,657.0,293582.0
2022-04-24,Leon,Florida,12073,85273,657.0,293582.0
2022-04-25,Leon,Florida,12073,85273,657.0,293582.0
2022-04-26,Leon,Florida,12073,85273,657.0,293582.0
2022-04-27,Leon,Florida,12073,85273,659.0,293582.0
2022-04-28,Leon,Florida,12073,85273,659.0,293582.0
2022-04-29,Leon,Florida,12073,85273,659.0,293582.0
2022-04-30,Leon,Florida,12073,85273,659.0,293582.0
2021-12-01,Clarke,Georgia,13059,20389,186.0,128331.0
2021-12-02,Clarke,Georgia,13059,20405,186.0,128331.0
2021-12-03,Clarke,Georgia,13059,20416,186.0,128331.0
2021-12-04,Clarke,Georgia,13059,20416,186.0,128331.0
2021-12-05,Clarke,Georgia,13059,20416,186.0,128331.0
2021-12-06,Clarke,Georgia,13059,20447,186.0,128331.0
2021-12-07,Clarke,Georgia,13059,20462,187.0,128331.0
2021-12-08,Clarke,Georgia,13059,20491,187.0,128331.0
2021-12-09,Clarke,Georgia,13059,20506,187.0,128331.0
2021-12-10,Clarke,Georgia,13059,20525,187.0,128331.0
2021-12-11,Clarke,Georgia,13059,20525,187.0,128331.0
2021-12-12,Clarke,Georgia,13059,20525,187.0,128331.0
2021-12-13,Clarke,Georgia,13059,20560,187.0,128331.0
2021-12-14,Clarke,Georgia,13059,20578,187.0,128331.0
2021-12-15,Clarke,Georgia,13059,20591,187.0,128331.0
2021-12-16,Clarke,Georgia,13059,20611,187.0,128331.0
2021-12-17,Clarke,Georgia,13059,20631,188.0,128331.0
2021-12-18,Clarke,Georgia,13059,20631,188.0,128331.0
2021-12-19,Clarke,Georgia,13059,20631,188.0,128331.0
2021-12-20,Clarke,Georgia,13059,20695,188.0,128331.0
2021-12-21,Clarke,Georgia,13059,20734,188.0,128331.0
2021-12-22,Clarke,Georgia,13059,20816,188.0,128331.0
2021-12-23,Clarke,Georgia,13059,20934,188.0,128331.0
2021-12-24,Clarke,Georgia,13059,21070,188.0,128331.0
2021-12-25,Clarke,Georgia,13059,21070,188.0,128331.0
2021-12-26,Clarke,Georgia,13059,21070,188.0,128331.0
2021-12-27,Clarke,Georgia,13059,21339,189.0,128331.0
2021-12-28,Clarke,Georgia,13059,21470,189.0,128331.0
2021-12-29,Clarke,Georgia,13059,21702,189.0,128331.0
2021-12-30,Clarke,Georgia,13059,21991,189.0,128331.0
2021-12-31,Clarke,Georgia,13059,22247,189.0,128331.0
2022-01-01,Clarke,Georgia,13059,22247,189.0,128331.0
2022-01-02,Clarke,Georgia,13059,22247,189.0,128331.0
2022-01-03,Clarke,Georgia,13059,22247,189.0,128331.0
2022-01-04,Clarke,Georgia,13059,22950,189.0,128331.0
2022-01-05,Clarke,Georgia,13059,23167,189.0,128331.0
2022-01-06,Clarke,Georgia,13059,23167,189.0,128331.0
2022-01-07,Clarke,Georgia,13059,23167,189.0,128331.0
2022-01-08,Clarke,Georgia,13059,23167,189.0,128331.0
2022-01-09,Clarke,Georgia,13059,23167,189.0,128331.0
2022-01-10,Clarke,Georgia,13059,24530,189.0,128331.0
2022-01-11,Clarke,Georgia,13059,24860,189.0,128331.0
2022-01-12,Clarke,Georgia,13059,25048,190.0,128331.0
2022-01-13,Clarke,Georgia,13059,25346,191.0,128331.0
2022-01-14,Clarke,Georgia,13059,25612,191.0,128331.0
2022-01-15,Clarke,Georgia,13059,25612,191.0,128331.0
2022-01-16,Clarke,Georgia,13059,25612,191.0,128331.0
2022-01-17,Clarke,Georgia,13059,26174,192.0,128331.0
2022-01-18,Clarke,Georgia,13059,26261,192.0,128331.0
2022-01-19,Clarke,Georgia,13059,26589,192.0,128331.0
2022-01-20,Clarke,Georgia,13059,27038,192.0,128331.0
2022-01-21,Clarke,Georgia,13059,27272,194.0,128331.0
2022-01-22,Clarke,Georgia,13059,27272,194.0,128331.0
2022-01-23,Clarke,Georgia,13059,27272,194.0,128331.0
2022-01-24,Clarke,Georgia,13059,27651,194.0,128331.0
2022-01-25,Clarke,Georgia,13059,27765,195.0,128331.0
2022-01-26,Clarke,Georgia,13059,27947,196.0,128331.0
2022-01-27,Clarke,Georgia,13059,28318,196.0,128331.0
2022-01-28,Clarke,Georgia,13059,28468,197.0,128331.0
2022-01-29,Clarke,Georgia,13059,28468,197.0,128331.0
2022-01-30,Clarke,Georgia,13059,28468,197.0,128331.0
2022-01-31,Clarke,Georgia,13059,28722,199.0,128331.0
2022-02-01,Clarke,Georgia,13059,28777,199.0,128331.0
2022-02-02,Clarke,Georgia,13059,28873,199.0,128331.0
2022-02-03,Clarke,Georgia,13059,28941,200.0,128331.0
2022-02-04,Clarke,Georgia,13059,29011,200.0,128331.0
2022-02-05,Clarke,Georgia,13059,29011,200.0,128331.0
2022-02-06,Clarke,Georgia,13059,29011,200.0,128331.0
2022-02-07,Clarke,Georgia,13059,29107,200.0,128331.0
2022-02-08,Clarke,Georgia,13059,29138,200.0,128331.0
2022-02-09,Clarke,Georgia,13059,29193,201.0,128331.0
2022-02-10,Clarke,Georgia,13059,29228,201.0,128331.0
2022-02-11,Clarke,Georgia,13059,29255,201.0,128331.0
2022-02-12,Clarke,Georgia,13059,29255,201.0,128331.0
2022-02-13,Clarke,Georgia,13059,29255,201.0,128331.0
2022-02-14,Clarke,Georgia,13059,29303,202.0,128331.0
2022-02-15,Clarke,Georgia,13059,29327,204.0,128331.0
2022-02-16,Clarke,Georgia,13059,29353,205.0,128331.0
2022-02-17,Clarke,Georgia,13059,29374,208.0,128331.0
2022-02-18,Clarke,Georgia,13059,29392,208.0,128331.0
2022-02-19,Clarke,Georgia,13059,29392,208.0,128331.0
2022-02-20,Clarke,Georgia,13059,29392,208.0,128331.0
2022-02-21,Clarke,Georgia,13059,29427,209.0,128331.0
2022-02-22,Clarke,Georgia,13059,29433,209.0,128331.0
2022-02-23,Clarke,Georgia,13059,29446,211.0,128331.0
2022-02-24,Clarke,Georgia,13059,29454,212.0,128331.0
2022-02-25,Clarke,Georgia,13059,29463,212.0,128331.0
2022-02-26,Clarke,Georgia,13059,29463,212.0,128331.0
2022-02-27,Clarke,Georgia,13059,29463,212.0,128331.0
2022-02-28,Clarke,Georgia,13059,29476,213.0,128331.0
2022-03-01,Clarke,Georgia,13059,29485,215.0,128331.0
2022-03-02,Clarke,Georgia,13059,29487,215.0,128331.0
2022-03-03,Clarke,Georgia,13059,29493,215.0,128331.0
2022-03-04,Clarke,Georgia,13059,29495,216.0,128331.0
2022-03-05,Clarke,Georgia,13059,29495,216.0,128331.0
2022-03-06,Clarke,Georgia,13059,29495,216.0,128331.0
2022-03-07,Clarke,Georgia,13059,29505,216.0,128331.0
2022-03-08,Clarke,Georgia,13059,29521,216.0,128331.0
2022-03-09,Clarke,Georgia,13059,29527,217.0,128331.0
2022-03-10,Clarke,Georgia,13059,29530,217.0,128331.0
2022-03-11,Clarke,Georgia,13059,29538,218.0,128331.0
2022-03-12,Clarke,Georgia,13059,29538,218.0,128331.0
2022-03-13,Clarke,Georgia,13059,29538,218.0,128331.0
2022-03-14,Clarke,Georgia,13059,29540,219.0,128331.0
2022-03-15,Clarke,Georgia,13059,29543,220.0,128331.0
2022-03-16,Clarke,Georgia,13059,29548,221.0,128331.0
2022-03-17,Clarke,Georgia,13059,29559,221.0,128331.0
2022-03-18,Clarke,Georgia,13059,29561,222.0,128331.0
2022-03-19,Clarke,Georgia,13059,29561,222.0,128331.0
2022-03-20,Clarke,Georgia,13059,29561,222.0,128331.0
2022-03-21,Clarke,Georgia,13059,29561,222.0,128331.0
2022-03-22,Clarke,Georgia,13059,29563,222.0,128331.0
2022-03-23,Clarke,Georgia,13059,29562,222.0,128331.0
2022-03-24,Clarke,Georgia,13059,29564,223.0,128331.0
2022-03-25,Clarke,Georgia,13059,29572,223.0,128331.0
2022-03-26,Clarke,Georgia,13059,29572,223.0,128331.0
2022-03-27,Clarke,Georgia,13059,29572,223.0,128331.0
2022-03-28,Clarke,Georgia,13059,29578,223.0,128331.0
2022-03-29,Clarke,Georgia,13059,29589,223.0,128331.0
2022-03-30,Clarke,Georgia,13059,29613,224.0,128331.0
2022-03-31,Clarke,Georgia,13059,29621,225.0,128331.0
2022-04-01,Clarke,Georgia,13059,29629,225.0,128331.0
2022-04-02,Clarke,Georgia,13059,29629,225.0,128331.0
2022-04-03,Clarke,Georgia,13059,29629,225.0,128331.0
2022-04-04,Clarke,Georgia,13059,29637,225.0,128331.0
2022-04-05,Clarke,Georgia,13059,29642,224.0,128331.0
2022-04-06,Clarke,Georgia,13059,29647,226.0,128331.0
2022-04-07,Clarke,Georgia,13059,29651,226.0,128331.0
2022-04-08,Clarke,Georgia,13059,29651,226.0,128331.0
2022-04-09,Clarke,Georgia,13059,29651,226.0,128331.0
2022-04-10,Clarke,Georgia,13059,29651,226.0,128331.0
2022-04-11,Clarke,Georgia,13059,29662,226.0,128331.0
2022-04-12,Clarke,Georgia,13059,29666,226.0,128331.0
2022-04-13,Clarke,Georgia,13059,29671,226.0,128331.0
2022-04-14,Clarke,Georgia,13059,29675,227.0,128331.0
2022-04-15,Clarke,Georgia,13059,29687,228.0,128331.0
2022-04-16,Clarke,Georgia,13059,29687,228.0,128331.0
2022-04-17,Clarke,Georgia,13059,29687,228.0,128331.0
2022-04-18,Clarke,Georgia,13059,29688,228.0,128331.0
2022-04-19,Clarke,Georgia,13059,29688,228.0,128331.0
2022-04-20,Clarke,Georgia,13059,29700,230.0,128331.0
2022-04-21,Clarke,Georgia,13059,29700,230.0,128331.0
2022-04-22,Clarke,Georgia,13059,29700,230.0,128331.0
2022-04-23,Clarke,Georgia,13059,29700,230.0,128331.0
2022-04-24,Clarke,Georgia,13059,29700,230.0,128331.0
2022-04-25,Clarke,Georgia,13059,29701,230.0,128331.0
2022-04-26,Clarke,Georgia,13059,29701,230.0,128331.0
2022-04-27,Clarke,Georgia,13059,29740,231.0,128331.0
2022-04-28,Clarke,Georgia,13059,29740,231.0,128331.0
2022-04-29,Clarke,Georgia,13059,29740,231.0,128331.0
2022-04-30,Clarke,Georgia,13059,29740,231.0,128331.0
2021-12-01,Latah,Idaho,16057,4733,40.0,40108.0
2021-12-02,Latah,Idaho,16057,4748,40.0,40108.0
2021-12-03,Latah,Idaho,16057,4748,40.0,40108.0
2021-12-04,Latah,Idaho,16057,4753,40.0,40108.0
2021-12-05,Latah,Idaho,16057,4753,40.0,40108.0
2021-12-06,Latah,Idaho,16057,4765,40.0,40108.0
2021-12-07,Latah,Idaho,16057,4777,40.0,40108.0
2021-12-08,Latah,Idaho,16057,4787,40.0,40108.0
2021-12-09,Latah,Idaho,16057,4790,41.0,40108.0
2021-12-10,Latah,Idaho,16057,4801,41.0,40108.0
2021-12-11,Latah,Idaho,16057,4802,41.0,40108.0
2021-12-12,Latah,Idaho,16057,4802,41.0,40108.0
2021-12-13,Latah,Idaho,16057,4812,41.0,40108.0
2021-12-14,Latah,Idaho,16057,4819,41.0,40108.0
2021-12-15,Latah,Idaho,16057,4821,41.0,40108.0
2021-12-16,Latah,Idaho,16057,4822,41.0,40108.0
2021-12-17,Latah,Idaho,16057,4829,41.0,40108.0
2021-12-18,Latah,Idaho,16057,4829,41.0,40108.0
2021-12-19,Latah,Idaho,16057,4829,41.0,40108.0
2021-12-20,Latah,Idaho,16057,4843,41.0,40108.0
2021-12-21,Latah,Idaho,16057,4847,41.0,40108.0
2021-12-22,Latah,Idaho,16057,4851,41.0,40108.0
2021-12-23,Latah,Idaho,16057,4851,41.0,40108.0
2021-12-24,Latah,Idaho,16057,4851,41.0,40108.0
2021-12-25,Latah,Idaho,16057,4851,41.0,40108.0
2021-12-26,Latah,Idaho,16057,4851,41.0,40108.0
2021-12-27,Latah,Idaho,16057,4860,41.0,40108.0
2021-12-28,Latah,Idaho,16057,4862,41.0,40108.0
2021-12-29,Latah,Idaho,16057,4874,41.0,40108.0
2021-12-30,Latah,Idaho,16057,4882,41.0,40108.0
2021-12-31,Latah,Idaho,16057,4882,41.0,40108.0
2022-01-01,Latah,Idaho,16057,4882,41.0,40108.0
2022-01-02,Latah,Idaho,16057,4882,41.0,40108.0
2022-01-03,Latah,Idaho,16057,4909,41.0,40108.0
2022-01-04,Latah,Idaho,16057,4918,41.0,40108.0
2022-01-05,Latah,Idaho,16057,4938,41.0,40108.0
2022-01-06,Latah,Idaho,16057,4967,41.0,40108.0
2022-01-07,Latah,Idaho,16057,4977,41.0,40108.0
2022-01-08,Latah,Idaho,16057,4978,41.0,40108.0
2022-01-09,Latah,Idaho,16057,4978,41.0,40108.0
2022-01-10,Latah,Idaho,16057,5042,41.0,40108.0
2022-01-11,Latah,Idaho,16057,5060,41.0,40108.0
2022-01-12,Latah,Idaho,16057,5117,41.0,40108.0
2022-01-13,Latah,Idaho,16057,5156,41.0,40108.0
2022-01-14,Latah,Idaho,16057,5200,41.0,40108.0
2022-01-15,Latah,Idaho,16057,5200,41.0,40108.0
2022-01-16,Latah,Idaho,16057,5200,41.0,40108.0
2022-01-17,Latah,Idaho,16057,5200,41.0,40108.0
2022-01-18,Latah,Idaho,16057,5288,42.0,40108.0
2022-01-19,Latah,Idaho,16057,5371,42.0,40108.0
2022-01-20,Latah,Idaho,16057,5463,42.0,40108.0
2022-01-21,Latah,Idaho,16057,5597,42.0,40108.0
2022-01-22,Latah,Idaho,16057,5623,42.0,40108.0
2022-01-23,Latah,Idaho,16057,5623,42.0,40108.0
2022-01-24,Latah,Idaho,16057,5770,42.0,40108.0
2022-01-25,Latah,Idaho,16057,5876,43.0,40108.0
2022-01-26,Latah,Idaho,16057,5965,43.0,40108.0
2022-01-27,Latah,Idaho,16057,6055,43.0,40108.0
2022-01-28,Latah,Idaho,16057,6124,43.0,40108.0
2022-01-29,Latah,Idaho,16057,6139,43.0,40108.0
2022-01-30,Latah,Idaho,16057,6139,43.0,40108.0
2022-01-31,Latah,Idaho,16057,6224,44.0,40108.0
2022-02-01,Latah,Idaho,16057,6280,45.0,40108.0
2022-02-02,Latah,Idaho,16057,6331,46.0,40108.0
2022-02-03,Latah,Idaho,16057,6371,45.0,40108.0
2022-02-04,Latah,Idaho,16057,6397,46.0,40108.0
2022-02-05,Latah,Idaho,16057,6399,46.0,40108.0
2022-02-06,Latah,Idaho,16057,6399,46.0,40108.0
2022-02-07,Latah,Idaho,16057,6444,46.0,40108.0
2022-02-08,Latah,Idaho,16057,6454,46.0,40108.0
2022-02-09,Latah,Idaho,16057,6486,46.0,40108.0
2022-02-10,Latah,Idaho,16057,6505,46.0,40108.0
2022-02-11,Latah,Idaho,16057,6522,47.0,40108.0
2022-02-12,Latah,Idaho,16057,6522,47.0,40108.0
2022-02-13,Latah,Idaho,16057,6522,47.0,40108.0
2022-02-14,Latah,Idaho,16057,6540,47.0,40108.0
2022-02-15,Latah,Idaho,16057,6557,48.0,40108.0
2022-02-16,Latah,Idaho,16057,6585,48.0,40108.0
2022-02-17,Latah,Idaho,16057,6599,48.0,40108.0
2022-02-18,Latah,Idaho,16057,6607,48.0,40108.0
2022-02-19,Latah,Idaho,16057,6607,48.0,40108.0
2022-02-20,Latah,Idaho,16057,6607,48.0,40108.0
2022-02-21,Latah,Idaho,16057,6607,48.0,40108.0
2022-02-22,Latah,Idaho,16057,6621,48.0,40108.0
2022-02-23,Latah,Idaho,16057,6625,48.0,40108.0
2022-02-24,Latah,Idaho,16057,6635,48.0,40108.0
2022-02-25,Latah,Idaho,16057,6638,48.0,40108.0
2022-02-26,Latah,Idaho,16057,6638,48.0,40108.0
2022-02-27,Latah,Idaho,16057,6638,48.0,40108.0
2022-02-28,Latah,Idaho,16057,6645,48.0,40108.0
2022-03-01,Latah,Idaho,16057,6646,48.0,40108.0
2022-03-02,Latah,Idaho,16057,6647,48.0,40108.0
2022-03-03,Latah,Idaho,16057,6650,48.0,40108.0
2022-03-04,Latah,Idaho,16057,6656,48.0,40108.0
2022-03-05,Latah,Idaho,16057,6656,48.0,40108.0
2022-03-06,Latah,Idaho,16057,6656,48.0,40108.0
2022-03-07,Latah,Idaho,16057,6658,48.0,40108.0
2022-03-08,Latah,Idaho,16057,6660,48.0,40108.0
2022-03-09,Latah,Idaho,16057,6665,48.0,40108.0
2022-03-10,Latah,Idaho,16057,6668,48.0,40108.0
2022-03-11,Latah,Idaho,16057,6673,48.0,40108.0
2022-03-12,Latah,Idaho,16057,6673,48.0,40108.0
2022-03-13,Latah,Idaho,16057,6673,48.0,40108.0
2022-03-14,Latah,Idaho,16057,6674,48.0,40108.0
2022-03-15,Latah,Idaho,16057,6674,48.0,40108.0
2022-03-16,Latah,Idaho,16057,6675,48.0,40108.0
2022-03-17,Latah,Idaho,16057,6677,48.0,40108.0
2022-03-18,Latah,Idaho,16057,6679,48.0,40108.0
2022-03-19,Latah,Idaho,16057,6679,48.0,40108.0
2022-03-20,Latah,Idaho,16057,6679,48.0,40108.0
2022-03-21,Latah,Idaho,16057,6681,48.0,40108.0
2022-03-22,Latah,Idaho,16057,6683,48.0,40108.0
2022-03-23,Latah,Idaho,16057,6685,48.0,40108.0
2022-03-24,Latah,Idaho,16057,6687,48.0,40108.0
2022-03-25,Latah,Idaho,16057,6687,48.0,40108.0
2022-03-26,Latah,Idaho,16057,6687,48.0,40108.0
2022-03-27,Latah,Idaho,16057,6687,48.0,40108.0
2022-03-28,Latah,Idaho,16057,6687,48.0,40108.0
2022-03-29,Latah,Idaho,16057,6688,48.0,40108.0
2022-03-30,Latah,Idaho,16057,6688,48.0,40108.0
2022-03-31,Latah,Idaho,16057,6689,48.0,40108.0
2022-04-01,Latah,Idaho,16057,6689,48.0,40108.0
2022-04-02,Latah,Idaho,16057,6689,48.0,40108.0
2022-04-03,Latah,Idaho,16057,6689,48.0,40108.0
2022-04-04,Latah,Idaho,16057,6694,48.0,40108.0
2022-04-05,Latah,Idaho,16057,6694,48.0,40108.0
2022-04-06,Latah,Idaho,16057,6695,48.0,40108.0
2022-04-07,Latah,Idaho,16057,6696,48.0,40108.0
2022-04-08,Latah,Idaho,16057,6697,48.0,40108.0
2022-04-09,Latah,Idaho,16057,6697,48.0,40108.0
2022-04-10,Latah,Idaho,16057,6697,48.0,40108.0
2022-04-11,Latah,Idaho,16057,6698,48.0,40108.0
2022-04-12,Latah,Idaho,16057,6699,48.0,40108.0
2022-04-13,Latah,Idaho,16057,6699,48.0,40108.0
2022-04-14,Latah,Idaho,16057,6700,48.0,40108.0
2022-04-15,Latah,Idaho,16057,6701,48.0,40108.0
2022-04-16,Latah,Idaho,16057,6701,48.0,40108.0
2022-04-17,Latah,Idaho,16057,6701,48.0,40108.0
2022-04-18,Latah,Idaho,16057,6702,48.0,40108.0
2022-04-19,Latah,Idaho,16057,6702,48.0,40108.0
2022-04-20,Latah,Idaho,16057,6711,48.0,40108.0
2022-04-21,Latah,Idaho,16057,6711,48.0,40108.0
2022-04-22,Latah,Idaho,16057,6716,48.0,40108.0
2022-04-23,Latah,Idaho,16057,6716,48.0,40108.0
2022-04-24,Latah,Idaho,16057,6716,48.0,40108.0
2022-04-25,Latah,Idaho,16057,6717,48.0,40108.0
2022-04-26,Latah,Idaho,16057,6717,48.0,40108.0
2022-04-27,Latah,Idaho,16057,6722,48.0,40108.0
2022-04-28,Latah,Idaho,16057,6722,48.0,40108.0
2022-04-29,Latah,Idaho,16057,6738,48.0,40108.0
2022-04-30,Latah,Idaho,16057,6738,48.0,40108.0
2021-12-01,Champaign,Illinois,17019,30062,216.0,209689.0
2021-12-02,Champaign,Illinois,17019,30321,216.0,209689.0
2021-12-03,Champaign,Illinois,17019,30506,216.0,209689.0
2021-12-04,Champaign,Illinois,17019,30506,216.0,209689.0
2021-12-05,Champaign,Illinois,17019,30506,216.0,209689.0
2021-12-06,Champaign,Illinois,17019,30890,216.0,209689.0
2021-12-07,Champaign,Illinois,17019,31092,216.0,209689.0
2021-12-08,Champaign,Illinois,17019,31272,216.0,209689.0
2021-12-09,Champaign,Illinois,17019,31449,217.0,209689.0
2021-12-10,Champaign,Illinois,17019,31639,217.0,209689.0
2021-12-11,Champaign,Illinois,17019,31639,217.0,209689.0
2021-12-12,Champaign,Illinois,17019,31639,217.0,209689.0
2021-12-13,Champaign,Illinois,17019,32064,218.0,209689.0
2021-12-14,Champaign,Illinois,17019,32249,219.0,209689.0
2021-12-15,Champaign,Illinois,17019,32518,220.0,209689.0
2021-12-16,Champaign,Illinois,17019,32740,222.0,209689.0
2021-12-17,Champaign,Illinois,17019,32999,223.0,209689.0
2021-12-18,Champaign,Illinois,17019,32999,223.0,209689.0
2021-12-19,Champaign,Illinois,17019,32999,223.0,209689.0
2021-12-20,Champaign,Illinois,17019,33514,224.0,209689.0
2021-12-21,Champaign,Illinois,17019,33784,224.0,209689.0
2021-12-22,Champaign,Illinois,17019,34103,227.0,209689.0
2021-12-23,Champaign,Illinois,17019,34446,228.0,209689.0
2021-12-24,Champaign,Illinois,17019,34446,228.0,209689.0
2021-12-25,Champaign,Illinois,17019,34446,228.0,209689.0
2021-12-26,Champaign,Illinois,17019,34446,228.0,209689.0
2021-12-27,Champaign,Illinois,17019,35461,228.0,209689.0
2021-12-28,Champaign,Illinois,17019,35987,231.0,209689.0
2021-12-29,Champaign,Illinois,17019,36672,231.0,209689.0
2021-12-30,Champaign,Illinois,17019,37529,231.0,209689.0
2021-12-31,Champaign,Illinois,17019,37529,231.0,209689.0
2022-01-01,Champaign,Illinois,17019,37529,231.0,209689.0
2022-01-02,Champaign,Illinois,17019,37529,231.0,209689.0
2022-01-03,Champaign,Illinois,17019,39980,232.0,209689.0
2022-01-04,Champaign,Illinois,17019,40731,232.0,209689.0
2022-01-05,Champaign,Illinois,17019,41580,235.0,209689.0
2022-01-06,Champaign,Illinois,17019,42843,236.0,209689.0
2022-01-07,Champaign,Illinois,17019,43813,237.0,209689.0
2022-01-08,Champaign,Illinois,17019,43813,237.0,209689.0
2022-01-09,Champaign,Illinois,17019,43813,237.0,209689.0
2022-01-10,Champaign,Illinois,17019,45784,240.0,209689.0
2022-01-11,Champaign,Illinois,17019,46440,241.0,209689.0
2022-01-12,Champaign,Illinois,17019,47121,242.0,209689.0
2022-01-13,Champaign,Illinois,17019,48086,244.0,209689.0
2022-01-14,Champaign,Illinois,17019,48884,246.0,209689.0
2022-01-15,Champaign,Illinois,17019,48884,246.0,209689.0
2022-01-16,Champaign,Illinois,17019,48884,246.0,209689.0
2022-01-17,Champaign,Illinois,17019,48884,246.0,209689.0
2022-01-18,Champaign,Illinois,17019,51378,249.0,209689.0
2022-01-19,Champaign,Illinois,17019,52204,254.0,209689.0
2022-01-20,Champaign,Illinois,17019,53085,257.0,209689.0
2022-01-21,Champaign,Illinois,17019,53669,257.0,209689.0
2022-01-22,Champaign,Illinois,17019,53669,257.0,209689.0
2022-01-23,Champaign,Illinois,17019,53669,257.0,209689.0
2022-01-24,Champaign,Illinois,17019,55306,258.0,209689.0
2022-01-25,Champaign,Illinois,17019,55935,262.0,209689.0
2022-01-26,Champaign,Illinois,17019,56551,264.0,209689.0
2022-01-27,Champaign,Illinois,17019,57087,265.0,209689.0
2022-01-28,Champaign,Illinois,17019,57502,267.0,209689.0
2022-01-29,Champaign,Illinois,17019,57502,267.0,209689.0
2022-01-30,Champaign,Illinois,17019,57502,267.0,209689.0
2022-01-31,Champaign,Illinois,17019,58288,271.0,209689.0
2022-02-01,Champaign,Illinois,17019,58689,273.0,209689.0
2022-02-02,Champaign,Illinois,17019,59144,273.0,209689.0
2022-02-03,Champaign,Illinois,17019,59144,273.0,209689.0
2022-02-04,Champaign,Illinois,17019,59383,273.0,209689.0
2022-02-05,Champaign,Illinois,17019,59383,273.0,209689.0
2022-02-06,Champaign,Illinois,17019,59383,273.0,209689.0
2022-02-07,Champaign,Illinois,17019,59898,274.0,209689.0
2022-02-08,Champaign,Illinois,17019,60167,275.0,209689.0
2022-02-09,Champaign,Illinois,17019,60356,276.0,209689.0
2022-02-10,Champaign,Illinois,17019,60514,280.0,209689.0
2022-02-11,Champaign,Illinois,17019,60514,280.0,209689.0
2022-02-12,Champaign,Illinois,17019,60514,280.0,209689.0
2022-02-13,Champaign,Illinois,17019,60514,280.0,209689.0
2022-02-14,Champaign,Illinois,17019,60826,284.0,209689.0
2022-02-15,Champaign,Illinois,17019,60899,287.0,209689.0
2022-02-16,Champaign,Illinois,17019,60966,289.0,209689.0
2022-02-17,Champaign,Illinois,17019,61089,289.0,209689.0
2022-02-18,Champaign,Illinois,17019,61130,289.0,209689.0
2022-02-19,Champaign,Illinois,17019,61130,289.0,209689.0
2022-02-20,Champaign,Illinois,17019,61130,289.0,209689.0
2022-02-21,Champaign,Illinois,17019,61130,289.0,209689.0
2022-02-22,Champaign,Illinois,17019,61307,291.0,209689.0
2022-02-23,Champaign,Illinois,17019,61356,291.0,209689.0
2022-02-24,Champaign,Illinois,17019,61384,290.0,209689.0
2022-02-25,Champaign,Illinois,17019,61422,290.0,209689.0
2022-02-26,Champaign,Illinois,17019,61422,290.0,209689.0
2022-02-27,Champaign,Illinois,17019,61422,290.0,209689.0
2022-02-28,Champaign,Illinois,17019,61498,292.0,209689.0
2022-03-01,Champaign,Illinois,17019,61513,292.0,209689.0
2022-03-02,Champaign,Illinois,17019,61553,293.0,209689.0
2022-03-03,Champaign,Illinois,17019,61576,293.0,209689.0
2022-03-04,Champaign,Illinois,17019,61597,293.0,209689.0
2022-03-05,Champaign,Illinois,17019,61597,293.0,209689.0
2022-03-06,Champaign,Illinois,17019,61597,293.0,209689.0
2022-03-07,Champaign,Illinois,17019,61641,294.0,209689.0
2022-03-08,Champaign,Illinois,17019,61654,294.0,209689.0
2022-03-09,Champaign,Illinois,17019,61692,294.0,209689.0
2022-03-10,Champaign,Illinois,17019,61718,295.0,209689.0
2022-03-11,Champaign,Illinois,17019,61731,295.0,209689.0
2022-03-12,Champaign,Illinois,17019,61731,295.0,209689.0
2022-03-13,Champaign,Illinois,17019,61731,295.0,209689.0
2022-03-14,Champaign,Illinois,17019,61756,295.0,209689.0
2022-03-15,Champaign,Illinois,17019,61777,295.0,209689.0
2022-03-16,Champaign,Illinois,17019,61790,295.0,209689.0
2022-03-17,Champaign,Illinois,17019,61799,295.0,209689.0
2022-03-18,Champaign,Illinois,17019,61821,295.0,209689.0
2022-03-19,Champaign,Illinois,17019,61821,295.0,209689.0
2022-03-20,Champaign,Illinois,17019,61821,295.0,209689.0
2022-03-21,Champaign,Illinois,17019,61887,295.0,209689.0
2022-03-22,Champaign,Illinois,17019,61936,295.0,209689.0
2022-03-23,Champaign,Illinois,17019,61980,295.0,209689.0
2022-03-24,Champaign,Illinois,17019,62030,295.0,209689.0
2022-03-25,Champaign,Illinois,17019,62067,295.0,209689.0
2022-03-26,Champaign,Illinois,17019,62067,295.0,209689.0
2022-03-27,Champaign,Illinois,17019,62067,295.0,209689.0
2022-03-28,Champaign,Illinois,17019,62122,295.0,209689.0
2022-03-29,Champaign,Illinois,17019,62216,295.0,209689.0
2022-03-30,Champaign,Illinois,17019,62295,295.0,209689.0
2022-03-31,Champaign,Illinois,17019,62370,295.0,209689.0
2022-04-01,Champaign,Illinois,17019,62416,295.0,209689.0
2022-04-02,Champaign,Illinois,17019,62416,295.0,209689.0
2022-04-03,Champaign,Illinois,17019,62416,295.0,209689.0
2022-04-04,Champaign,Illinois,17019,62502,295.0,209689.0
2022-04-05,Champaign,Illinois,17019,62587,295.0,209689.0
2022-04-06,Champaign,Illinois,17019,62673,295.0,209689.0
2022-04-07,Champaign,Illinois,17019,62736,295.0,209689.0
2022-04-08,Champaign,Illinois,17019,62825,295.0,209689.0
2022-04-09,Champaign,Illinois,17019,62825,295.0,209689.0
2022-04-10,Champaign,Illinois,17019,62825,295.0,209689.0
2022-04-11,Champaign,Illinois,17019,63028,295.0,209689.0
2022-04-12,Champaign,Illinois,17019,63243,295.0,209689.0
2022-04-13,Champaign,Illinois,17019,63459,295.0,209689.0
2022-04-14,Champaign,Illinois,17019,63646,295.0,209689.0
2022-04-15,Champaign,Illinois,17019,63786,295.0,209689.0
2022-04-16,Champaign,Illinois,17019,63786,295.0,209689.0
2022-04-17,Champaign,Illinois,17019,63786,295.0,209689.0
2022-04-18,Champaign,Illinois,17019,63978,295.0,209689.0
2022-04-19,Champaign,Illinois,17019,64151,295.0,209689.0
2022-04-20,Champaign,Illinois,17019,64315,295.0,209689.0
2022-04-21,Champaign,Illinois,17019,64437,296.0,209689.0
2022-04-22,Champaign,Illinois,17019,64564,296.0,209689.0
2022-04-23,Champaign,Illinois,17019,64564,296.0,209689.0
2022-04-24,Champaign,Illinois,17019,64564,296.0,209689.0
2022-04-25,Champaign,Illinois,17019,64771,296.0,209689.0
2022-04-26,Champaign,Illinois,17019,64904,296.0,209689.0
2022-04-27,Champaign,Illinois,17019,65055,296.0,209689.0
2022-04-28,Champaign,Illinois,17019,65134,296.0,209689.0
2022-04-29,Champaign,Illinois,17019,65310,296.0,209689.0
2022-04-30,Champaign,Illinois,17019,65310,296.0,209689.0
2021-12-01,McLean,Illinois,17113,25399,268.0,171517.0
2021-12-02,McLean,Illinois,17113,25638,269.0,171517.0
2021-12-03,McLean,Illinois,17113,25737,269.0,171517.0
2021-12-04,McLean,Illinois,17113,25737,269.0,171517.0
2021-12-05,McLean,Illinois,17113,25737,269.0,171517.0
2021-12-06,McLean,Illinois,17113,26080,269.0,171517.0
2021-12-07,McLean,Illinois,17113,26264,272.0,171517.0
2021-12-08,McLean,Illinois,17113,26388,272.0,171517.0
2021-12-09,McLean,Illinois,17113,26566,272.0,171517.0
2021-12-10,McLean,Illinois,17113,26700,273.0,171517.0
2021-12-11,McLean,Illinois,17113,26700,273.0,171517.0
2021-12-12,McLean,Illinois,17113,26700,273.0,171517.0
2021-12-13,McLean,Illinois,17113,26982,273.0,171517.0
2021-12-14,McLean,Illinois,17113,27068,274.0,171517.0
2021-12-15,McLean,Illinois,17113,27248,276.0,171517.0
2021-12-16,McLean,Illinois,17113,27406,276.0,171517.0
2021-12-17,McLean,Illinois,17113,27545,276.0,171517.0
2021-12-18,McLean,Illinois,17113,27545,276.0,171517.0
2021-12-19,McLean,Illinois,17113,27545,276.0,171517.0
2021-12-20,McLean,Illinois,17113,27839,276.0,171517.0
2021-12-21,McLean,Illinois,17113,28037,276.0,171517.0
2021-12-22,McLean,Illinois,17113,28166,276.0,171517.0
2021-12-23,McLean,Illinois,17113,28400,276.0,171517.0
2021-12-24,McLean,Illinois,17113,28400,276.0,171517.0
2021-12-25,McLean,Illinois,17113,28400,276.0,171517.0
2021-12-26,McLean,Illinois,17113,28400,276.0,171517.0
2021-12-27,McLean,Illinois,17113,29056,279.0,171517.0
2021-12-28,McLean,Illinois,17113,29248,279.0,171517.0
2021-12-29,McLean,Illinois,17113,29629,279.0,171517.0
2021-12-30,McLean,Illinois,17113,30224,279.0,171517.0
2021-12-31,McLean,Illinois,17113,30224,279.0,171517.0
2022-01-01,McLean,Illinois,17113,30224,279.0,171517.0
2022-01-02,McLean,Illinois,17113,30224,279.0,171517.0
2022-01-03,McLean,Illinois,17113,31827,281.0,171517.0
2022-01-04,McLean,Illinois,17113,32281,281.0,171517.0
2022-01-05,McLean,Illinois,17113,32943,282.0,171517.0
2022-01-06,McLean,Illinois,17113,34162,284.0,171517.0
2022-01-07,McLean,Illinois,17113,35127,286.0,171517.0
2022-01-08,McLean,Illinois,17113,35127,286.0,171517.0
2022-01-09,McLean,Illinois,17113,35127,286.0,171517.0
2022-01-10,McLean,Illinois,17113,36873,288.0,171517.0
2022-01-11,McLean,Illinois,17113,37435,289.0,171517.0
2022-01-12,McLean,Illinois,17113,38298,289.0,171517.0
2022-01-13,McLean,Illinois,17113,39398,291.0,171517.0
2022-01-14,McLean,Illinois,17113,40098,293.0,171517.0
2022-01-15,McLean,Illinois,17113,40098,293.0,171517.0
2022-01-16,McLean,Illinois,17113,40098,293.0,171517.0
2022-01-17,McLean,Illinois,17113,40098,293.0,171517.0
2022-01-18,McLean,Illinois,17113,41652,295.0,171517.0
2022-01-19,McLean,Illinois,17113,42264,295.0,171517.0
2022-01-20,McLean,Illinois,17113,42817,297.0,171517.0
2022-01-21,McLean,Illinois,17113,43291,297.0,171517.0
2022-01-22,McLean,Illinois,17113,43291,297.0,171517.0
2022-01-23,McLean,Illinois,17113,43291,297.0,171517.0
2022-01-24,McLean,Illinois,17113,44385,298.0,171517.0
2022-01-25,McLean,Illinois,17113,44941,298.0,171517.0
2022-01-26,McLean,Illinois,17113,45445,299.0,171517.0
2022-01-27,McLean,Illinois,17113,45767,301.0,171517.0
2022-01-28,McLean,Illinois,17113,46149,302.0,171517.0
2022-01-29,McLean,Illinois,17113,46149,302.0,171517.0
2022-01-30,McLean,Illinois,17113,46149,302.0,171517.0
2022-01-31,McLean,Illinois,17113,46683,305.0,171517.0
2022-02-01,McLean,Illinois,17113,46947,305.0,171517.0
2022-02-02,McLean,Illinois,17113,47237,306.0,171517.0
2022-02-03,McLean,Illinois,17113,47237,306.0,171517.0
2022-02-04,McLean,Illinois,17113,47442,309.0,171517.0
2022-02-05,McLean,Illinois,17113,47442,309.0,171517.0
2022-02-06,McLean,Illinois,17113,47442,309.0,171517.0
2022-02-07,McLean,Illinois,17113,47763,309.0,171517.0
2022-02-08,McLean,Illinois,17113,47915,309.0,171517.0
2022-02-09,McLean,Illinois,17113,48058,310.0,171517.0
2022-02-10,McLean,Illinois,17113,48174,313.0,171517.0
2022-02-11,McLean,Illinois,17113,48174,313.0,171517.0
2022-02-12,McLean,Illinois,17113,48174,313.0,171517.0
2022-02-13,McLean,Illinois,17113,48174,313.0,171517.0
2022-02-14,McLean,Illinois,17113,48438,314.0,171517.0
2022-02-15,McLean,Illinois,17113,48515,314.0,171517.0
2022-02-16,McLean,Illinois,17113,48599,314.0,171517.0
2022-02-17,McLean,Illinois,17113,48650,315.0,171517.0
2022-02-18,McLean,Illinois,17113,48687,315.0,171517.0
2022-02-19,McLean,Illinois,17113,48687,315.0,171517.0
2022-02-20,McLean,Illinois,17113,48687,315.0,171517.0
2022-02-21,McLean,Illinois,17113,48687,315.0,171517.0
2022-02-22,McLean,Illinois,17113,48766,316.0,171517.0
2022-02-23,McLean,Illinois,17113,48870,318.0,171517.0
2022-02-24,McLean,Illinois,17113,48910,318.0,171517.0
2022-02-25,McLean,Illinois,17113,48947,320.0,171517.0
2022-02-26,McLean,Illinois,17113,48947,320.0,171517.0
2022-02-27,McLean,Illinois,17113,48947,320.0,171517.0
2022-02-28,McLean,Illinois,17113,48994,321.0,171517.0
2022-03-01,McLean,Illinois,17113,49029,321.0,171517.0
2022-03-02,McLean,Illinois,17113,49049,322.0,171517.0
2022-03-03,McLean,Illinois,17113,49071,322.0,171517.0
2022-03-04,McLean,Illinois,17113,49099,323.0,171517.0
2022-03-05,McLean,Illinois,17113,49099,323.0,171517.0
2022-03-06,McLean,Illinois,17113,49099,323.0,171517.0
2022-03-07,McLean,Illinois,17113,49132,323.0,171517.0
2022-03-08,McLean,Illinois,17113,49147,323.0,171517.0
2022-03-09,McLean,Illinois,17113,49163,323.0,171517.0
2022-03-10,McLean,Illinois,17113,49179,323.0,171517.0
2022-03-11,McLean,Illinois,17113,49198,323.0,171517.0
2022-03-12,McLean,Illinois,17113,49198,323.0,171517.0
2022-03-13,McLean,Illinois,17113,49198,323.0,171517.0
2022-03-14,McLean,Illinois,17113,49218,323.0,171517.0
2022-03-15,McLean,Illinois,17113,49242,324.0,171517.0
2022-03-16,McLean,Illinois,17113,49260,324.0,171517.0
2022-03-17,McLean,Illinois,17113,49280,325.0,171517.0
2022-03-18,McLean,Illinois,17113,49308,325.0,171517.0
2022-03-19,McLean,Illinois,17113,49308,325.0,171517.0
2022-03-20,McLean,Illinois,17113,49308,325.0,171517.0
2022-03-21,McLean,Illinois,17113,49349,325.0,171517.0
2022-03-22,McLean,Illinois,17113,49362,325.0,171517.0
2022-03-23,McLean,Illinois,17113,49380,325.0,171517.0
2022-03-24,McLean,Illinois,17113,49395,325.0,171517.0
2022-03-25,McLean,Illinois,17113,49410,325.0,171517.0
2022-03-26,McLean,Illinois,17113,49410,325.0,171517.0
2022-03-27,McLean,Illinois,17113,49410,325.0,171517.0
2022-03-28,McLean,Illinois,17113,49451,325.0,171517.0
2022-03-29,McLean,Illinois,17113,49477,325.0,171517.0
2022-03-30,McLean,Illinois,17113,49507,325.0,171517.0
2022-03-31,McLean,Illinois,17113,49535,325.0,171517.0
2022-04-01,McLean,Illinois,17113,49574,325.0,171517.0
2022-04-02,McLean,Illinois,17113,49574,325.0,171517.0
2022-04-03,McLean,Illinois,17113,49574,325.0,171517.0
2022-04-04,McLean,Illinois,17113,49626,325.0,171517.0
2022-04-05,McLean,Illinois,17113,49677,326.0,171517.0
2022-04-06,McLean,Illinois,17113,49719,326.0,171517.0
2022-04-07,McLean,Illinois,17113,49753,326.0,171517.0
2022-04-08,McLean,Illinois,17113,49801,326.0,171517.0
2022-04-09,McLean,Illinois,17113,49801,326.0,171517.0
2022-04-10,McLean,Illinois,17113,49801,326.0,171517.0
2022-04-11,McLean,Illinois,17113,49910,327.0,171517.0
2022-04-12,McLean,Illinois,17113,49991,327.0,171517.0
2022-04-13,McLean,Illinois,17113,50048,327.0,171517.0
2022-04-14,McLean,Illinois,17113,50096,327.0,171517.0
2022-04-15,McLean,Illinois,17113,50170,327.0,171517.0
2022-04-16,McLean,Illinois,17113,50170,327.0,171517.0
2022-04-17,McLean,Illinois,17113,50170,327.0,171517.0
2022-04-18,McLean,Illinois,17113,50287,327.0,171517.0
2022-04-19,McLean,Illinois,17113,50339,327.0,171517.0
2022-04-20,McLean,Illinois,17113,50395,327.0,171517.0
2022-04-21,McLean,Illinois,17113,50480,327.0,171517.0
2022-04-22,McLean,Illinois,17113,50567,327.0,171517.0
2022-04-23,McLean,Illinois,17113,50567,327.0,171517.0
2022-04-24,McLean,Illinois,17113,50567,327.0,171517.0
2022-04-25,McLean,Illinois,17113,50727,327.0,171517.0
2022-04-26,McLean,Illinois,17113,50785,328.0,171517.0
2022-04-27,McLean,Illinois,17113,50895,329.0,171517.0
2022-04-28,McLean,Illinois,17113,50982,329.0,171517.0
2022-04-29,McLean,Illinois,17113,51100,329.0,171517.0
2022-04-30,McLean,Illinois,17113,51100,329.0,171517.0
2021-12-01,Monroe,Indiana,18105,16467,223.0,148431.0
2021-12-02,Monroe,Indiana,18105,16560,223.0,148431.0
2021-12-03,Monroe,Indiana,18105,16632,223.0,148431.0
2021-12-04,Monroe,Indiana,18105,16632,223.0,148431.0
2021-12-05,Monroe,Indiana,18105,16632,223.0,148431.0
2021-12-06,Monroe,Indiana,18105,16798,223.0,148431.0
2021-12-07,Monroe,Indiana,18105,16833,223.0,148431.0
2021-12-08,Monroe,Indiana,18105,16894,223.0,148431.0
2021-12-09,Monroe,Indiana,18105,16951,224.0,148431.0
2021-12-10,Monroe,Indiana,18105,17034,225.0,148431.0
2021-12-11,Monroe,Indiana,18105,17034,225.0,148431.0
2021-12-12,Monroe,Indiana,18105,17034,225.0,148431.0
2021-12-13,Monroe,Indiana,18105,17182,225.0,148431.0
2021-12-14,Monroe,Indiana,18105,17215,227.0,148431.0
2021-12-15,Monroe,Indiana,18105,17268,227.0,148431.0
2021-12-16,Monroe,Indiana,18105,17344,228.0,148431.0
2021-12-17,Monroe,Indiana,18105,17398,229.0,148431.0
2021-12-18,Monroe,Indiana,18105,17398,229.0,148431.0
2021-12-19,Monroe,Indiana,18105,17398,229.0,148431.0
2021-12-20,Monroe,Indiana,18105,17490,229.0,148431.0
2021-12-21,Monroe,Indiana,18105,17530,230.0,148431.0
2021-12-22,Monroe,Indiana,18105,17630,231.0,148431.0
2021-12-23,Monroe,Indiana,18105,17630,231.0,148431.0
2021-12-24,Monroe,Indiana,18105,17630,231.0,148431.0
2021-12-25,Monroe,Indiana,18105,17630,231.0,148431.0
2021-12-26,Monroe,Indiana,18105,17630,231.0,148431.0
2021-12-27,Monroe,Indiana,18105,17888,232.0,148431.0
2021-12-28,Monroe,Indiana,18105,17955,234.0,148431.0
2021-12-29,Monroe,Indiana,18105,18050,236.0,148431.0
2021-12-30,Monroe,Indiana,18105,18212,236.0,148431.0
2021-12-31,Monroe,Indiana,18105,18212,236.0,148431.0
2022-01-01,Monroe,Indiana,18105,18212,236.0,148431.0
2022-01-02,Monroe,Indiana,18105,18212,236.0,148431.0
2022-01-03,Monroe,Indiana,18105,18581,236.0,148431.0
2022-01-04,Monroe,Indiana,18105,18731,236.0,148431.0
2022-01-05,Monroe,Indiana,18105,19027,236.0,148431.0
2022-01-06,Monroe,Indiana,18105,19190,238.0,148431.0
2022-01-07,Monroe,Indiana,18105,19393,240.0,148431.0
2022-01-08,Monroe,Indiana,18105,19393,240.0,148431.0
2022-01-09,Monroe,Indiana,18105,19393,240.0,148431.0
2022-01-10,Monroe,Indiana,18105,20174,241.0,148431.0
2022-01-11,Monroe,Indiana,18105,20413,242.0,148431.0
2022-01-12,Monroe,Indiana,18105,20765,242.0,148431.0
2022-01-13,Monroe,Indiana,18105,21142,242.0,148431.0
2022-01-14,Monroe,Indiana,18105,21441,246.0,148431.0
2022-01-15,Monroe,Indiana,18105,21441,246.0,148431.0
2022-01-16,Monroe,Indiana,18105,21441,246.0,148431.0
2022-01-17,Monroe,Indiana,18105,22206,247.0,148431.0
2022-01-18,Monroe,Indiana,18105,22402,248.0,148431.0
2022-01-19,Monroe,Indiana,18105,22756,248.0,148431.0
2022-01-20,Monroe,Indiana,18105,23138,251.0,148431.0
2022-01-21,Monroe,Indiana,18105,23484,254.0,148431.0
2022-01-22,Monroe,Indiana,18105,23484,254.0,148431.0
2022-01-23,Monroe,Indiana,18105,23484,254.0,148431.0
2022-01-24,Monroe,Indiana,18105,24106,254.0,148431.0
2022-01-25,Monroe,Indiana,18105,24312,254.0,148431.0
2022-01-26,Monroe,Indiana,18105,24509,254.0,148431.0
2022-01-27,Monroe,Indiana,18105,24780,254.0,148431.0
2022-01-28,Monroe,Indiana,18105,25271,254.0,148431.0
2022-01-29,Monroe,Indiana,18105,25271,254.0,148431.0
2022-01-30,Monroe,Indiana,18105,25271,254.0,148431.0
2022-01-31,Monroe,Indiana,18105,25848,254.0,148431.0
2022-02-01,Monroe,Indiana,18105,26005,254.0,148431.0
2022-02-02,Monroe,Indiana,18105,26135,255.0,148431.0
2022-02-03,Monroe,Indiana,18105,26312,258.0,148431.0
2022-02-04,Monroe,Indiana,18105,26418,258.0,148431.0
2022-02-05,Monroe,Indiana,18105,26418,258.0,148431.0
2022-02-06,Monroe,Indiana,18105,26418,258.0,148431.0
2022-02-07,Monroe,Indiana,18105,26523,259.0,148431.0
2022-02-08,Monroe,Indiana,18105,26634,260.0,148431.0
2022-02-09,Monroe,Indiana,18105,26634,260.0,148431.0
2022-02-10,Monroe,Indiana,18105,26805,260.0,148431.0
2022-02-11,Monroe,Indiana,18105,26883,260.0,148431.0
2022-02-12,Monroe,Indiana,18105,26883,260.0,148431.0
2022-02-13,Monroe,Indiana,18105,26883,260.0,148431.0
2022-02-14,Monroe,Indiana,18105,26984,260.0,148431.0
2022-02-15,Monroe,Indiana,18105,27036,262.0,148431.0
2022-02-16,Monroe,Indiana,18105,27108,264.0,148431.0
2022-02-17,Monroe,Indiana,18105,27142,265.0,148431.0
2022-02-18,Monroe,Indiana,18105,27189,267.0,148431.0
2022-02-19,Monroe,Indiana,18105,27189,267.0,148431.0
2022-02-20,Monroe,Indiana,18105,27189,267.0,148431.0
2022-02-21,Monroe,Indiana,18105,27245,269.0,148431.0
2022-02-22,Monroe,Indiana,18105,27274,269.0,148431.0
2022-02-23,Monroe,Indiana,18105,27304,269.0,148431.0
2022-02-24,Monroe,Indiana,18105,27338,272.0,148431.0
2022-02-25,Monroe,Indiana,18105,27358,272.0,148431.0
2022-02-26,Monroe,Indiana,18105,27358,272.0,148431.0
2022-02-27,Monroe,Indiana,18105,27358,272.0,148431.0
2022-02-28,Monroe,Indiana,18105,27386,273.0,148431.0
2022-03-01,Monroe,Indiana,18105,27398,273.0,148431.0
2022-03-02,Monroe,Indiana,18105,27407,273.0,148431.0
2022-03-03,Monroe,Indiana,18105,27420,273.0,148431.0
2022-03-04,Monroe,Indiana,18105,27437,273.0,148431.0
2022-03-05,Monroe,Indiana,18105,27437,273.0,148431.0
2022-03-06,Monroe,Indiana,18105,27437,273.0,148431.0
2022-03-07,Monroe,Indiana,18105,27460,273.0,148431.0
2022-03-08,Monroe,Indiana,18105,27468,273.0,148431.0
2022-03-09,Monroe,Indiana,18105,27479,275.0,148431.0
2022-03-10,Monroe,Indiana,18105,27488,277.0,148431.0
2022-03-11,Monroe,Indiana,18105,27498,277.0,148431.0
2022-03-12,Monroe,Indiana,18105,27498,277.0,148431.0
2022-03-13,Monroe,Indiana,18105,27498,277.0,148431.0
2022-03-14,Monroe,Indiana,18105,27512,277.0,148431.0
2022-03-15,Monroe,Indiana,18105,27518,277.0,148431.0
2022-03-16,Monroe,Indiana,18105,27526,278.0,148431.0
2022-03-17,Monroe,Indiana,18105,27543,278.0,148431.0
2022-03-18,Monroe,Indiana,18105,27545,278.0,148431.0
2022-03-19,Monroe,Indiana,18105,27545,278.0,148431.0
2022-03-20,Monroe,Indiana,18105,27545,278.0,148431.0
2022-03-21,Monroe,Indiana,18105,27558,279.0,148431.0
2022-03-22,Monroe,Indiana,18105,27568,279.0,148431.0
2022-03-23,Monroe,Indiana,18105,27574,279.0,148431.0
2022-03-24,Monroe,Indiana,18105,27588,279.0,148431.0
2022-03-25,Monroe,Indiana,18105,27601,279.0,148431.0
2022-03-26,Monroe,Indiana,18105,27601,279.0,148431.0
2022-03-27,Monroe,Indiana,18105,27601,279.0,148431.0
2022-03-28,Monroe,Indiana,18105,27620,279.0,148431.0
2022-03-29,Monroe,Indiana,18105,27629,279.0,148431.0
2022-03-30,Monroe,Indiana,18105,27622,279.0,148431.0
2022-03-31,Monroe,Indiana,18105,27622,279.0,148431.0
2022-04-01,Monroe,Indiana,18105,27640,279.0,148431.0
2022-04-02,Monroe,Indiana,18105,27640,279.0,148431.0
2022-04-03,Monroe,Indiana,18105,27640,279.0,148431.0
2022-04-04,Monroe,Indiana,18105,27659,279.0,148431.0
2022-04-05,Monroe,Indiana,18105,27659,279.0,148431.0
2022-04-06,Monroe,Indiana,18105,27675,279.0,148431.0
2022-04-07,Monroe,Indiana,18105,27675,279.0,148431.0
2022-04-08,Monroe,Indiana,18105,27689,279.0,148431.0
2022-04-09,Monroe,Indiana,18105,27689,279.0,148431.0
2022-04-10,Monroe,Indiana,18105,27689,279.0,148431.0
2022-04-11,Monroe,Indiana,18105,27711,279.0,148431.0
2022-04-12,Monroe,Indiana,18105,27711,279.0,148431.0
2022-04-13,Monroe,Indiana,18105,27733,279.0,148431.0
2022-04-14,Monroe,Indiana,18105,27733,279.0,148431.0
2022-04-15,Monroe,Indiana,18105,27733,279.0,148431.0
2022-04-16,Monroe,Indiana,18105,27733,279.0,148431.0
2022-04-17,Monroe,Indiana,18105,27733,279.0,148431.0
2022-04-18,Monroe,Indiana,18105,27791,279.0,148431.0
2022-04-19,Monroe,Indiana,18105,27791,279.0,148431.0
2022-04-20,Monroe,Indiana,18105,27812,279.0,148431.0
2022-04-21,Monroe,Indiana,18105,27812,279.0,148431.0
2022-04-22,Monroe,Indiana,18105,27860,280.0,148431.0
2022-04-23,Monroe,Indiana,18105,27860,280.0,148431.0
2022-04-24,Monroe,Indiana,18105,27860,280.0,148431.0
2022-04-25,Monroe,Indiana,18105,28133,280.0,148431.0
2022-04-26,Monroe,Indiana,18105,28133,280.0,148431.0
2022-04-27,Monroe,Indiana,18105,28217,280.0,148431.0
2022-04-28,Monroe,Indiana,18105,28217,280.0,148431.0
2022-04-29,Monroe,Indiana,18105,28305,280.0,148431.0
2022-04-30,Monroe,Indiana,18105,28305,280.0,148431.0
2021-12-01,St. Joseph,Indiana,18141,49255,664.0,271826.0
2021-12-02,St. Joseph,Indiana,18141,49531,664.0,271826.0
2021-12-03,St. Joseph,Indiana,18141,49858,668.0,271826.0
2021-12-04,St. Joseph,Indiana,18141,49858,668.0,271826.0
2021-12-05,St. Joseph,Indiana,18141,49858,668.0,271826.0
2021-12-06,St. Joseph,Indiana,18141,50497,669.0,271826.0
2021-12-07,St. Joseph,Indiana,18141,50715,671.0,271826.0
2021-12-08,St. Joseph,Indiana,18141,50971,676.0,271826.0
2021-12-09,St. Joseph,Indiana,18141,51289,678.0,271826.0
2021-12-10,St. Joseph,Indiana,18141,51518,681.0,271826.0
2021-12-11,St. Joseph,Indiana,18141,51518,681.0,271826.0
2021-12-12,St. Joseph,Indiana,18141,51518,681.0,271826.0
2021-12-13,St. Joseph,Indiana,18141,52034,683.0,271826.0
2021-12-14,St. Joseph,Indiana,18141,52249,689.0,271826.0
2021-12-15,St. Joseph,Indiana,18141,52477,694.0,271826.0
2021-12-16,St. Joseph,Indiana,18141,52735,695.0,271826.0
2021-12-17,St. Joseph,Indiana,18141,52980,696.0,271826.0
2021-12-18,St. Joseph,Indiana,18141,52980,696.0,271826.0
2021-12-19,St. Joseph,Indiana,18141,52980,696.0,271826.0
2021-12-20,St. Joseph,Indiana,18141,53426,697.0,271826.0
2021-12-21,St. Joseph,Indiana,18141,53560,701.0,271826.0
2021-12-22,St. Joseph,Indiana,18141,53755,705.0,271826.0
2021-12-23,St. Joseph,Indiana,18141,53755,705.0,271826.0
2021-12-24,St. Joseph,Indiana,18141,53755,705.0,271826.0
2021-12-25,St. Joseph,Indiana,18141,53755,705.0,271826.0
2021-12-26,St. Joseph,Indiana,18141,53755,705.0,271826.0
2021-12-27,St. Joseph,Indiana,18141,54480,713.0,271826.0
2021-12-28,St. Joseph,Indiana,18141,54705,719.0,271826.0
2021-12-29,St. Joseph,Indiana,18141,55051,720.0,271826.0
2021-12-30,St. Joseph,Indiana,18141,55466,721.0,271826.0
2021-12-31,St. Joseph,Indiana,18141,55466,721.0,271826.0
2022-01-01,St. Joseph,Indiana,18141,55466,721.0,271826.0
2022-01-02,St. Joseph,Indiana,18141,55466,721.0,271826.0
2022-01-03,St. Joseph,Indiana,18141,56603,724.0,271826.0
2022-01-04,St. Joseph,Indiana,18141,57012,730.0,271826.0
2022-01-05,St. Joseph,Indiana,18141,57518,731.0,271826.0
2022-01-06,St. Joseph,Indiana,18141,58097,736.0,271826.0
2022-01-07,St. Joseph,Indiana,18141,58613,745.0,271826.0
2022-01-08,St. Joseph,Indiana,18141,58613,745.0,271826.0
2022-01-09,St. Joseph,Indiana,18141,58613,745.0,271826.0
2022-01-10,St. Joseph,Indiana,18141,59935,755.0,271826.0
2022-01-11,St. Joseph,Indiana,18141,60353,756.0,271826.0
2022-01-12,St. Joseph,Indiana,18141,60802,763.0,271826.0
2022-01-13,St. Joseph,Indiana,18141,61447,765.0,271826.0
2022-01-14,St. Joseph,Indiana,18141,62011,768.0,271826.0
2022-01-15,St. Joseph,Indiana,18141,62011,768.0,271826.0
2022-01-16,St. Joseph,Indiana,18141,62011,768.0,271826.0
2022-01-17,St. Joseph,Indiana,18141,63121,770.0,271826.0
2022-01-18,St. Joseph,Indiana,18141,63476,774.0,271826.0
2022-01-19,St. Joseph,Indiana,18141,64096,779.0,271826.0
2022-01-20,St. Joseph,Indiana,18141,64773,783.0,271826.0
2022-01-21,St. Joseph,Indiana,18141,65406,786.0,271826.0
2022-01-22,St. Joseph,Indiana,18141,65406,786.0,271826.0
2022-01-23,St. Joseph,Indiana,18141,65406,786.0,271826.0
2022-01-24,St. Joseph,Indiana,18141,66520,786.0,271826.0
2022-01-25,St. Joseph,Indiana,18141,66799,788.0,271826.0
2022-01-26,St. Joseph,Indiana,18141,66914,791.0,271826.0
2022-01-27,St. Joseph,Indiana,18141,67247,792.0,271826.0
2022-01-28,St. Joseph,Indiana,18141,67837,794.0,271826.0
2022-01-29,St. Joseph,Indiana,18141,67837,794.0,271826.0
2022-01-30,St. Joseph,Indiana,18141,67837,794.0,271826.0
2022-01-31,St. Joseph,Indiana,18141,68356,795.0,271826.0
2022-02-01,St. Joseph,Indiana,18141,68567,803.0,271826.0
2022-02-02,St. Joseph,Indiana,18141,68786,807.0,271826.0
2022-02-03,St. Joseph,Indiana,18141,68971,810.0,271826.0
2022-02-04,St. Joseph,Indiana,18141,69076,813.0,271826.0
2022-02-05,St. Joseph,Indiana,18141,69076,813.0,271826.0
2022-02-06,St. Joseph,Indiana,18141,69076,813.0,271826.0
2022-02-07,St. Joseph,Indiana,18141,69301,817.0,271826.0
2022-02-08,St. Joseph,Indiana,18141,69376,820.0,271826.0
2022-02-09,St. Joseph,Indiana,18141,69376,820.0,271826.0
2022-02-10,St. Joseph,Indiana,18141,69565,822.0,271826.0
2022-02-11,St. Joseph,Indiana,18141,69645,825.0,271826.0
2022-02-12,St. Joseph,Indiana,18141,69645,825.0,271826.0
2022-02-13,St. Joseph,Indiana,18141,69645,825.0,271826.0
2022-02-14,St. Joseph,Indiana,18141,69773,825.0,271826.0
2022-02-15,St. Joseph,Indiana,18141,69825,827.0,271826.0
2022-02-16,St. Joseph,Indiana,18141,69876,830.0,271826.0
2022-02-17,St. Joseph,Indiana,18141,69926,833.0,271826.0
2022-02-18,St. Joseph,Indiana,18141,69965,837.0,271826.0
2022-02-19,St. Joseph,Indiana,18141,69965,837.0,271826.0
2022-02-20,St. Joseph,Indiana,18141,69965,837.0,271826.0
2022-02-21,St. Joseph,Indiana,18141,70039,841.0,271826.0
2022-02-22,St. Joseph,Indiana,18141,70057,841.0,271826.0
2022-02-23,St. Joseph,Indiana,18141,70087,843.0,271826.0
2022-02-24,St. Joseph,Indiana,18141,70122,848.0,271826.0
2022-02-25,St. Joseph,Indiana,18141,70148,849.0,271826.0
2022-02-26,St. Joseph,Indiana,18141,70148,849.0,271826.0
2022-02-27,St. Joseph,Indiana,18141,70148,849.0,271826.0
2022-02-28,St. Joseph,Indiana,18141,70208,849.0,271826.0
2022-03-01,St. Joseph,Indiana,18141,70219,849.0,271826.0
2022-03-02,St. Joseph,Indiana,18141,70235,849.0,271826.0
2022-03-03,St. Joseph,Indiana,18141,70255,850.0,271826.0
2022-03-04,St. Joseph,Indiana,18141,70280,852.0,271826.0
2022-03-05,St. Joseph,Indiana,18141,70280,852.0,271826.0
2022-03-06,St. Joseph,Indiana,18141,70280,852.0,271826.0
2022-03-07,St. Joseph,Indiana,18141,70304,853.0,271826.0
2022-03-08,St. Joseph,Indiana,18141,70318,853.0,271826.0
2022-03-09,St. Joseph,Indiana,18141,70338,854.0,271826.0
2022-03-10,St. Joseph,Indiana,18141,70351,855.0,271826.0
2022-03-11,St. Joseph,Indiana,18141,70361,859.0,271826.0
2022-03-12,St. Joseph,Indiana,18141,70361,859.0,271826.0
2022-03-13,St. Joseph,Indiana,18141,70361,859.0,271826.0
2022-03-14,St. Joseph,Indiana,18141,70385,859.0,271826.0
2022-03-15,St. Joseph,Indiana,18141,70399,860.0,271826.0
2022-03-16,St. Joseph,Indiana,18141,70422,861.0,271826.0
2022-03-17,St. Joseph,Indiana,18141,70426,861.0,271826.0
2022-03-18,St. Joseph,Indiana,18141,70448,863.0,271826.0
2022-03-19,St. Joseph,Indiana,18141,70448,863.0,271826.0
2022-03-20,St. Joseph,Indiana,18141,70448,863.0,271826.0
2022-03-21,St. Joseph,Indiana,18141,70462,863.0,271826.0
2022-03-22,St. Joseph,Indiana,18141,70488,863.0,271826.0
2022-03-23,St. Joseph,Indiana,18141,70498,863.0,271826.0
2022-03-24,St. Joseph,Indiana,18141,70512,863.0,271826.0
2022-03-25,St. Joseph,Indiana,18141,70522,863.0,271826.0
2022-03-26,St. Joseph,Indiana,18141,70522,863.0,271826.0
2022-03-27,St. Joseph,Indiana,18141,70522,863.0,271826.0
2022-03-28,St. Joseph,Indiana,18141,70543,863.0,271826.0
2022-03-29,St. Joseph,Indiana,18141,70553,863.0,271826.0
2022-03-30,St. Joseph,Indiana,18141,70506,863.0,271826.0
2022-03-31,St. Joseph,Indiana,18141,70506,863.0,271826.0
2022-04-01,St. Joseph,Indiana,18141,70541,865.0,271826.0
2022-04-02,St. Joseph,Indiana,18141,70541,865.0,271826.0
2022-04-03,St. Joseph,Indiana,18141,70541,865.0,271826.0
2022-04-04,St. Joseph,Indiana,18141,70568,866.0,271826.0
2022-04-05,St. Joseph,Indiana,18141,70568,866.0,271826.0
2022-04-06,St. Joseph,Indiana,18141,70589,867.0,271826.0
2022-04-07,St. Joseph,Indiana,18141,70589,867.0,271826.0
2022-04-08,St. Joseph,Indiana,18141,70612,869.0,271826.0
2022-04-09,St. Joseph,Indiana,18141,70612,869.0,271826.0
2022-04-10,St. Joseph,Indiana,18141,70612,869.0,271826.0
2022-04-11,St. Joseph,Indiana,18141,70646,870.0,271826.0
2022-04-12,St. Joseph,Indiana,18141,70646,870.0,271826.0
2022-04-13,St. Joseph,Indiana,18141,70681,870.0,271826.0
2022-04-14,St. Joseph,Indiana,18141,70681,870.0,271826.0
2022-04-15,St. Joseph,Indiana,18141,70681,870.0,271826.0
2022-04-16,St. Joseph,Indiana,18141,70681,870.0,271826.0
2022-04-17,St. Joseph,Indiana,18141,70681,870.0,271826.0
2022-04-18,St. Joseph,Indiana,18141,70762,871.0,271826.0
2022-04-19,St. Joseph,Indiana,18141,70762,871.0,271826.0
2022-04-20,St. Joseph,Indiana,18141,70806,871.0,271826.0
2022-04-21,St. Joseph,Indiana,18141,70806,871.0,271826.0
2022-04-22,St. Joseph,Indiana,18141,70875,871.0,271826.0
2022-04-23,St. Joseph,Indiana,18141,70875,871.0,271826.0
2022-04-24,St. Joseph,Indiana,18141,70875,871.0,271826.0
2022-04-25,St. Joseph,Indiana,18141,71010,871.0,271826.0
2022-04-26,St. Joseph,Indiana,18141,71010,871.0,271826.0
2022-04-27,St. Joseph,Indiana,18141,71095,872.0,271826.0
2022-04-28,St. Joseph,Indiana,18141,71095,872.0,271826.0
2022-04-29,St. Joseph,Indiana,18141,71191,872.0,271826.0
2022-04-30,St. Joseph,Indiana,18141,71191,872.0,271826.0
2021-12-01,Tippecanoe,Indiana,18157,30495,278.0,195732.0
2021-12-02,Tippecanoe,Indiana,18157,30665,278.0,195732.0
2021-12-03,Tippecanoe,Indiana,18157,30819,280.0,195732.0
2021-12-04,Tippecanoe,Indiana,18157,30819,280.0,195732.0
2021-12-05,Tippecanoe,Indiana,18157,30819,280.0,195732.0
2021-12-06,Tippecanoe,Indiana,18157,31223,280.0,195732.0
2021-12-07,Tippecanoe,Indiana,18157,31313,282.0,195732.0
2021-12-08,Tippecanoe,Indiana,18157,31475,283.0,195732.0
2021-12-09,Tippecanoe,Indiana,18157,31598,284.0,195732.0
2021-12-10,Tippecanoe,Indiana,18157,31749,285.0,195732.0
2021-12-11,Tippecanoe,Indiana,18157,31749,285.0,195732.0
2021-12-12,Tippecanoe,Indiana,18157,31749,285.0,195732.0
2021-12-13,Tippecanoe,Indiana,18157,32138,288.0,195732.0
2021-12-14,Tippecanoe,Indiana,18157,32232,288.0,195732.0
2021-12-15,Tippecanoe,Indiana,18157,32336,292.0,195732.0
2021-12-16,Tippecanoe,Indiana,18157,32514,295.0,195732.0
2021-12-17,Tippecanoe,Indiana,18157,32669,295.0,195732.0
2021-12-18,Tippecanoe,Indiana,18157,32669,295.0,195732.0
2021-12-19,Tippecanoe,Indiana,18157,32669,295.0,195732.0
2021-12-20,Tippecanoe,Indiana,18157,32969,298.0,195732.0
2021-12-21,Tippecanoe,Indiana,18157,33094,300.0,195732.0
2021-12-22,Tippecanoe,Indiana,18157,33227,301.0,195732.0
2021-12-23,Tippecanoe,Indiana,18157,33227,301.0,195732.0
2021-12-24,Tippecanoe,Indiana,18157,33227,301.0,195732.0
2021-12-25,Tippecanoe,Indiana,18157,33227,301.0,195732.0
2021-12-26,Tippecanoe,Indiana,18157,33227,301.0,195732.0
2021-12-27,Tippecanoe,Indiana,18157,33802,301.0,195732.0
2021-12-28,Tippecanoe,Indiana,18157,34024,305.0,195732.0
2021-12-29,Tippecanoe,Indiana,18157,34200,309.0,195732.0
2021-12-30,Tippecanoe,Indiana,18157,34574,309.0,195732.0
2021-12-31,Tippecanoe,Indiana,18157,34574,309.0,195732.0
2022-01-01,Tippecanoe,Indiana,18157,34574,309.0,195732.0
2022-01-02,Tippecanoe,Indiana,18157,34574,309.0,195732.0
2022-01-03,Tippecanoe,Indiana,18157,35486,310.0,195732.0
2022-01-04,Tippecanoe,Indiana,18157,35764,313.0,195732.0
2022-01-05,Tippecanoe,Indiana,18157,36191,313.0,195732.0
2022-01-06,Tippecanoe,Indiana,18157,36643,316.0,195732.0
2022-01-07,Tippecanoe,Indiana,18157,37079,321.0,195732.0
2022-01-08,Tippecanoe,Indiana,18157,37079,321.0,195732.0
2022-01-09,Tippecanoe,Indiana,18157,37079,321.0,195732.0
2022-01-10,Tippecanoe,Indiana,18157,38478,324.0,195732.0
2022-01-11,Tippecanoe,Indiana,18157,38951,324.0,195732.0
2022-01-12,Tippecanoe,Indiana,18157,39428,331.0,195732.0
2022-01-13,Tippecanoe,Indiana,18157,40222,334.0,195732.0
2022-01-14,Tippecanoe,Indiana,18157,40851,335.0,195732.0
2022-01-15,Tippecanoe,Indiana,18157,40851,335.0,195732.0
2022-01-16,Tippecanoe,Indiana,18157,40851,335.0,195732.0
2022-01-17,Tippecanoe,Indiana,18157,42127,335.0,195732.0
2022-01-18,Tippecanoe,Indiana,18157,42562,335.0,195732.0
2022-01-19,Tippecanoe,Indiana,18157,43194,341.0,195732.0
2022-01-20,Tippecanoe,Indiana,18157,43776,341.0,195732.0
2022-01-21,Tippecanoe,Indiana,18157,44423,343.0,195732.0
2022-01-22,Tippecanoe,Indiana,18157,44423,343.0,195732.0
2022-01-23,Tippecanoe,Indiana,18157,44423,343.0,195732.0
2022-01-24,Tippecanoe,Indiana,18157,45733,343.0,195732.0
2022-01-25,Tippecanoe,Indiana,18157,46146,345.0,195732.0
2022-01-26,Tippecanoe,Indiana,18157,46268,349.0,195732.0
2022-01-27,Tippecanoe,Indiana,18157,46776,352.0,195732.0
2022-01-28,Tippecanoe,Indiana,18157,47140,352.0,195732.0
2022-01-29,Tippecanoe,Indiana,18157,47140,352.0,195732.0
2022-01-30,Tippecanoe,Indiana,18157,47140,352.0,195732.0
2022-01-31,Tippecanoe,Indiana,18157,47871,353.0,195732.0
2022-02-01,Tippecanoe,Indiana,18157,48030,353.0,195732.0
2022-02-02,Tippecanoe,Indiana,18157,48227,354.0,195732.0
2022-02-03,Tippecanoe,Indiana,18157,48413,356.0,195732.0
2022-02-04,Tippecanoe,Indiana,18157,48494,356.0,195732.0
2022-02-05,Tippecanoe,Indiana,18157,48494,356.0,195732.0
2022-02-06,Tippecanoe,Indiana,18157,48494,356.0,195732.0
2022-02-07,Tippecanoe,Indiana,18157,48631,358.0,195732.0
2022-02-08,Tippecanoe,Indiana,18157,48740,362.0,195732.0
2022-02-09,Tippecanoe,Indiana,18157,48740,362.0,195732.0
2022-02-10,Tippecanoe,Indiana,18157,48920,362.0,195732.0
2022-02-11,Tippecanoe,Indiana,18157,48994,363.0,195732.0
2022-02-12,Tippecanoe,Indiana,18157,48994,363.0,195732.0
2022-02-13,Tippecanoe,Indiana,18157,48994,363.0,195732.0
2022-02-14,Tippecanoe,Indiana,18157,49134,363.0,195732.0
2022-02-15,Tippecanoe,Indiana,18157,49190,364.0,195732.0
2022-02-16,Tippecanoe,Indiana,18157,49228,366.0,195732.0
2022-02-17,Tippecanoe,Indiana,18157,49278,369.0,195732.0
2022-02-18,Tippecanoe,Indiana,18157,49332,370.0,195732.0
2022-02-19,Tippecanoe,Indiana,18157,49332,370.0,195732.0
2022-02-20,Tippecanoe,Indiana,18157,49332,370.0,195732.0
2022-02-21,Tippecanoe,Indiana,18157,49409,370.0,195732.0
2022-02-22,Tippecanoe,Indiana,18157,49441,372.0,195732.0
2022-02-23,Tippecanoe,Indiana,18157,49474,374.0,195732.0
2022-02-24,Tippecanoe,Indiana,18157,49519,375.0,195732.0
2022-02-25,Tippecanoe,Indiana,18157,49552,375.0,195732.0
2022-02-26,Tippecanoe,Indiana,18157,49552,375.0,195732.0
2022-02-27,Tippecanoe,Indiana,18157,49552,375.0,195732.0
2022-02-28,Tippecanoe,Indiana,18157,49609,376.0,195732.0
2022-03-01,Tippecanoe,Indiana,18157,49633,376.0,195732.0
2022-03-02,Tippecanoe,Indiana,18157,49637,377.0,195732.0
2022-03-03,Tippecanoe,Indiana,18157,49650,379.0,195732.0
2022-03-04,Tippecanoe,Indiana,18157,49664,380.0,195732.0
2022-03-05,Tippecanoe,Indiana,18157,49664,380.0,195732.0
2022-03-06,Tippecanoe,Indiana,18157,49664,380.0,195732.0
2022-03-07,Tippecanoe,Indiana,18157,49690,380.0,195732.0
2022-03-08,Tippecanoe,Indiana,18157,49700,381.0,195732.0
2022-03-09,Tippecanoe,Indiana,18157,49712,384.0,195732.0
2022-03-10,Tippecanoe,Indiana,18157,49731,384.0,195732.0
2022-03-11,Tippecanoe,Indiana,18157,49740,384.0,195732.0
2022-03-12,Tippecanoe,Indiana,18157,49740,384.0,195732.0
2022-03-13,Tippecanoe,Indiana,18157,49740,384.0,195732.0
2022-03-14,Tippecanoe,Indiana,18157,49752,384.0,195732.0
2022-03-15,Tippecanoe,Indiana,18157,49762,384.0,195732.0
2022-03-16,Tippecanoe,Indiana,18157,49771,388.0,195732.0
2022-03-17,Tippecanoe,Indiana,18157,49782,389.0,195732.0
2022-03-18,Tippecanoe,Indiana,18157,49795,391.0,195732.0
2022-03-19,Tippecanoe,Indiana,18157,49795,391.0,195732.0
2022-03-20,Tippecanoe,Indiana,18157,49795,391.0,195732.0
2022-03-21,Tippecanoe,Indiana,18157,49810,392.0,195732.0
2022-03-22,Tippecanoe,Indiana,18157,49822,392.0,195732.0
2022-03-23,Tippecanoe,Indiana,18157,49838,392.0,195732.0
2022-03-24,Tippecanoe,Indiana,18157,49855,392.0,195732.0
2022-03-25,Tippecanoe,Indiana,18157,49866,392.0,195732.0
2022-03-26,Tippecanoe,Indiana,18157,49866,392.0,195732.0
2022-03-27,Tippecanoe,Indiana,18157,49866,392.0,195732.0
2022-03-28,Tippecanoe,Indiana,18157,49904,392.0,195732.0
2022-03-29,Tippecanoe,Indiana,18157,49917,392.0,195732.0
2022-03-30,Tippecanoe,Indiana,18157,49902,392.0,195732.0
2022-03-31,Tippecanoe,Indiana,18157,49902,392.0,195732.0
2022-04-01,Tippecanoe,Indiana,18157,49936,394.0,195732.0
2022-04-02,Tippecanoe,Indiana,18157,49936,394.0,195732.0
2022-04-03,Tippecanoe,Indiana,18157,49936,394.0,195732.0
2022-04-04,Tippecanoe,Indiana,18157,49970,394.0,195732.0
2022-04-05,Tippecanoe,Indiana,18157,49970,394.0,195732.0
2022-04-06,Tippecanoe,Indiana,18157,50005,394.0,195732.0
2022-04-07,Tippecanoe,Indiana,18157,50005,394.0,195732.0
2022-04-08,Tippecanoe,Indiana,18157,50042,394.0,195732.0
2022-04-09,Tippecanoe,Indiana,18157,50042,394.0,195732.0
2022-04-10,Tippecanoe,Indiana,18157,50042,394.0,195732.0
2022-04-11,Tippecanoe,Indiana,18157,50076,394.0,195732.0
2022-04-12,Tippecanoe,Indiana,18157,50076,394.0,195732.0
2022-04-13,Tippecanoe,Indiana,18157,50116,394.0,195732.0
2022-04-14,Tippecanoe,Indiana,18157,50116,394.0,195732.0
2022-04-15,Tippecanoe,Indiana,18157,50116,394.0,195732.0
2022-04-16,Tippecanoe,Indiana,18157,50116,394.0,195732.0
2022-04-17,Tippecanoe,Indiana,18157,50116,394.0,195732.0
2022-04-18,Tippecanoe,Indiana,18157,50245,394.0,195732.0
2022-04-19,Tippecanoe,Indiana,18157,50245,394.0,195732.0
2022-04-20,Tippecanoe,Indiana,18157,50317,394.0,195732.0
2022-04-21,Tippecanoe,Indiana,18157,50317,394.0,195732.0
2022-04-22,Tippecanoe,Indiana,18157,50427,394.0,195732.0
2022-04-23,Tippecanoe,Indiana,18157,50427,394.0,195732.0
2022-04-24,Tippecanoe,Indiana,18157,50427,394.0,195732.0
2022-04-25,Tippecanoe,Indiana,18157,50678,394.0,195732.0
2022-04-26,Tippecanoe,Indiana,18157,50678,394.0,195732.0
2022-04-27,Tippecanoe,Indiana,18157,50819,396.0,195732.0
2022-04-28,Tippecanoe,Indiana,18157,50819,396.0,195732.0
2022-04-29,Tippecanoe,Indiana,18157,50955,396.0,195732.0
2022-04-30,Tippecanoe,Indiana,18157,50955,396.0,195732.0
2021-12-01,Vigo,Indiana,18167,18918,315.0,107038.0
2021-12-02,Vigo,Indiana,18167,18979,315.0,107038.0
2021-12-03,Vigo,Indiana,18167,19072,315.0,107038.0
2021-12-04,Vigo,Indiana,18167,19072,315.0,107038.0
2021-12-05,Vigo,Indiana,18167,19072,315.0,107038.0
2021-12-06,Vigo,Indiana,18167,19257,315.0,107038.0
2021-12-07,Vigo,Indiana,18167,19303,318.0,107038.0
2021-12-08,Vigo,Indiana,18167,19385,320.0,107038.0
2021-12-09,Vigo,Indiana,18167,19476,321.0,107038.0
2021-12-10,Vigo,Indiana,18167,19523,323.0,107038.0
2021-12-11,Vigo,Indiana,18167,19523,323.0,107038.0
2021-12-12,Vigo,Indiana,18167,19523,323.0,107038.0
2021-12-13,Vigo,Indiana,18167,19704,324.0,107038.0
2021-12-14,Vigo,Indiana,18167,19752,325.0,107038.0
2021-12-15,Vigo,Indiana,18167,19801,325.0,107038.0
2021-12-16,Vigo,Indiana,18167,19912,326.0,107038.0
2021-12-17,Vigo,Indiana,18167,19960,326.0,107038.0
2021-12-18,Vigo,Indiana,18167,19960,326.0,107038.0
2021-12-19,Vigo,Indiana,18167,19960,326.0,107038.0
2021-12-20,Vigo,Indiana,18167,20165,327.0,107038.0
2021-12-21,Vigo,Indiana,18167,20206,327.0,107038.0
2021-12-22,Vigo,Indiana,18167,20245,327.0,107038.0
2021-12-23,Vigo,Indiana,18167,20245,327.0,107038.0
2021-12-24,Vigo,Indiana,18167,20245,327.0,107038.0
2021-12-25,Vigo,Indiana,18167,20245,327.0,107038.0
2021-12-26,Vigo,Indiana,18167,20245,327.0,107038.0
2021-12-27,Vigo,Indiana,18167,20637,327.0,107038.0
2021-12-28,Vigo,Indiana,18167,20680,329.0,107038.0
2021-12-29,Vigo,Indiana,18167,20773,331.0,107038.0
2021-12-30,Vigo,Indiana,18167,20959,333.0,107038.0
2021-12-31,Vigo,Indiana,18167,20959,333.0,107038.0
2022-01-01,Vigo,Indiana,18167,20959,333.0,107038.0
2022-01-02,Vigo,Indiana,18167,20959,333.0,107038.0
2022-01-03,Vigo,Indiana,18167,21565,333.0,107038.0
2022-01-04,Vigo,Indiana,18167,21690,334.0,107038.0
2022-01-05,Vigo,Indiana,18167,21976,334.0,107038.0
2022-01-06,Vigo,Indiana,18167,22289,337.0,107038.0
2022-01-07,Vigo,Indiana,18167,22525,339.0,107038.0
2022-01-08,Vigo,Indiana,18167,22525,339.0,107038.0
2022-01-09,Vigo,Indiana,18167,22525,339.0,107038.0
2022-01-10,Vigo,Indiana,18167,23307,342.0,107038.0
2022-01-11,Vigo,Indiana,18167,23554,343.0,107038.0
2022-01-12,Vigo,Indiana,18167,23685,345.0,107038.0
2022-01-13,Vigo,Indiana,18167,24043,346.0,107038.0
2022-01-14,Vigo,Indiana,18167,24311,347.0,107038.0
2022-01-15,Vigo,Indiana,18167,24311,347.0,107038.0
2022-01-16,Vigo,Indiana,18167,24311,347.0,107038.0
2022-01-17,Vigo,Indiana,18167,24782,348.0,107038.0
2022-01-18,Vigo,Indiana,18167,25090,350.0,107038.0
2022-01-19,Vigo,Indiana,18167,25264,350.0,107038.0
2022-01-20,Vigo,Indiana,18167,25646,351.0,107038.0
2022-01-21,Vigo,Indiana,18167,25954,352.0,107038.0
2022-01-22,Vigo,Indiana,18167,25954,352.0,107038.0
2022-01-23,Vigo,Indiana,18167,25954,352.0,107038.0
2022-01-24,Vigo,Indiana,18167,26414,353.0,107038.0
2022-01-25,Vigo,Indiana,18167,26721,355.0,107038.0
2022-01-26,Vigo,Indiana,18167,26771,356.0,107038.0
2022-01-27,Vigo,Indiana,18167,26957,357.0,107038.0
2022-01-28,Vigo,Indiana,18167,27350,359.0,107038.0
2022-01-29,Vigo,Indiana,18167,27350,359.0,107038.0
2022-01-30,Vigo,Indiana,18167,27350,359.0,107038.0
2022-01-31,Vigo,Indiana,18167,27725,363.0,107038.0
2022-02-01,Vigo,Indiana,18167,27838,366.0,107038.0
2022-02-02,Vigo,Indiana,18167,27951,366.0,107038.0
2022-02-03,Vigo,Indiana,18167,28055,369.0,107038.0
2022-02-04,Vigo,Indiana,18167,28112,370.0,107038.0
2022-02-05,Vigo,Indiana,18167,28112,370.0,107038.0
2022-02-06,Vigo,Indiana,18167,28112,370.0,107038.0
2022-02-07,Vigo,Indiana,18167,28200,373.0,107038.0
2022-02-08,Vigo,Indiana,18167,28266,374.0,107038.0
2022-02-09,Vigo,Indiana,18167,28266,374.0,107038.0
2022-02-10,Vigo,Indiana,18167,28354,375.0,107038.0
2022-02-11,Vigo,Indiana,18167,28398,379.0,107038.0
2022-02-12,Vigo,Indiana,18167,28398,379.0,107038.0
2022-02-13,Vigo,Indiana,18167,28398,379.0,107038.0
2022-02-14,Vigo,Indiana,18167,28473,380.0,107038.0
2022-02-15,Vigo,Indiana,18167,28517,382.0,107038.0
2022-02-16,Vigo,Indiana,18167,28542,388.0,107038.0
2022-02-17,Vigo,Indiana,18167,28568,388.0,107038.0
2022-02-18,Vigo,Indiana,18167,28590,389.0,107038.0
2022-02-19,Vigo,Indiana,18167,28590,389.0,107038.0
2022-02-20,Vigo,Indiana,18167,28590,389.0,107038.0
2022-02-21,Vigo,Indiana,18167,28648,390.0,107038.0
2022-02-22,Vigo,Indiana,18167,28670,394.0,107038.0
2022-02-23,Vigo,Indiana,18167,28689,396.0,107038.0
2022-02-24,Vigo,Indiana,18167,28705,396.0,107038.0
2022-02-25,Vigo,Indiana,18167,28718,396.0,107038.0
2022-02-26,Vigo,Indiana,18167,28718,396.0,107038.0
2022-02-27,Vigo,Indiana,18167,28718,396.0,107038.0
2022-02-28,Vigo,Indiana,18167,28739,397.0,107038.0
2022-03-01,Vigo,Indiana,18167,28743,400.0,107038.0
2022-03-02,Vigo,Indiana,18167,28747,400.0,107038.0
2022-03-03,Vigo,Indiana,18167,28764,403.0,107038.0
2022-03-04,Vigo,Indiana,18167,28769,404.0,107038.0
2022-03-05,Vigo,Indiana,18167,28769,404.0,107038.0
2022-03-06,Vigo,Indiana,18167,28769,404.0,107038.0
2022-03-07,Vigo,Indiana,18167,28776,404.0,107038.0
2022-03-08,Vigo,Indiana,18167,28789,404.0,107038.0
2022-03-09,Vigo,Indiana,18167,28792,405.0,107038.0
2022-03-10,Vigo,Indiana,18167,28799,405.0,107038.0
2022-03-11,Vigo,Indiana,18167,28799,405.0,107038.0
2022-03-12,Vigo,Indiana,18167,28799,405.0,107038.0
2022-03-13,Vigo,Indiana,18167,28799,405.0,107038.0
2022-03-14,Vigo,Indiana,18167,28806,406.0,107038.0
2022-03-15,Vigo,Indiana,18167,28808,406.0,107038.0
2022-03-16,Vigo,Indiana,18167,28809,406.0,107038.0
2022-03-17,Vigo,Indiana,18167,28810,406.0,107038.0
2022-03-18,Vigo,Indiana,18167,28812,406.0,107038.0
2022-03-19,Vigo,Indiana,18167,28812,406.0,107038.0
2022-03-20,Vigo,Indiana,18167,28812,406.0,107038.0
2022-03-21,Vigo,Indiana,18167,28814,408.0,107038.0
2022-03-22,Vigo,Indiana,18167,28819,408.0,107038.0
2022-03-23,Vigo,Indiana,18167,28819,409.0,107038.0
2022-03-24,Vigo,Indiana,18167,28821,409.0,107038.0
2022-03-25,Vigo,Indiana,18167,28826,410.0,107038.0
2022-03-26,Vigo,Indiana,18167,28826,410.0,107038.0
2022-03-27,Vigo,Indiana,18167,28826,410.0,107038.0
2022-03-28,Vigo,Indiana,18167,28828,410.0,107038.0
2022-03-29,Vigo,Indiana,18167,28832,410.0,107038.0
2022-03-30,Vigo,Indiana,18167,28817,410.0,107038.0
2022-03-31,Vigo,Indiana,18167,28817,410.0,107038.0
2022-04-01,Vigo,Indiana,18167,28822,411.0,107038.0
2022-04-02,Vigo,Indiana,18167,28822,411.0,107038.0
2022-04-03,Vigo,Indiana,18167,28822,411.0,107038.0
2022-04-04,Vigo,Indiana,18167,28825,411.0,107038.0
2022-04-05,Vigo,Indiana,18167,28825,411.0,107038.0
2022-04-06,Vigo,Indiana,18167,28826,411.0,107038.0
2022-04-07,Vigo,Indiana,18167,28826,411.0,107038.0
2022-04-08,Vigo,Indiana,18167,28835,412.0,107038.0
2022-04-09,Vigo,Indiana,18167,28835,412.0,107038.0
2022-04-10,Vigo,Indiana,18167,28835,412.0,107038.0
2022-04-11,Vigo,Indiana,18167,28838,412.0,107038.0
2022-04-12,Vigo,Indiana,18167,28838,412.0,107038.0
2022-04-13,Vigo,Indiana,18167,28840,413.0,107038.0
2022-04-14,Vigo,Indiana,18167,28840,413.0,107038.0
2022-04-15,Vigo,Indiana,18167,28840,413.0,107038.0
2022-04-16,Vigo,Indiana,18167,28840,413.0,107038.0
2022-04-17,Vigo,Indiana,18167,28840,413.0,107038.0
2022-04-18,Vigo,Indiana,18167,28853,413.0,107038.0
2022-04-19,Vigo,Indiana,18167,28853,413.0,107038.0
2022-04-20,Vigo,Indiana,18167,28869,413.0,107038.0
2022-04-21,Vigo,Indiana,18167,28869,413.0,107038.0
2022-04-22,Vigo,Indiana,18167,28878,413.0,107038.0
2022-04-23,Vigo,Indiana,18167,28878,413.0,107038.0
2022-04-24,Vigo,Indiana,18167,28878,413.0,107038.0
2022-04-25,Vigo,Indiana,18167,28887,413.0,107038.0
2022-04-26,Vigo,Indiana,18167,28887,413.0,107038.0
2022-04-27,Vigo,Indiana,18167,28905,413.0,107038.0
2022-04-28,Vigo,Indiana,18167,28905,413.0,107038.0
2022-04-29,Vigo,Indiana,18167,28931,413.0,107038.0
2022-04-30,Vigo,Indiana,18167,28931,413.0,107038.0
2021-12-01,Black Hawk,Iowa,19013,22380,382.0,131228.0
2021-12-02,Black Hawk,Iowa,19013,22380,382.0,131228.0
2021-12-03,Black Hawk,Iowa,19013,22380,382.0,131228.0
2021-12-04,Black Hawk,Iowa,19013,22380,382.0,131228.0
2021-12-05,Black Hawk,Iowa,19013,22380,382.0,131228.0
2021-12-06,Black Hawk,Iowa,19013,22380,382.0,131228.0
2021-12-07,Black Hawk,Iowa,19013,22380,382.0,131228.0
2021-12-08,Black Hawk,Iowa,19013,22916,387.0,131228.0
2021-12-09,Black Hawk,Iowa,19013,22916,387.0,131228.0
2021-12-10,Black Hawk,Iowa,19013,22916,387.0,131228.0
2021-12-11,Black Hawk,Iowa,19013,22916,387.0,131228.0
2021-12-12,Black Hawk,Iowa,19013,22916,387.0,131228.0
2021-12-13,Black Hawk,Iowa,19013,22916,387.0,131228.0
2021-12-14,Black Hawk,Iowa,19013,22916,387.0,131228.0
2021-12-15,Black Hawk,Iowa,19013,23355,394.0,131228.0
2021-12-16,Black Hawk,Iowa,19013,23355,394.0,131228.0
2021-12-17,Black Hawk,Iowa,19013,23355,394.0,131228.0
2021-12-18,Black Hawk,Iowa,19013,23355,394.0,131228.0
2021-12-19,Black Hawk,Iowa,19013,23355,394.0,131228.0
2021-12-20,Black Hawk,Iowa,19013,23355,394.0,131228.0
2021-12-21,Black Hawk,Iowa,19013,23355,394.0,131228.0
2021-12-22,Black Hawk,Iowa,19013,23797,397.0,131228.0
2021-12-23,Black Hawk,Iowa,19013,23797,397.0,131228.0
2021-12-24,Black Hawk,Iowa,19013,23797,397.0,131228.0
2021-12-25,Black Hawk,Iowa,19013,23797,397.0,131228.0
2021-12-26,Black Hawk,Iowa,19013,23797,397.0,131228.0
2021-12-27,Black Hawk,Iowa,19013,23797,397.0,131228.0
2021-12-28,Black Hawk,Iowa,19013,23797,397.0,131228.0
2021-12-29,Black Hawk,Iowa,19013,24357,399.0,131228.0
2021-12-30,Black Hawk,Iowa,19013,24357,399.0,131228.0
2021-12-31,Black Hawk,Iowa,19013,24357,399.0,131228.0
2022-01-01,Black Hawk,Iowa,19013,24357,399.0,131228.0
2022-01-02,Black Hawk,Iowa,19013,24357,399.0,131228.0
2022-01-03,Black Hawk,Iowa,19013,24357,399.0,131228.0
2022-01-04,Black Hawk,Iowa,19013,24357,399.0,131228.0
2022-01-05,Black Hawk,Iowa,19013,25566,406.0,131228.0
2022-01-06,Black Hawk,Iowa,19013,25566,406.0,131228.0
2022-01-07,Black Hawk,Iowa,19013,25566,406.0,131228.0
2022-01-08,Black Hawk,Iowa,19013,25566,406.0,131228.0
2022-01-09,Black Hawk,Iowa,19013,25566,406.0,131228.0
2022-01-10,Black Hawk,Iowa,19013,25566,406.0,131228.0
2022-01-11,Black Hawk,Iowa,19013,25566,406.0,131228.0
2022-01-12,Black Hawk,Iowa,19013,27606,417.0,131228.0
2022-01-13,Black Hawk,Iowa,19013,27606,417.0,131228.0
2022-01-14,Black Hawk,Iowa,19013,27606,417.0,131228.0
2022-01-15,Black Hawk,Iowa,19013,27606,417.0,131228.0
2022-01-16,Black Hawk,Iowa,19013,27606,417.0,131228.0
2022-01-17,Black Hawk,Iowa,19013,27606,417.0,131228.0
2022-01-18,Black Hawk,Iowa,19013,27606,417.0,131228.0
2022-01-19,Black Hawk,Iowa,19013,29243,421.0,131228.0
2022-01-20,Black Hawk,Iowa,19013,29243,421.0,131228.0
2022-01-21,Black Hawk,Iowa,19013,29243,421.0,131228.0
2022-01-22,Black Hawk,Iowa,19013,29243,421.0,131228.0
2022-01-23,Black Hawk,Iowa,19013,29243,421.0,131228.0
2022-01-24,Black Hawk,Iowa,19013,29243,421.0,131228.0
2022-01-25,Black Hawk,Iowa,19013,29243,421.0,131228.0
2022-01-26,Black Hawk,Iowa,19013,30686,426.0,131228.0
2022-01-27,Black Hawk,Iowa,19013,30686,426.0,131228.0
2022-01-28,Black Hawk,Iowa,19013,30686,426.0,131228.0
2022-01-29,Black Hawk,Iowa,19013,30686,426.0,131228.0
2022-01-30,Black Hawk,Iowa,19013,30686,426.0,131228.0
2022-01-31,Black Hawk,Iowa,19013,30686,426.0,131228.0
2022-02-01,Black Hawk,Iowa,19013,30686,426.0,131228.0
2022-02-02,Black Hawk,Iowa,19013,31394,438.0,131228.0
2022-02-03,Black Hawk,Iowa,19013,31394,438.0,131228.0
2022-02-04,Black Hawk,Iowa,19013,31394,438.0,131228.0
2022-02-05,Black Hawk,Iowa,19013,31394,438.0,131228.0
2022-02-06,Black Hawk,Iowa,19013,31394,438.0,131228.0
2022-02-07,Black Hawk,Iowa,19013,31394,438.0,131228.0
2022-02-08,Black Hawk,Iowa,19013,31394,438.0,131228.0
2022-02-09,Black Hawk,Iowa,19013,31897,445.0,131228.0
2022-02-10,Black Hawk,Iowa,19013,31897,445.0,131228.0
2022-02-11,Black Hawk,Iowa,19013,31897,445.0,131228.0
2022-02-12,Black Hawk,Iowa,19013,31897,445.0,131228.0
2022-02-13,Black Hawk,Iowa,19013,31897,445.0,131228.0
2022-02-14,Black Hawk,Iowa,19013,31897,445.0,131228.0
2022-02-15,Black Hawk,Iowa,19013,31897,445.0,131228.0
2022-02-16,Black Hawk,Iowa,19013,32214,449.0,131228.0
2022-02-17,Black Hawk,Iowa,19013,32214,449.0,131228.0
2022-02-18,Black Hawk,Iowa,19013,32214,449.0,131228.0
2022-02-19,Black Hawk,Iowa,19013,32214,449.0,131228.0
2022-02-20,Black Hawk,Iowa,19013,32214,449.0,131228.0
2022-02-21,Black Hawk,Iowa,19013,32214,449.0,131228.0
2022-02-22,Black Hawk,Iowa,19013,32214,449.0,131228.0
2022-02-23,Black Hawk,Iowa,19013,32381,454.0,131228.0
2022-02-24,Black Hawk,Iowa,19013,32381,454.0,131228.0
2022-02-25,Black Hawk,Iowa,19013,32381,454.0,131228.0
2022-02-26,Black Hawk,Iowa,19013,32381,454.0,131228.0
2022-02-27,Black Hawk,Iowa,19013,32381,454.0,131228.0
2022-02-28,Black Hawk,Iowa,19013,32381,454.0,131228.0
2022-03-01,Black Hawk,Iowa,19013,32381,454.0,131228.0
2022-03-02,Black Hawk,Iowa,19013,32500,457.0,131228.0
2022-03-03,Black Hawk,Iowa,19013,32500,457.0,131228.0
2022-03-04,Black Hawk,Iowa,19013,32500,457.0,131228.0
2022-03-05,Black Hawk,Iowa,19013,32500,457.0,131228.0
2022-03-06,Black Hawk,Iowa,19013,32500,457.0,131228.0
2022-03-07,Black Hawk,Iowa,19013,32500,457.0,131228.0
2022-03-08,Black Hawk,Iowa,19013,32500,457.0,131228.0
2022-03-09,Black Hawk,Iowa,19013,32562,463.0,131228.0
2022-03-10,Black Hawk,Iowa,19013,32562,463.0,131228.0
2022-03-11,Black Hawk,Iowa,19013,32562,463.0,131228.0
2022-03-12,Black Hawk,Iowa,19013,32562,463.0,131228.0
2022-03-13,Black Hawk,Iowa,19013,32562,463.0,131228.0
2022-03-14,Black Hawk,Iowa,19013,32562,463.0,131228.0
2022-03-15,Black Hawk,Iowa,19013,32562,463.0,131228.0
2022-03-16,Black Hawk,Iowa,19013,32608,465.0,131228.0
2022-03-17,Black Hawk,Iowa,19013,32608,465.0,131228.0
2022-03-18,Black Hawk,Iowa,19013,32608,465.0,131228.0
2022-03-19,Black Hawk,Iowa,19013,32608,465.0,131228.0
2022-03-20,Black Hawk,Iowa,19013,32608,465.0,131228.0
2022-03-21,Black Hawk,Iowa,19013,32608,465.0,131228.0
2022-03-22,Black Hawk,Iowa,19013,32608,465.0,131228.0
2022-03-23,Black Hawk,Iowa,19013,32658,467.0,131228.0
2022-03-24,Black Hawk,Iowa,19013,32658,467.0,131228.0
2022-03-25,Black Hawk,Iowa,19013,32658,467.0,131228.0
2022-03-26,Black Hawk,Iowa,19013,32658,467.0,131228.0
2022-03-27,Black Hawk,Iowa,19013,32658,467.0,131228.0
2022-03-28,Black Hawk,Iowa,19013,32658,467.0,131228.0
2022-03-29,Black Hawk,Iowa,19013,32658,467.0,131228.0
2022-03-30,Black Hawk,Iowa,19013,32692,469.0,131228.0
2022-03-31,Black Hawk,Iowa,19013,32692,469.0,131228.0
2022-04-01,Black Hawk,Iowa,19013,32692,469.0,131228.0
2022-04-02,Black Hawk,Iowa,19013,32692,469.0,131228.0
2022-04-03,Black Hawk,Iowa,19013,32692,469.0,131228.0
2022-04-04,Black Hawk,Iowa,19013,32692,469.0,131228.0
2022-04-05,Black Hawk,Iowa,19013,32692,469.0,131228.0
2022-04-06,Black Hawk,Iowa,19013,32730,472.0,131228.0
2022-04-07,Black Hawk,Iowa,19013,32730,472.0,131228.0
2022-04-08,Black Hawk,Iowa,19013,32730,472.0,131228.0
2022-04-09,Black Hawk,Iowa,19013,32730,472.0,131228.0
2022-04-10,Black Hawk,Iowa,19013,32730,472.0,131228.0
2022-04-11,Black Hawk,Iowa,19013,32730,472.0,131228.0
2022-04-12,Black Hawk,Iowa,19013,32730,472.0,131228.0
2022-04-13,Black Hawk,Iowa,19013,32769,473.0,131228.0
2022-04-14,Black Hawk,Iowa,19013,32769,473.0,131228.0
2022-04-15,Black Hawk,Iowa,19013,32769,473.0,131228.0
2022-04-16,Black Hawk,Iowa,19013,32769,473.0,131228.0
2022-04-17,Black Hawk,Iowa,19013,32769,473.0,131228.0
2022-04-18,Black Hawk,Iowa,19013,32769,473.0,131228.0
2022-04-19,Black Hawk,Iowa,19013,32769,473.0,131228.0
2022-04-20,Black Hawk,Iowa,19013,32802,475.0,131228.0
2022-04-21,Black Hawk,Iowa,19013,32802,475.0,131228.0
2022-04-22,Black Hawk,Iowa,19013,32802,475.0,131228.0
2022-04-23,Black Hawk,Iowa,19013,32802,475.0,131228.0
2022-04-24,Black Hawk,Iowa,19013,32802,475.0,131228.0
2022-04-25,Black Hawk,Iowa,19013,32802,475.0,131228.0
2022-04-26,Black Hawk,Iowa,19013,32802,475.0,131228.0
2022-04-27,Black Hawk,Iowa,19013,32876,477.0,131228.0
2022-04-28,Black Hawk,Iowa,19013,32876,477.0,131228.0
2022-04-29,Black Hawk,Iowa,19013,32876,477.0,131228.0
2022-04-30,Black Hawk,Iowa,19013,32876,477.0,131228.0
2021-12-01,Johnson,Iowa,19103,20215,108.0,151140.0
2021-12-02,Johnson,Iowa,19103,20215,108.0,151140.0
2021-12-03,Johnson,Iowa,19103,20215,108.0,151140.0
2021-12-04,Johnson,Iowa,19103,20215,108.0,151140.0
2021-12-05,Johnson,Iowa,19103,20215,108.0,151140.0
2021-12-06,Johnson,Iowa,19103,20215,108.0,151140.0
2021-12-07,Johnson,Iowa,19103,20215,108.0,151140.0
2021-12-08,Johnson,Iowa,19103,20664,108.0,151140.0
2021-12-09,Johnson,Iowa,19103,20664,108.0,151140.0
2021-12-10,Johnson,Iowa,19103,20664,108.0,151140.0
2021-12-11,Johnson,Iowa,19103,20664,108.0,151140.0
2021-12-12,Johnson,Iowa,19103,20664,108.0,151140.0
2021-12-13,Johnson,Iowa,19103,20664,108.0,151140.0
2021-12-14,Johnson,Iowa,19103,20664,108.0,151140.0
2021-12-15,Johnson,Iowa,19103,21083,111.0,151140.0
2021-12-16,Johnson,Iowa,19103,21083,111.0,151140.0
2021-12-17,Johnson,Iowa,19103,21083,111.0,151140.0
2021-12-18,Johnson,Iowa,19103,21083,111.0,151140.0
2021-12-19,Johnson,Iowa,19103,21083,111.0,151140.0
2021-12-20,Johnson,Iowa,19103,21083,111.0,151140.0
2021-12-21,Johnson,Iowa,19103,21083,111.0,151140.0
2021-12-22,Johnson,Iowa,19103,21585,116.0,151140.0
2021-12-23,Johnson,Iowa,19103,21585,116.0,151140.0
2021-12-24,Johnson,Iowa,19103,21585,116.0,151140.0
2021-12-25,Johnson,Iowa,19103,21585,116.0,151140.0
2021-12-26,Johnson,Iowa,19103,21585,116.0,151140.0
2021-12-27,Johnson,Iowa,19103,21585,116.0,151140.0
2021-12-28,Johnson,Iowa,19103,21585,116.0,151140.0
2021-12-29,Johnson,Iowa,19103,22358,116.0,151140.0
2021-12-30,Johnson,Iowa,19103,22358,116.0,151140.0
2021-12-31,Johnson,Iowa,19103,22358,116.0,151140.0
2022-01-01,Johnson,Iowa,19103,22358,116.0,151140.0
2022-01-02,Johnson,Iowa,19103,22358,116.0,151140.0
2022-01-03,Johnson,Iowa,19103,22358,116.0,151140.0
2022-01-04,Johnson,Iowa,19103,22358,116.0,151140.0
2022-01-05,Johnson,Iowa,19103,24040,118.0,151140.0
2022-01-06,Johnson,Iowa,19103,24040,118.0,151140.0
2022-01-07,Johnson,Iowa,19103,24040,118.0,151140.0
2022-01-08,Johnson,Iowa,19103,24040,118.0,151140.0
2022-01-09,Johnson,Iowa,19103,24040,118.0,151140.0
2022-01-10,Johnson,Iowa,19103,24040,118.0,151140.0
2022-01-11,Johnson,Iowa,19103,24040,118.0,151140.0
2022-01-12,Johnson,Iowa,19103,26588,119.0,151140.0
2022-01-13,Johnson,Iowa,19103,26588,119.0,151140.0
2022-01-14,Johnson,Iowa,19103,26588,119.0,151140.0
2022-01-15,Johnson,Iowa,19103,26588,119.0,151140.0
2022-01-16,Johnson,Iowa,19103,26588,119.0,151140.0
2022-01-17,Johnson,Iowa,19103,26588,119.0,151140.0
2022-01-18,Johnson,Iowa,19103,26588,119.0,151140.0
2022-01-19,Johnson,Iowa,19103,28987,120.0,151140.0
2022-01-20,Johnson,Iowa,19103,28987,120.0,151140.0
2022-01-21,Johnson,Iowa,19103,28987,120.0,151140.0
2022-01-22,Johnson,Iowa,19103,28987,120.0,151140.0
2022-01-23,Johnson,Iowa,19103,28987,120.0,151140.0
2022-01-24,Johnson,Iowa,19103,28987,120.0,151140.0
2022-01-25,Johnson,Iowa,19103,28987,120.0,151140.0
2022-01-26,Johnson,Iowa,19103,30972,121.0,151140.0
2022-01-27,Johnson,Iowa,19103,30972,121.0,151140.0
2022-01-28,Johnson,Iowa,19103,30972,121.0,151140.0
2022-01-29,Johnson,Iowa,19103,30972,121.0,151140.0
2022-01-30,Johnson,Iowa,19103,30972,121.0,151140.0
2022-01-31,Johnson,Iowa,19103,30972,121.0,151140.0
2022-02-01,Johnson,Iowa,19103,30972,121.0,151140.0
2022-02-02,Johnson,Iowa,19103,32095,126.0,151140.0
2022-02-03,Johnson,Iowa,19103,32095,126.0,151140.0
2022-02-04,Johnson,Iowa,19103,32095,126.0,151140.0
2022-02-05,Johnson,Iowa,19103,32095,126.0,151140.0
2022-02-06,Johnson,Iowa,19103,32095,126.0,151140.0
2022-02-07,Johnson,Iowa,19103,32095,126.0,151140.0
2022-02-08,Johnson,Iowa,19103,32095,126.0,151140.0
2022-02-09,Johnson,Iowa,19103,32830,132.0,151140.0
2022-02-10,Johnson,Iowa,19103,32830,132.0,151140.0
2022-02-11,Johnson,Iowa,19103,32830,132.0,151140.0
2022-02-12,Johnson,Iowa,19103,32830,132.0,151140.0
2022-02-13,Johnson,Iowa,19103,32830,132.0,151140.0
2022-02-14,Johnson,Iowa,19103,32830,132.0,151140.0
2022-02-15,Johnson,Iowa,19103,32830,132.0,151140.0
2022-02-16,Johnson,Iowa,19103,33279,137.0,151140.0
2022-02-17,Johnson,Iowa,19103,33279,137.0,151140.0
2022-02-18,Johnson,Iowa,19103,33279,137.0,151140.0
2022-02-19,Johnson,Iowa,19103,33279,137.0,151140.0
2022-02-20,Johnson,Iowa,19103,33279,137.0,151140.0
2022-02-21,Johnson,Iowa,19103,33279,137.0,151140.0
2022-02-22,Johnson,Iowa,19103,33279,137.0,151140.0
2022-02-23,Johnson,Iowa,19103,33520,138.0,151140.0
2022-02-24,Johnson,Iowa,19103,33520,138.0,151140.0
2022-02-25,Johnson,Iowa,19103,33520,138.0,151140.0
2022-02-26,Johnson,Iowa,19103,33520,138.0,151140.0
2022-02-27,Johnson,Iowa,19103,33520,138.0,151140.0
2022-02-28,Johnson,Iowa,19103,33520,138.0,151140.0
2022-03-01,Johnson,Iowa,19103,33520,138.0,151140.0
2022-03-02,Johnson,Iowa,19103,33682,139.0,151140.0
2022-03-03,Johnson,Iowa,19103,33682,139.0,151140.0
2022-03-04,Johnson,Iowa,19103,33682,139.0,151140.0
2022-03-05,Johnson,Iowa,19103,33682,139.0,151140.0
2022-03-06,Johnson,Iowa,19103,33682,139.0,151140.0
2022-03-07,Johnson,Iowa,19103,33682,139.0,151140.0
2022-03-08,Johnson,Iowa,19103,33682,139.0,151140.0
2022-03-09,Johnson,Iowa,19103,33776,140.0,151140.0
2022-03-10,Johnson,Iowa,19103,33776,140.0,151140.0
2022-03-11,Johnson,Iowa,19103,33776,140.0,151140.0
2022-03-12,Johnson,Iowa,19103,33776,140.0,151140.0
2022-03-13,Johnson,Iowa,19103,33776,140.0,151140.0
2022-03-14,Johnson,Iowa,19103,33776,140.0,151140.0
2022-03-15,Johnson,Iowa,19103,33776,140.0,151140.0
2022-03-16,Johnson,Iowa,19103,33854,145.0,151140.0
2022-03-17,Johnson,Iowa,19103,33854,145.0,151140.0
2022-03-18,Johnson,Iowa,19103,33854,145.0,151140.0
2022-03-19,Johnson,Iowa,19103,33854,145.0,151140.0
2022-03-20,Johnson,Iowa,19103,33854,145.0,151140.0
2022-03-21,Johnson,Iowa,19103,33854,145.0,151140.0
2022-03-22,Johnson,Iowa,19103,33854,145.0,151140.0
2022-03-23,Johnson,Iowa,19103,33891,149.0,151140.0
2022-03-24,Johnson,Iowa,19103,33891,149.0,151140.0
2022-03-25,Johnson,Iowa,19103,33891,149.0,151140.0
2022-03-26,Johnson,Iowa,19103,33891,149.0,151140.0
2022-03-27,Johnson,Iowa,19103,33891,149.0,151140.0
2022-03-28,Johnson,Iowa,19103,33891,149.0,151140.0
2022-03-29,Johnson,Iowa,19103,33891,149.0,151140.0
2022-03-30,Johnson,Iowa,19103,33934,150.0,151140.0
2022-03-31,Johnson,Iowa,19103,33934,150.0,151140.0
2022-04-01,Johnson,Iowa,19103,33934,150.0,151140.0
2022-04-02,Johnson,Iowa,19103,33934,150.0,151140.0
2022-04-03,Johnson,Iowa,19103,33934,150.0,151140.0
2022-04-04,Johnson,Iowa,19103,33934,150.0,151140.0
2022-04-05,Johnson,Iowa,19103,33934,150.0,151140.0
2022-04-06,Johnson,Iowa,19103,34048,150.0,151140.0
2022-04-07,Johnson,Iowa,19103,34048,150.0,151140.0
2022-04-08,Johnson,Iowa,19103,34048,150.0,151140.0
2022-04-09,Johnson,Iowa,19103,34048,150.0,151140.0
2022-04-10,Johnson,Iowa,19103,34048,150.0,151140.0
2022-04-11,Johnson,Iowa,19103,34048,150.0,151140.0
2022-04-12,Johnson,Iowa,19103,34048,150.0,151140.0
2022-04-13,Johnson,Iowa,19103,34193,150.0,151140.0
2022-04-14,Johnson,Iowa,19103,34193,150.0,151140.0
2022-04-15,Johnson,Iowa,19103,34193,150.0,151140.0
2022-04-16,Johnson,Iowa,19103,34193,150.0,151140.0
2022-04-17,Johnson,Iowa,19103,34193,150.0,151140.0
2022-04-18,Johnson,Iowa,19103,34193,150.0,151140.0
2022-04-19,Johnson,Iowa,19103,34193,150.0,151140.0
2022-04-20,Johnson,Iowa,19103,34367,150.0,151140.0
2022-04-21,Johnson,Iowa,19103,34367,150.0,151140.0
2022-04-22,Johnson,Iowa,19103,34367,150.0,151140.0
2022-04-23,Johnson,Iowa,19103,34367,150.0,151140.0
2022-04-24,Johnson,Iowa,19103,34367,150.0,151140.0
2022-04-25,Johnson,Iowa,19103,34367,150.0,151140.0
2022-04-26,Johnson,Iowa,19103,34367,150.0,151140.0
2022-04-27,Johnson,Iowa,19103,34672,152.0,151140.0
2022-04-28,Johnson,Iowa,19103,34672,152.0,151140.0
2022-04-29,Johnson,Iowa,19103,34672,152.0,151140.0
2022-04-30,Johnson,Iowa,19103,34672,152.0,151140.0
2021-12-01,Story,Iowa,19169,14025,59.0,97117.0
2021-12-02,Story,Iowa,19169,14025,59.0,97117.0
2021-12-03,Story,Iowa,19169,14025,59.0,97117.0
2021-12-04,Story,Iowa,19169,14025,59.0,97117.0
2021-12-05,Story,Iowa,19169,14025,59.0,97117.0
2021-12-06,Story,Iowa,19169,14025,59.0,97117.0
2021-12-07,Story,Iowa,19169,14025,59.0,97117.0
2021-12-08,Story,Iowa,19169,14273,59.0,97117.0
2021-12-09,Story,Iowa,19169,14273,59.0,97117.0
2021-12-10,Story,Iowa,19169,14273,59.0,97117.0
2021-12-11,Story,Iowa,19169,14273,59.0,97117.0
2021-12-12,Story,Iowa,19169,14273,59.0,97117.0
2021-12-13,Story,Iowa,19169,14273,59.0,97117.0
2021-12-14,Story,Iowa,19169,14273,59.0,97117.0
2021-12-15,Story,Iowa,19169,14451,60.0,97117.0
2021-12-16,Story,Iowa,19169,14451,60.0,97117.0
2021-12-17,Story,Iowa,19169,14451,60.0,97117.0
2021-12-18,Story,Iowa,19169,14451,60.0,97117.0
2021-12-19,Story,Iowa,19169,14451,60.0,97117.0
2021-12-20,Story,Iowa,19169,14451,60.0,97117.0
2021-12-21,Story,Iowa,19169,14451,60.0,97117.0
2021-12-22,Story,Iowa,19169,14594,61.0,97117.0
2021-12-23,Story,Iowa,19169,14594,61.0,97117.0
2021-12-24,Story,Iowa,19169,14594,61.0,97117.0
2021-12-25,Story,Iowa,19169,14594,61.0,97117.0
2021-12-26,Story,Iowa,19169,14594,61.0,97117.0
2021-12-27,Story,Iowa,19169,14594,61.0,97117.0
2021-12-28,Story,Iowa,19169,14594,61.0,97117.0
2021-12-29,Story,Iowa,19169,14785,64.0,97117.0
2021-12-30,Story,Iowa,19169,14785,64.0,97117.0
2021-12-31,Story,Iowa,19169,14785,64.0,97117.0
2022-01-01,Story,Iowa,19169,14785,64.0,97117.0
2022-01-02,Story,Iowa,19169,14785,64.0,97117.0
2022-01-03,Story,Iowa,19169,14785,64.0,97117.0
2022-01-04,Story,Iowa,19169,14785,64.0,97117.0
2022-01-05,Story,Iowa,19169,15257,66.0,97117.0
2022-01-06,Story,Iowa,19169,15257,66.0,97117.0
2022-01-07,Story,Iowa,19169,15257,66.0,97117.0
2022-01-08,Story,Iowa,19169,15257,66.0,97117.0
2022-01-09,Story,Iowa,19169,15257,66.0,97117.0
2022-01-10,Story,Iowa,19169,15257,66.0,97117.0
2022-01-11,Story,Iowa,19169,15257,66.0,97117.0
2022-01-12,Story,Iowa,19169,16201,69.0,97117.0
2022-01-13,Story,Iowa,19169,16201,69.0,97117.0
2022-01-14,Story,Iowa,19169,16201,69.0,97117.0
2022-01-15,Story,Iowa,19169,16201,69.0,97117.0
2022-01-16,Story,Iowa,19169,16201,69.0,97117.0
2022-01-17,Story,Iowa,19169,16201,69.0,97117.0
2022-01-18,Story,Iowa,19169,16201,69.0,97117.0
2022-01-19,Story,Iowa,19169,17185,70.0,97117.0
2022-01-20,Story,Iowa,19169,17185,70.0,97117.0
2022-01-21,Story,Iowa,19169,17185,70.0,97117.0
2022-01-22,Story,Iowa,19169,17185,70.0,97117.0
2022-01-23,Story,Iowa,19169,17185,70.0,97117.0
2022-01-24,Story,Iowa,19169,17185,70.0,97117.0
2022-01-25,Story,Iowa,19169,17185,70.0,97117.0
2022-01-26,Story,Iowa,19169,18126,73.0,97117.0
2022-01-27,Story,Iowa,19169,18126,73.0,97117.0
2022-01-28,Story,Iowa,19169,18126,73.0,97117.0
2022-01-29,Story,Iowa,19169,18126,73.0,97117.0
2022-01-30,Story,Iowa,19169,18126,73.0,97117.0
2022-01-31,Story,Iowa,19169,18126,73.0,97117.0
2022-02-01,Story,Iowa,19169,18126,73.0,97117.0
2022-02-02,Story,Iowa,19169,18670,73.0,97117.0
2022-02-03,Story,Iowa,19169,18670,73.0,97117.0
2022-02-04,Story,Iowa,19169,18670,73.0,97117.0
2022-02-05,Story,Iowa,19169,18670,73.0,97117.0
2022-02-06,Story,Iowa,19169,18670,73.0,97117.0
2022-02-07,Story,Iowa,19169,18670,73.0,97117.0
2022-02-08,Story,Iowa,19169,18670,73.0,97117.0
2022-02-09,Story,Iowa,19169,19046,77.0,97117.0
2022-02-10,Story,Iowa,19169,19046,77.0,97117.0
2022-02-11,Story,Iowa,19169,19046,77.0,97117.0
2022-02-12,Story,Iowa,19169,19046,77.0,97117.0
2022-02-13,Story,Iowa,19169,19046,77.0,97117.0
2022-02-14,Story,Iowa,19169,19046,77.0,97117.0
2022-02-15,Story,Iowa,19169,19046,77.0,97117.0
2022-02-16,Story,Iowa,19169,19303,79.0,97117.0
2022-02-17,Story,Iowa,19169,19303,79.0,97117.0
2022-02-18,Story,Iowa,19169,19303,79.0,97117.0
2022-02-19,Story,Iowa,19169,19303,79.0,97117.0
2022-02-20,Story,Iowa,19169,19303,79.0,97117.0
2022-02-21,Story,Iowa,19169,19303,79.0,97117.0
2022-02-22,Story,Iowa,19169,19303,79.0,97117.0
2022-02-23,Story,Iowa,19169,19444,81.0,97117.0
2022-02-24,Story,Iowa,19169,19444,81.0,97117.0
2022-02-25,Story,Iowa,19169,19444,81.0,97117.0
2022-02-26,Story,Iowa,19169,19444,81.0,97117.0
2022-02-27,Story,Iowa,19169,19444,81.0,97117.0
2022-02-28,Story,Iowa,19169,19444,81.0,97117.0
2022-03-01,Story,Iowa,19169,19444,81.0,97117.0
2022-03-02,Story,Iowa,19169,19614,82.0,97117.0
2022-03-03,Story,Iowa,19169,19614,82.0,97117.0
2022-03-04,Story,Iowa,19169,19614,82.0,97117.0
2022-03-05,Story,Iowa,19169,19614,82.0,97117.0
2022-03-06,Story,Iowa,19169,19614,82.0,97117.0
2022-03-07,Story,Iowa,19169,19614,82.0,97117.0
2022-03-08,Story,Iowa,19169,19614,82.0,97117.0
2022-03-09,Story,Iowa,19169,19671,84.0,97117.0
2022-03-10,Story,Iowa,19169,19671,84.0,97117.0
2022-03-11,Story,Iowa,19169,19671,84.0,97117.0
2022-03-12,Story,Iowa,19169,19671,84.0,97117.0
2022-03-13,Story,Iowa,19169,19671,84.0,97117.0
2022-03-14,Story,Iowa,19169,19671,84.0,97117.0
2022-03-15,Story,Iowa,19169,19671,84.0,97117.0
2022-03-16,Story,Iowa,19169,19690,85.0,97117.0
2022-03-17,Story,Iowa,19169,19690,85.0,97117.0
2022-03-18,Story,Iowa,19169,19690,85.0,97117.0
2022-03-19,Story,Iowa,19169,19690,85.0,97117.0
2022-03-20,Story,Iowa,19169,19690,85.0,97117.0
2022-03-21,Story,Iowa,19169,19690,85.0,97117.0
2022-03-22,Story,Iowa,19169,19690,85.0,97117.0
2022-03-23,Story,Iowa,19169,19719,85.0,97117.0
2022-03-24,Story,Iowa,19169,19719,85.0,97117.0
2022-03-25,Story,Iowa,19169,19719,85.0,97117.0
2022-03-26,Story,Iowa,19169,19719,85.0,97117.0
2022-03-27,Story,Iowa,19169,19719,85.0,97117.0
2022-03-28,Story,Iowa,19169,19719,85.0,97117.0
2022-03-29,Story,Iowa,19169,19719,85.0,97117.0
2022-03-30,Story,Iowa,19169,19738,87.0,97117.0
2022-03-31,Story,Iowa,19169,19738,87.0,97117.0
2022-04-01,Story,Iowa,19169,19738,87.0,97117.0
2022-04-02,Story,Iowa,19169,19738,87.0,97117.0
2022-04-03,Story,Iowa,19169,19738,87.0,97117.0
2022-04-04,Story,Iowa,19169,19738,87.0,97117.0
2022-04-05,Story,Iowa,19169,19738,87.0,97117.0
2022-04-06,Story,Iowa,19169,19759,89.0,97117.0
2022-04-07,Story,Iowa,19169,19759,89.0,97117.0
2022-04-08,Story,Iowa,19169,19759,89.0,97117.0
2022-04-09,Story,Iowa,19169,19759,89.0,97117.0
2022-04-10,Story,Iowa,19169,19759,89.0,97117.0
2022-04-11,Story,Iowa,19169,19759,89.0,97117.0
2022-04-12,Story,Iowa,19169,19759,89.0,97117.0
2022-04-13,Story,Iowa,19169,19779,89.0,97117.0
2022-04-14,Story,Iowa,19169,19779,89.0,97117.0
2022-04-15,Story,Iowa,19169,19779,89.0,97117.0
2022-04-16,Story,Iowa,19169,19779,89.0,97117.0
2022-04-17,Story,Iowa,19169,19779,89.0,97117.0
2022-04-18,Story,Iowa,19169,19779,89.0,97117.0
2022-04-19,Story,Iowa,19169,19779,89.0,97117.0
2022-04-20,Story,Iowa,19169,19812,90.0,97117.0
2022-04-21,Story,Iowa,19169,19812,90.0,97117.0
2022-04-22,Story,Iowa,19169,19812,90.0,97117.0
2022-04-23,Story,Iowa,19169,19812,90.0,97117.0
2022-04-24,Story,Iowa,19169,19812,90.0,97117.0
2022-04-25,Story,Iowa,19169,19812,90.0,97117.0
2022-04-26,Story,Iowa,19169,19812,90.0,97117.0
2022-04-27,Story,Iowa,19169,19859,90.0,97117.0
2022-04-28,Story,Iowa,19169,19859,90.0,97117.0
2022-04-29,Story,Iowa,19169,19859,90.0,97117.0
2022-04-30,Story,Iowa,19169,19859,90.0,97117.0
2021-12-01,Douglas,Kansas,20045,13160,106.0,122259.0
2021-12-02,Douglas,Kansas,20045,13263,106.0,122259.0
2021-12-03,Douglas,Kansas,20045,13263,106.0,122259.0
2021-12-04,Douglas,Kansas,20045,13263,106.0,122259.0
2021-12-05,Douglas,Kansas,20045,13361,106.0,122259.0
2021-12-06,Douglas,Kansas,20045,13488,106.0,122259.0
2021-12-07,Douglas,Kansas,20045,13488,106.0,122259.0
2021-12-08,Douglas,Kansas,20045,13565,106.0,122259.0
2021-12-09,Douglas,Kansas,20045,13565,106.0,122259.0
2021-12-10,Douglas,Kansas,20045,13647,107.0,122259.0
2021-12-11,Douglas,Kansas,20045,13647,107.0,122259.0
2021-12-12,Douglas,Kansas,20045,13647,107.0,122259.0
2021-12-13,Douglas,Kansas,20045,13757,107.0,122259.0
2021-12-14,Douglas,Kansas,20045,13757,107.0,122259.0
2021-12-15,Douglas,Kansas,20045,13885,109.0,122259.0
2021-12-16,Douglas,Kansas,20045,13885,109.0,122259.0
2021-12-17,Douglas,Kansas,20045,14016,109.0,122259.0
2021-12-18,Douglas,Kansas,20045,14016,109.0,122259.0
2021-12-19,Douglas,Kansas,20045,14016,109.0,122259.0
2021-12-20,Douglas,Kansas,20045,14081,109.0,122259.0
2021-12-21,Douglas,Kansas,20045,14081,109.0,122259.0
2021-12-22,Douglas,Kansas,20045,14289,111.0,122259.0
2021-12-23,Douglas,Kansas,20045,14289,111.0,122259.0
2021-12-24,Douglas,Kansas,20045,14289,111.0,122259.0
2021-12-25,Douglas,Kansas,20045,14289,111.0,122259.0
2021-12-26,Douglas,Kansas,20045,14289,111.0,122259.0
2021-12-27,Douglas,Kansas,20045,14289,111.0,122259.0
2021-12-28,Douglas,Kansas,20045,14289,111.0,122259.0
2021-12-29,Douglas,Kansas,20045,14853,111.0,122259.0
2021-12-30,Douglas,Kansas,20045,14853,111.0,122259.0
2021-12-31,Douglas,Kansas,20045,14853,111.0,122259.0
2022-01-01,Douglas,Kansas,20045,14853,111.0,122259.0
2022-01-02,Douglas,Kansas,20045,14853,111.0,122259.0
2022-01-03,Douglas,Kansas,20045,15394,111.0,122259.0
2022-01-04,Douglas,Kansas,20045,15394,111.0,122259.0
2022-01-05,Douglas,Kansas,20045,16120,112.0,122259.0
2022-01-06,Douglas,Kansas,20045,16120,112.0,122259.0
2022-01-07,Douglas,Kansas,20045,16906,112.0,122259.0
2022-01-08,Douglas,Kansas,20045,16906,112.0,122259.0
2022-01-09,Douglas,Kansas,20045,16906,112.0,122259.0
2022-01-10,Douglas,Kansas,20045,17690,113.0,122259.0
2022-01-11,Douglas,Kansas,20045,17690,113.0,122259.0
2022-01-12,Douglas,Kansas,20045,18582,116.0,122259.0
2022-01-13,Douglas,Kansas,20045,18582,116.0,122259.0
2022-01-14,Douglas,Kansas,20045,19418,116.0,122259.0
2022-01-15,Douglas,Kansas,20045,19418,116.0,122259.0
2022-01-16,Douglas,Kansas,20045,19418,116.0,122259.0
2022-01-17,Douglas,Kansas,20045,19418,116.0,122259.0
2022-01-18,Douglas,Kansas,20045,19418,116.0,122259.0
2022-01-19,Douglas,Kansas,20045,20824,118.0,122259.0
2022-01-20,Douglas,Kansas,20045,20824,118.0,122259.0
2022-01-21,Douglas,Kansas,20045,21646,119.0,122259.0
2022-01-22,Douglas,Kansas,20045,21646,119.0,122259.0
2022-01-23,Douglas,Kansas,20045,21646,119.0,122259.0
2022-01-24,Douglas,Kansas,20045,22048,120.0,122259.0
2022-01-25,Douglas,Kansas,20045,22048,120.0,122259.0
2022-01-26,Douglas,Kansas,20045,22638,122.0,122259.0
2022-01-27,Douglas,Kansas,20045,22638,122.0,122259.0
2022-01-28,Douglas,Kansas,20045,23109,125.0,122259.0
2022-01-29,Douglas,Kansas,20045,23109,125.0,122259.0
2022-01-30,Douglas,Kansas,20045,23109,125.0,122259.0
2022-01-31,Douglas,Kansas,20045,23339,125.0,122259.0
2022-02-01,Douglas,Kansas,20045,23339,125.0,122259.0
2022-02-02,Douglas,Kansas,20045,23767,128.0,122259.0
2022-02-03,Douglas,Kansas,20045,23767,128.0,122259.0
2022-02-04,Douglas,Kansas,20045,23995,129.0,122259.0
2022-02-05,Douglas,Kansas,20045,23995,129.0,122259.0
2022-02-06,Douglas,Kansas,20045,23995,129.0,122259.0
2022-02-07,Douglas,Kansas,20045,24211,129.0,122259.0
2022-02-08,Douglas,Kansas,20045,24211,129.0,122259.0
2022-02-09,Douglas,Kansas,20045,24459,129.0,122259.0
2022-02-10,Douglas,Kansas,20045,24459,129.0,122259.0
2022-02-11,Douglas,Kansas,20045,24630,129.0,122259.0
2022-02-12,Douglas,Kansas,20045,24630,129.0,122259.0
2022-02-13,Douglas,Kansas,20045,24630,129.0,122259.0
2022-02-14,Douglas,Kansas,20045,24755,129.0,122259.0
2022-02-15,Douglas,Kansas,20045,24755,129.0,122259.0
2022-02-16,Douglas,Kansas,20045,24878,131.0,122259.0
2022-02-17,Douglas,Kansas,20045,24878,131.0,122259.0
2022-02-18,Douglas,Kansas,20045,24927,130.0,122259.0
2022-02-19,Douglas,Kansas,20045,24927,130.0,122259.0
2022-02-20,Douglas,Kansas,20045,24927,130.0,122259.0
2022-02-21,Douglas,Kansas,20045,24978,130.0,122259.0
2022-02-22,Douglas,Kansas,20045,24978,130.0,122259.0
2022-02-23,Douglas,Kansas,20045,25051,130.0,122259.0
2022-02-24,Douglas,Kansas,20045,25051,130.0,122259.0
2022-02-25,Douglas,Kansas,20045,25102,130.0,122259.0
2022-02-26,Douglas,Kansas,20045,25102,130.0,122259.0
2022-02-27,Douglas,Kansas,20045,25102,130.0,122259.0
2022-02-28,Douglas,Kansas,20045,25132,130.0,122259.0
2022-03-01,Douglas,Kansas,20045,25132,130.0,122259.0
2022-03-02,Douglas,Kansas,20045,25158,131.0,122259.0
2022-03-03,Douglas,Kansas,20045,25158,131.0,122259.0
2022-03-04,Douglas,Kansas,20045,25174,131.0,122259.0
2022-03-05,Douglas,Kansas,20045,25174,131.0,122259.0
2022-03-06,Douglas,Kansas,20045,25174,131.0,122259.0
2022-03-07,Douglas,Kansas,20045,25174,131.0,122259.0
2022-03-08,Douglas,Kansas,20045,25201,131.0,122259.0
2022-03-09,Douglas,Kansas,20045,25233,131.0,122259.0
2022-03-10,Douglas,Kansas,20045,25233,131.0,122259.0
2022-03-11,Douglas,Kansas,20045,25247,131.0,122259.0
2022-03-12,Douglas,Kansas,20045,25247,131.0,122259.0
2022-03-13,Douglas,Kansas,20045,25247,131.0,122259.0
2022-03-14,Douglas,Kansas,20045,25257,131.0,122259.0
2022-03-15,Douglas,Kansas,20045,25257,131.0,122259.0
2022-03-16,Douglas,Kansas,20045,25266,133.0,122259.0
2022-03-17,Douglas,Kansas,20045,25266,133.0,122259.0
2022-03-18,Douglas,Kansas,20045,25284,134.0,122259.0
2022-03-19,Douglas,Kansas,20045,25284,134.0,122259.0
2022-03-20,Douglas,Kansas,20045,25284,134.0,122259.0
2022-03-21,Douglas,Kansas,20045,25293,134.0,122259.0
2022-03-22,Douglas,Kansas,20045,25293,134.0,122259.0
2022-03-23,Douglas,Kansas,20045,25311,134.0,122259.0
2022-03-24,Douglas,Kansas,20045,25311,134.0,122259.0
2022-03-25,Douglas,Kansas,20045,25311,134.0,122259.0
2022-03-26,Douglas,Kansas,20045,25311,134.0,122259.0
2022-03-27,Douglas,Kansas,20045,25330,134.0,122259.0
2022-03-28,Douglas,Kansas,20045,25349,134.0,122259.0
2022-03-29,Douglas,Kansas,20045,25349,134.0,122259.0
2022-03-30,Douglas,Kansas,20045,25377,135.0,122259.0
2022-03-31,Douglas,Kansas,20045,25377,135.0,122259.0
2022-04-01,Douglas,Kansas,20045,25399,136.0,122259.0
2022-04-02,Douglas,Kansas,20045,25399,136.0,122259.0
2022-04-03,Douglas,Kansas,20045,25399,136.0,122259.0
2022-04-04,Douglas,Kansas,20045,25412,136.0,122259.0
2022-04-05,Douglas,Kansas,20045,25412,136.0,122259.0
2022-04-06,Douglas,Kansas,20045,25412,136.0,122259.0
2022-04-07,Douglas,Kansas,20045,25412,136.0,122259.0
2022-04-08,Douglas,Kansas,20045,25412,136.0,122259.0
2022-04-09,Douglas,Kansas,20045,25412,136.0,122259.0
2022-04-10,Douglas,Kansas,20045,25482,136.0,122259.0
2022-04-11,Douglas,Kansas,20045,25616,136.0,122259.0
2022-04-12,Douglas,Kansas,20045,25616,136.0,122259.0
2022-04-13,Douglas,Kansas,20045,25616,136.0,122259.0
2022-04-14,Douglas,Kansas,20045,25616,136.0,122259.0
2022-04-15,Douglas,Kansas,20045,25925,136.0,122259.0
2022-04-16,Douglas,Kansas,20045,25925,136.0,122259.0
2022-04-17,Douglas,Kansas,20045,25925,136.0,122259.0
2022-04-18,Douglas,Kansas,20045,25925,136.0,122259.0
2022-04-19,Douglas,Kansas,20045,26093,136.0,122259.0
2022-04-20,Douglas,Kansas,20045,26093,138.0,122259.0
2022-04-21,Douglas,Kansas,20045,26281,138.0,122259.0
2022-04-22,Douglas,Kansas,20045,26281,138.0,122259.0
2022-04-23,Douglas,Kansas,20045,26281,138.0,122259.0
2022-04-24,Douglas,Kansas,20045,26281,138.0,122259.0
2022-04-25,Douglas,Kansas,20045,26281,138.0,122259.0
2022-04-26,Douglas,Kansas,20045,26281,138.0,122259.0
2022-04-27,Douglas,Kansas,20045,26281,138.0,122259.0
2022-04-28,Douglas,Kansas,20045,26689,137.0,122259.0
2022-04-29,Douglas,Kansas,20045,26689,137.0,122259.0
2022-04-30,Douglas,Kansas,20045,26689,137.0,122259.0
2021-12-01,Riley,Kansas,20161,8485,65.0,74232.0
2021-12-02,Riley,Kansas,20161,8485,65.0,74232.0
2021-12-03,Riley,Kansas,20161,8485,65.0,74232.0
2021-12-04,Riley,Kansas,20161,8485,65.0,74232.0
2021-12-05,Riley,Kansas,20161,8485,65.0,74232.0
2021-12-06,Riley,Kansas,20161,8485,65.0,74232.0
2021-12-07,Riley,Kansas,20161,8485,65.0,74232.0
2021-12-08,Riley,Kansas,20161,8591,65.0,74232.0
2021-12-09,Riley,Kansas,20161,8591,65.0,74232.0
2021-12-10,Riley,Kansas,20161,8591,65.0,74232.0
2021-12-11,Riley,Kansas,20161,8591,65.0,74232.0
2021-12-12,Riley,Kansas,20161,8591,65.0,74232.0
2021-12-13,Riley,Kansas,20161,8591,65.0,74232.0
2021-12-14,Riley,Kansas,20161,8591,65.0,74232.0
2021-12-15,Riley,Kansas,20161,8591,65.0,74232.0
2021-12-16,Riley,Kansas,20161,8730,65.0,74232.0
2021-12-17,Riley,Kansas,20161,8730,65.0,74232.0
2021-12-18,Riley,Kansas,20161,8730,65.0,74232.0
2021-12-19,Riley,Kansas,20161,8730,65.0,74232.0
2021-12-20,Riley,Kansas,20161,8730,65.0,74232.0
2021-12-21,Riley,Kansas,20161,8730,65.0,74232.0
2021-12-22,Riley,Kansas,20161,8861,65.0,74232.0
2021-12-23,Riley,Kansas,20161,8861,65.0,74232.0
2021-12-24,Riley,Kansas,20161,8861,65.0,74232.0
2021-12-25,Riley,Kansas,20161,8861,65.0,74232.0
2021-12-26,Riley,Kansas,20161,8861,65.0,74232.0
2021-12-27,Riley,Kansas,20161,8861,65.0,74232.0
2021-12-28,Riley,Kansas,20161,8861,65.0,74232.0
2021-12-29,Riley,Kansas,20161,9009,66.0,74232.0
2021-12-30,Riley,Kansas,20161,9009,66.0,74232.0
2021-12-31,Riley,Kansas,20161,9009,66.0,74232.0
2022-01-01,Riley,Kansas,20161,9009,66.0,74232.0
2022-01-02,Riley,Kansas,20161,9009,66.0,74232.0
2022-01-03,Riley,Kansas,20161,9009,66.0,74232.0
2022-01-04,Riley,Kansas,20161,9009,66.0,74232.0
2022-01-05,Riley,Kansas,20161,9175,66.0,74232.0
2022-01-06,Riley,Kansas,20161,9175,66.0,74232.0
2022-01-07,Riley,Kansas,20161,9491,66.0,74232.0
2022-01-08,Riley,Kansas,20161,9491,66.0,74232.0
2022-01-09,Riley,Kansas,20161,9491,66.0,74232.0
2022-01-10,Riley,Kansas,20161,9713,66.0,74232.0
2022-01-11,Riley,Kansas,20161,9713,66.0,74232.0
2022-01-12,Riley,Kansas,20161,10372,68.0,74232.0
2022-01-13,Riley,Kansas,20161,10372,68.0,74232.0
2022-01-14,Riley,Kansas,20161,10372,68.0,74232.0
2022-01-15,Riley,Kansas,20161,10372,68.0,74232.0
2022-01-16,Riley,Kansas,20161,10372,68.0,74232.0
2022-01-17,Riley,Kansas,20161,10372,68.0,74232.0
2022-01-18,Riley,Kansas,20161,10372,68.0,74232.0
2022-01-19,Riley,Kansas,20161,11008,70.0,74232.0
2022-01-20,Riley,Kansas,20161,11008,70.0,74232.0
2022-01-21,Riley,Kansas,20161,11511,70.0,74232.0
2022-01-22,Riley,Kansas,20161,11511,70.0,74232.0
2022-01-23,Riley,Kansas,20161,11511,70.0,74232.0
2022-01-24,Riley,Kansas,20161,11708,70.0,74232.0
2022-01-25,Riley,Kansas,20161,11708,70.0,74232.0
2022-01-26,Riley,Kansas,20161,11960,72.0,74232.0
2022-01-27,Riley,Kansas,20161,11960,72.0,74232.0
2022-01-28,Riley,Kansas,20161,12250,75.0,74232.0
2022-01-29,Riley,Kansas,20161,12250,75.0,74232.0
2022-01-30,Riley,Kansas,20161,12250,75.0,74232.0
2022-01-31,Riley,Kansas,20161,12437,75.0,74232.0
2022-02-01,Riley,Kansas,20161,12437,75.0,74232.0
2022-02-02,Riley,Kansas,20161,12662,75.0,74232.0
2022-02-03,Riley,Kansas,20161,12662,75.0,74232.0
2022-02-04,Riley,Kansas,20161,12783,75.0,74232.0
2022-02-05,Riley,Kansas,20161,12783,75.0,74232.0
2022-02-06,Riley,Kansas,20161,12783,75.0,74232.0
2022-02-07,Riley,Kansas,20161,12870,78.0,74232.0
2022-02-08,Riley,Kansas,20161,12870,78.0,74232.0
2022-02-09,Riley,Kansas,20161,12990,79.0,74232.0
2022-02-10,Riley,Kansas,20161,12990,79.0,74232.0
2022-02-11,Riley,Kansas,20161,12990,79.0,74232.0
2022-02-12,Riley,Kansas,20161,12990,79.0,74232.0
2022-02-13,Riley,Kansas,20161,12990,79.0,74232.0
2022-02-14,Riley,Kansas,20161,13086,81.0,74232.0
2022-02-15,Riley,Kansas,20161,13086,81.0,74232.0
2022-02-16,Riley,Kansas,20161,13212,79.0,74232.0
2022-02-17,Riley,Kansas,20161,13212,76.0,74232.0
2022-02-18,Riley,Kansas,20161,13212,76.0,74232.0
2022-02-19,Riley,Kansas,20161,13212,76.0,74232.0
2022-02-20,Riley,Kansas,20161,13212,76.0,74232.0
2022-02-21,Riley,Kansas,20161,13226,76.0,74232.0
2022-02-22,Riley,Kansas,20161,13226,76.0,74232.0
2022-02-23,Riley,Kansas,20161,13262,76.0,74232.0
2022-02-24,Riley,Kansas,20161,13262,76.0,74232.0
2022-02-25,Riley,Kansas,20161,13327,77.0,74232.0
2022-02-26,Riley,Kansas,20161,13327,77.0,74232.0
2022-02-27,Riley,Kansas,20161,13327,77.0,74232.0
2022-02-28,Riley,Kansas,20161,13332,77.0,74232.0
2022-03-01,Riley,Kansas,20161,13332,77.0,74232.0
2022-03-02,Riley,Kansas,20161,13400,79.0,74232.0
2022-03-03,Riley,Kansas,20161,13400,79.0,74232.0
2022-03-04,Riley,Kansas,20161,13400,79.0,74232.0
2022-03-05,Riley,Kansas,20161,13400,79.0,74232.0
2022-03-06,Riley,Kansas,20161,13400,79.0,74232.0
2022-03-07,Riley,Kansas,20161,13400,79.0,74232.0
2022-03-08,Riley,Kansas,20161,13400,79.0,74232.0
2022-03-09,Riley,Kansas,20161,13420,79.0,74232.0
2022-03-10,Riley,Kansas,20161,13420,79.0,74232.0
2022-03-11,Riley,Kansas,20161,13429,79.0,74232.0
2022-03-12,Riley,Kansas,20161,13429,79.0,74232.0
2022-03-13,Riley,Kansas,20161,13429,79.0,74232.0
2022-03-14,Riley,Kansas,20161,13435,79.0,74232.0
2022-03-15,Riley,Kansas,20161,13435,79.0,74232.0
2022-03-16,Riley,Kansas,20161,13444,79.0,74232.0
2022-03-17,Riley,Kansas,20161,13444,79.0,74232.0
2022-03-18,Riley,Kansas,20161,13444,79.0,74232.0
2022-03-19,Riley,Kansas,20161,13444,79.0,74232.0
2022-03-20,Riley,Kansas,20161,13444,79.0,74232.0
2022-03-21,Riley,Kansas,20161,13445,79.0,74232.0
2022-03-22,Riley,Kansas,20161,13445,79.0,74232.0
2022-03-23,Riley,Kansas,20161,13454,80.0,74232.0
2022-03-24,Riley,Kansas,20161,13454,80.0,74232.0
2022-03-25,Riley,Kansas,20161,13459,80.0,74232.0
2022-03-26,Riley,Kansas,20161,13459,80.0,74232.0
2022-03-27,Riley,Kansas,20161,13459,80.0,74232.0
2022-03-28,Riley,Kansas,20161,13463,80.0,74232.0
2022-03-29,Riley,Kansas,20161,13463,80.0,74232.0
2022-03-30,Riley,Kansas,20161,13483,81.0,74232.0
2022-03-31,Riley,Kansas,20161,13483,81.0,74232.0
2022-04-01,Riley,Kansas,20161,13494,81.0,74232.0
2022-04-02,Riley,Kansas,20161,13494,81.0,74232.0
2022-04-03,Riley,Kansas,20161,13494,81.0,74232.0
2022-04-04,Riley,Kansas,20161,13494,81.0,74232.0
2022-04-05,Riley,Kansas,20161,13494,81.0,74232.0
2022-04-06,Riley,Kansas,20161,13494,81.0,74232.0
2022-04-07,Riley,Kansas,20161,13494,81.0,74232.0
2022-04-08,Riley,Kansas,20161,13524,81.0,74232.0
2022-04-09,Riley,Kansas,20161,13524,81.0,74232.0
2022-04-10,Riley,Kansas,20161,13524,81.0,74232.0
2022-04-11,Riley,Kansas,20161,13524,81.0,74232.0
2022-04-12,Riley,Kansas,20161,13524,81.0,74232.0
2022-04-13,Riley,Kansas,20161,13524,81.0,74232.0
2022-04-14,Riley,Kansas,20161,13524,81.0,74232.0
2022-04-15,Riley,Kansas,20161,13537,81.0,74232.0
2022-04-16,Riley,Kansas,20161,13537,81.0,74232.0
2022-04-17,Riley,Kansas,20161,13537,81.0,74232.0
2022-04-18,Riley,Kansas,20161,13537,81.0,74232.0
2022-04-19,Riley,Kansas,20161,13537,81.0,74232.0
2022-04-20,Riley,Kansas,20161,13537,84.0,74232.0
2022-04-21,Riley,Kansas,20161,13537,84.0,74232.0
2022-04-22,Riley,Kansas,20161,13577,84.0,74232.0
2022-04-23,Riley,Kansas,20161,13577,84.0,74232.0
2022-04-24,Riley,Kansas,20161,13577,84.0,74232.0
2022-04-25,Riley,Kansas,20161,13577,84.0,74232.0
2022-04-26,Riley,Kansas,20161,13577,84.0,74232.0
2022-04-27,Riley,Kansas,20161,13577,84.0,74232.0
2022-04-28,Riley,Kansas,20161,13577,84.0,74232.0
2022-04-29,Riley,Kansas,20161,13624,84.0,74232.0
2022-04-30,Riley,Kansas,20161,13624,84.0,74232.0
2021-12-01,Fayette,Kentucky,21067,53906,446.0,323152.0
2021-12-02,Fayette,Kentucky,21067,54029,448.0,323152.0
2021-12-03,Fayette,Kentucky,21067,54148,448.0,323152.0
2021-12-04,Fayette,Kentucky,21067,54148,448.0,323152.0
2021-12-05,Fayette,Kentucky,21067,54148,448.0,323152.0
2021-12-06,Fayette,Kentucky,21067,54421,451.0,323152.0
2021-12-07,Fayette,Kentucky,21067,54628,453.0,323152.0
2021-12-08,Fayette,Kentucky,21067,54765,453.0,323152.0
2021-12-09,Fayette,Kentucky,21067,54921,456.0,323152.0
2021-12-10,Fayette,Kentucky,21067,55040,458.0,323152.0
2021-12-11,Fayette,Kentucky,21067,55040,458.0,323152.0
2021-12-12,Fayette,Kentucky,21067,55040,458.0,323152.0
2021-12-13,Fayette,Kentucky,21067,55291,462.0,323152.0
2021-12-14,Fayette,Kentucky,21067,55446,462.0,323152.0
2021-12-15,Fayette,Kentucky,21067,55586,462.0,323152.0
2021-12-16,Fayette,Kentucky,21067,55699,463.0,323152.0
2021-12-17,Fayette,Kentucky,21067,55864,464.0,323152.0
2021-12-18,Fayette,Kentucky,21067,55864,464.0,323152.0
2021-12-19,Fayette,Kentucky,21067,55864,464.0,323152.0
2021-12-20,Fayette,Kentucky,21067,56175,467.0,323152.0
2021-12-21,Fayette,Kentucky,21067,56340,467.0,323152.0
2021-12-22,Fayette,Kentucky,21067,56590,468.0,323152.0
2021-12-23,Fayette,Kentucky,21067,56590,468.0,323152.0
2021-12-24,Fayette,Kentucky,21067,56590,468.0,323152.0
2021-12-25,Fayette,Kentucky,21067,56590,468.0,323152.0
2021-12-26,Fayette,Kentucky,21067,56590,468.0,323152.0
2021-12-27,Fayette,Kentucky,21067,57545,473.0,323152.0
2021-12-28,Fayette,Kentucky,21067,57940,473.0,323152.0
2021-12-29,Fayette,Kentucky,21067,58442,474.0,323152.0
2021-12-30,Fayette,Kentucky,21067,58442,474.0,323152.0
2021-12-31,Fayette,Kentucky,21067,58442,474.0,323152.0
2022-01-01,Fayette,Kentucky,21067,58442,474.0,323152.0
2022-01-02,Fayette,Kentucky,21067,58442,474.0,323152.0
2022-01-03,Fayette,Kentucky,21067,60990,480.0,323152.0
2022-01-04,Fayette,Kentucky,21067,61659,481.0,323152.0
2022-01-05,Fayette,Kentucky,21067,62703,481.0,323152.0
2022-01-06,Fayette,Kentucky,21067,63769,482.0,323152.0
2022-01-07,Fayette,Kentucky,21067,65170,485.0,323152.0
2022-01-08,Fayette,Kentucky,21067,65170,485.0,323152.0
2022-01-09,Fayette,Kentucky,21067,65170,485.0,323152.0
2022-01-10,Fayette,Kentucky,21067,66909,489.0,323152.0
2022-01-11,Fayette,Kentucky,21067,67905,489.0,323152.0
2022-01-12,Fayette,Kentucky,21067,68621,489.0,323152.0
2022-01-13,Fayette,Kentucky,21067,69645,489.0,323152.0
2022-01-14,Fayette,Kentucky,21067,70895,489.0,323152.0
2022-01-15,Fayette,Kentucky,21067,70895,489.0,323152.0
2022-01-16,Fayette,Kentucky,21067,70895,489.0,323152.0
2022-01-17,Fayette,Kentucky,21067,70895,489.0,323152.0
2022-01-18,Fayette,Kentucky,21067,75052,492.0,323152.0
2022-01-19,Fayette,Kentucky,21067,75983,492.0,323152.0
2022-01-20,Fayette,Kentucky,21067,76833,495.0,323152.0
2022-01-21,Fayette,Kentucky,21067,78233,496.0,323152.0
2022-01-22,Fayette,Kentucky,21067,78233,496.0,323152.0
2022-01-23,Fayette,Kentucky,21067,78233,496.0,323152.0
2022-01-24,Fayette,Kentucky,21067,80713,502.0,323152.0
2022-01-25,Fayette,Kentucky,21067,81492,502.0,323152.0
2022-01-26,Fayette,Kentucky,21067,82398,502.0,323152.0
2022-01-27,Fayette,Kentucky,21067,83175,502.0,323152.0
2022-01-28,Fayette,Kentucky,21067,84273,504.0,323152.0
2022-01-29,Fayette,Kentucky,21067,84273,504.0,323152.0
2022-01-30,Fayette,Kentucky,21067,84273,504.0,323152.0
2022-01-31,Fayette,Kentucky,21067,85597,511.0,323152.0
2022-02-01,Fayette,Kentucky,21067,86113,511.0,323152.0
2022-02-02,Fayette,Kentucky,21067,86518,512.0,323152.0
2022-02-03,Fayette,Kentucky,21067,87008,513.0,323152.0
2022-02-04,Fayette,Kentucky,21067,87299,513.0,323152.0
2022-02-05,Fayette,Kentucky,21067,87299,513.0,323152.0
2022-02-06,Fayette,Kentucky,21067,87299,513.0,323152.0
2022-02-07,Fayette,Kentucky,21067,87806,524.0,323152.0
2022-02-08,Fayette,Kentucky,21067,88228,525.0,323152.0
2022-02-09,Fayette,Kentucky,21067,88610,525.0,323152.0
2022-02-10,Fayette,Kentucky,21067,88938,528.0,323152.0
2022-02-11,Fayette,Kentucky,21067,89119,529.0,323152.0
2022-02-12,Fayette,Kentucky,21067,89119,529.0,323152.0
2022-02-13,Fayette,Kentucky,21067,89119,529.0,323152.0
2022-02-14,Fayette,Kentucky,21067,90006,535.0,323152.0
2022-02-15,Fayette,Kentucky,21067,90302,536.0,323152.0
2022-02-16,Fayette,Kentucky,21067,90694,538.0,323152.0
2022-02-17,Fayette,Kentucky,21067,91131,538.0,323152.0
2022-02-18,Fayette,Kentucky,21067,91535,540.0,323152.0
2022-02-19,Fayette,Kentucky,21067,91535,540.0,323152.0
2022-02-20,Fayette,Kentucky,21067,91535,540.0,323152.0
2022-02-21,Fayette,Kentucky,21067,91997,547.0,323152.0
2022-02-22,Fayette,Kentucky,21067,92272,547.0,323152.0
2022-02-23,Fayette,Kentucky,21067,92442,548.0,323152.0
2022-02-24,Fayette,Kentucky,21067,92442,548.0,323152.0
2022-02-25,Fayette,Kentucky,21067,92659,547.0,323152.0
2022-02-26,Fayette,Kentucky,21067,92659,547.0,323152.0
2022-02-27,Fayette,Kentucky,21067,92659,547.0,323152.0
2022-02-28,Fayette,Kentucky,21067,92796,550.0,323152.0
2022-03-01,Fayette,Kentucky,21067,92978,550.0,323152.0
2022-03-02,Fayette,Kentucky,21067,93098,550.0,323152.0
2022-03-03,Fayette,Kentucky,21067,93215,554.0,323152.0
2022-03-04,Fayette,Kentucky,21067,93315,555.0,323152.0
2022-03-05,Fayette,Kentucky,21067,93315,555.0,323152.0
2022-03-06,Fayette,Kentucky,21067,93315,555.0,323152.0
2022-03-07,Fayette,Kentucky,21067,93423,562.0,323152.0
2022-03-08,Fayette,Kentucky,21067,93423,562.0,323152.0
2022-03-09,Fayette,Kentucky,21067,93423,562.0,323152.0
2022-03-10,Fayette,Kentucky,21067,93423,562.0,323152.0
2022-03-11,Fayette,Kentucky,21067,93423,562.0,323152.0
2022-03-12,Fayette,Kentucky,21067,93423,562.0,323152.0
2022-03-13,Fayette,Kentucky,21067,93423,562.0,323152.0
2022-03-14,Fayette,Kentucky,21067,93846,569.0,323152.0
2022-03-15,Fayette,Kentucky,21067,93846,569.0,323152.0
2022-03-16,Fayette,Kentucky,21067,93846,569.0,323152.0
2022-03-17,Fayette,Kentucky,21067,93846,569.0,323152.0
2022-03-18,Fayette,Kentucky,21067,93846,569.0,323152.0
2022-03-19,Fayette,Kentucky,21067,93846,569.0,323152.0
2022-03-20,Fayette,Kentucky,21067,93846,569.0,323152.0
2022-03-21,Fayette,Kentucky,21067,94203,578.0,323152.0
2022-03-22,Fayette,Kentucky,21067,94203,578.0,323152.0
2022-03-23,Fayette,Kentucky,21067,94203,578.0,323152.0
2022-03-24,Fayette,Kentucky,21067,94203,578.0,323152.0
2022-03-25,Fayette,Kentucky,21067,94203,578.0,323152.0
2022-03-26,Fayette,Kentucky,21067,94203,578.0,323152.0
2022-03-27,Fayette,Kentucky,21067,94203,578.0,323152.0
2022-03-28,Fayette,Kentucky,21067,94442,580.0,323152.0
2022-03-29,Fayette,Kentucky,21067,94442,580.0,323152.0
2022-03-30,Fayette,Kentucky,21067,94442,580.0,323152.0
2022-03-31,Fayette,Kentucky,21067,94442,580.0,323152.0
2022-04-01,Fayette,Kentucky,21067,94442,580.0,323152.0
2022-04-02,Fayette,Kentucky,21067,94442,580.0,323152.0
2022-04-03,Fayette,Kentucky,21067,94442,580.0,323152.0
2022-04-04,Fayette,Kentucky,21067,94546,584.0,323152.0
2022-04-05,Fayette,Kentucky,21067,94546,584.0,323152.0
2022-04-06,Fayette,Kentucky,21067,94546,584.0,323152.0
2022-04-07,Fayette,Kentucky,21067,94546,584.0,323152.0
2022-04-08,Fayette,Kentucky,21067,94546,584.0,323152.0
2022-04-09,Fayette,Kentucky,21067,94546,584.0,323152.0
2022-04-10,Fayette,Kentucky,21067,94546,584.0,323152.0
2022-04-11,Fayette,Kentucky,21067,94706,588.0,323152.0
2022-04-12,Fayette,Kentucky,21067,94706,588.0,323152.0
2022-04-13,Fayette,Kentucky,21067,94706,588.0,323152.0
2022-04-14,Fayette,Kentucky,21067,94706,588.0,323152.0
2022-04-15,Fayette,Kentucky,21067,94706,588.0,323152.0
2022-04-16,Fayette,Kentucky,21067,94706,588.0,323152.0
2022-04-17,Fayette,Kentucky,21067,94706,588.0,323152.0
2022-04-18,Fayette,Kentucky,21067,94932,594.0,323152.0
2022-04-19,Fayette,Kentucky,21067,94932,594.0,323152.0
2022-04-20,Fayette,Kentucky,21067,94932,594.0,323152.0
2022-04-21,Fayette,Kentucky,21067,94932,594.0,323152.0
2022-04-22,Fayette,Kentucky,21067,94932,594.0,323152.0
2022-04-23,Fayette,Kentucky,21067,94932,594.0,323152.0
2022-04-24,Fayette,Kentucky,21067,94932,594.0,323152.0
2022-04-25,Fayette,Kentucky,21067,95168,599.0,323152.0
2022-04-26,Fayette,Kentucky,21067,95168,599.0,323152.0
2022-04-27,Fayette,Kentucky,21067,95168,599.0,323152.0
2022-04-28,Fayette,Kentucky,21067,95168,599.0,323152.0
2022-04-29,Fayette,Kentucky,21067,95168,599.0,323152.0
2022-04-30,Fayette,Kentucky,21067,95168,599.0,323152.0
2021-12-01,Jefferson,Kentucky,21111,126576,1749.0,766757.0
2021-12-02,Jefferson,Kentucky,21111,126910,1761.0,766757.0
2021-12-03,Jefferson,Kentucky,21111,127307,1766.0,766757.0
2021-12-04,Jefferson,Kentucky,21111,127307,1777.0,766757.0
2021-12-05,Jefferson,Kentucky,21111,127307,1777.0,766757.0
2021-12-06,Jefferson,Kentucky,21111,128025,1780.0,766757.0
2021-12-07,Jefferson,Kentucky,21111,128373,1780.0,766757.0
2021-12-08,Jefferson,Kentucky,21111,128738,1780.0,766757.0
2021-12-09,Jefferson,Kentucky,21111,129059,1780.0,766757.0
2021-12-10,Jefferson,Kentucky,21111,129413,1780.0,766757.0
2021-12-11,Jefferson,Kentucky,21111,129413,1780.0,766757.0
2021-12-12,Jefferson,Kentucky,21111,129413,1780.0,766757.0
2021-12-13,Jefferson,Kentucky,21111,130154,1780.0,766757.0
2021-12-14,Jefferson,Kentucky,21111,130450,1780.0,766757.0
2021-12-15,Jefferson,Kentucky,21111,130828,1785.0,766757.0
2021-12-16,Jefferson,Kentucky,21111,131205,1790.0,766757.0
2021-12-17,Jefferson,Kentucky,21111,131504,1791.0,766757.0
2021-12-18,Jefferson,Kentucky,21111,131504,1791.0,766757.0
2021-12-19,Jefferson,Kentucky,21111,131504,1791.0,766757.0
2021-12-20,Jefferson,Kentucky,21111,132478,1791.0,766757.0
2021-12-21,Jefferson,Kentucky,21111,132829,1797.0,766757.0
2021-12-22,Jefferson,Kentucky,21111,133355,1801.0,766757.0
2021-12-23,Jefferson,Kentucky,21111,133355,1802.0,766757.0
2021-12-24,Jefferson,Kentucky,21111,133355,1802.0,766757.0
2021-12-25,Jefferson,Kentucky,21111,133638,1802.0,766757.0
2021-12-26,Jefferson,Kentucky,21111,134022,1802.0,766757.0
2021-12-27,Jefferson,Kentucky,21111,135643,1826.0,766757.0
2021-12-28,Jefferson,Kentucky,21111,136848,1830.0,766757.0
2021-12-29,Jefferson,Kentucky,21111,138406,1834.0,766757.0
2021-12-30,Jefferson,Kentucky,21111,139490,1834.0,766757.0
2021-12-31,Jefferson,Kentucky,21111,141826,1834.0,766757.0
2022-01-01,Jefferson,Kentucky,21111,143268,1834.0,766757.0
2022-01-02,Jefferson,Kentucky,21111,144121,1834.0,766757.0
2022-01-03,Jefferson,Kentucky,21111,145614,1850.0,766757.0
2022-01-04,Jefferson,Kentucky,21111,147449,1851.0,766757.0
2022-01-05,Jefferson,Kentucky,21111,150221,1859.0,766757.0
2022-01-06,Jefferson,Kentucky,21111,154329,1867.0,766757.0
2022-01-07,Jefferson,Kentucky,21111,155786,1867.0,766757.0
2022-01-08,Jefferson,Kentucky,21111,158385,1867.0,766757.0
2022-01-09,Jefferson,Kentucky,21111,160309,1867.0,766757.0
2022-01-10,Jefferson,Kentucky,21111,161760,1878.0,766757.0
2022-01-11,Jefferson,Kentucky,21111,163273,1880.0,766757.0
2022-01-12,Jefferson,Kentucky,21111,166209,1884.0,766757.0
2022-01-13,Jefferson,Kentucky,21111,168335,1885.0,766757.0
2022-01-14,Jefferson,Kentucky,21111,170351,1888.0,766757.0
2022-01-15,Jefferson,Kentucky,21111,171370,1888.0,766757.0
2022-01-16,Jefferson,Kentucky,21111,176496,1888.0,766757.0
2022-01-17,Jefferson,Kentucky,21111,178361,1888.0,766757.0
2022-01-18,Jefferson,Kentucky,21111,179723,1904.0,766757.0
2022-01-19,Jefferson,Kentucky,21111,182200,1904.0,766757.0
2022-01-20,Jefferson,Kentucky,21111,184178,1905.0,766757.0
2022-01-21,Jefferson,Kentucky,21111,186398,1913.0,766757.0
2022-01-22,Jefferson,Kentucky,21111,189381,1913.0,766757.0
2022-01-23,Jefferson,Kentucky,21111,190737,1913.0,766757.0
2022-01-24,Jefferson,Kentucky,21111,191526,1914.0,766757.0
2022-01-25,Jefferson,Kentucky,21111,193175,1916.0,766757.0
2022-01-26,Jefferson,Kentucky,21111,196557,1922.0,766757.0
2022-01-27,Jefferson,Kentucky,21111,199282,1926.0,766757.0
2022-01-28,Jefferson,Kentucky,21111,200155,1932.0,766757.0
2022-01-29,Jefferson,Kentucky,21111,201903,1932.0,766757.0
2022-01-30,Jefferson,Kentucky,21111,202922,1932.0,766757.0
2022-01-31,Jefferson,Kentucky,21111,203562,1938.0,766757.0
2022-02-01,Jefferson,Kentucky,21111,203829,1939.0,766757.0
2022-02-02,Jefferson,Kentucky,21111,206193,1940.0,766757.0
2022-02-03,Jefferson,Kentucky,21111,206795,1942.0,766757.0
2022-02-04,Jefferson,Kentucky,21111,208204,1944.0,766757.0
2022-02-05,Jefferson,Kentucky,21111,208862,1945.0,766757.0
2022-02-06,Jefferson,Kentucky,21111,209218,1946.0,766757.0
2022-02-07,Jefferson,Kentucky,21111,209547,1951.0,766757.0
2022-02-08,Jefferson,Kentucky,21111,210845,1964.0,766757.0
2022-02-09,Jefferson,Kentucky,21111,211540,1977.0,766757.0
2022-02-10,Jefferson,Kentucky,21111,212825,1988.0,766757.0
2022-02-11,Jefferson,Kentucky,21111,213632,1996.0,766757.0
2022-02-12,Jefferson,Kentucky,21111,214149,2002.0,766757.0
2022-02-13,Jefferson,Kentucky,21111,215014,2002.0,766757.0
2022-02-14,Jefferson,Kentucky,21111,216124,2004.0,766757.0
2022-02-15,Jefferson,Kentucky,21111,216862,2007.0,766757.0
2022-02-16,Jefferson,Kentucky,21111,218370,2021.0,766757.0
2022-02-17,Jefferson,Kentucky,21111,219584,2026.0,766757.0
2022-02-18,Jefferson,Kentucky,21111,220709,2028.0,766757.0
2022-02-19,Jefferson,Kentucky,21111,221865,2031.0,766757.0
2022-02-20,Jefferson,Kentucky,21111,222101,2031.0,766757.0
2022-02-21,Jefferson,Kentucky,21111,222243,2031.0,766757.0
2022-02-22,Jefferson,Kentucky,21111,222484,2045.0,766757.0
2022-02-23,Jefferson,Kentucky,21111,222706,2055.0,766757.0
2022-02-24,Jefferson,Kentucky,21111,223056,2070.0,766757.0
2022-02-25,Jefferson,Kentucky,21111,223412,2079.0,766757.0
2022-02-26,Jefferson,Kentucky,21111,223643,2087.0,766757.0
2022-02-27,Jefferson,Kentucky,21111,223758,2087.0,766757.0
2022-02-28,Jefferson,Kentucky,21111,223895,2089.0,766757.0
2022-03-01,Jefferson,Kentucky,21111,224003,2102.0,766757.0
2022-03-02,Jefferson,Kentucky,21111,224154,2108.0,766757.0
2022-03-03,Jefferson,Kentucky,21111,224325,2113.0,766757.0
2022-03-04,Jefferson,Kentucky,21111,224506,2135.0,766757.0
2022-03-05,Jefferson,Kentucky,21111,224738,2140.0,766757.0
2022-03-06,Jefferson,Kentucky,21111,224863,2140.0,766757.0
2022-03-07,Jefferson,Kentucky,21111,224918,2140.0,766757.0
2022-03-08,Jefferson,Kentucky,21111,225178,2162.0,766757.0
2022-03-09,Jefferson,Kentucky,21111,225351,2176.0,766757.0
2022-03-10,Jefferson,Kentucky,21111,225523,2186.0,766757.0
2022-03-11,Jefferson,Kentucky,21111,225722,2196.0,766757.0
2022-03-12,Jefferson,Kentucky,21111,225854,2203.0,766757.0
2022-03-13,Jefferson,Kentucky,21111,225916,2203.0,766757.0
2022-03-14,Jefferson,Kentucky,21111,225989,2203.0,766757.0
2022-03-15,Jefferson,Kentucky,21111,226195,2208.0,766757.0
2022-03-16,Jefferson,Kentucky,21111,226657,2213.0,766757.0
2022-03-17,Jefferson,Kentucky,21111,227576,2225.0,766757.0
2022-03-18,Jefferson,Kentucky,21111,227654,2233.0,766757.0
2022-03-19,Jefferson,Kentucky,21111,227724,2242.0,766757.0
2022-03-20,Jefferson,Kentucky,21111,227776,2242.0,766757.0
2022-03-21,Jefferson,Kentucky,21111,227801,2242.0,766757.0
2022-03-22,Jefferson,Kentucky,21111,227879,2246.0,766757.0
2022-03-23,Jefferson,Kentucky,21111,227935,2256.0,766757.0
2022-03-24,Jefferson,Kentucky,21111,228021,2262.0,766757.0
2022-03-25,Jefferson,Kentucky,21111,228085,2263.0,766757.0
2022-03-26,Jefferson,Kentucky,21111,228119,2270.0,766757.0
2022-03-27,Jefferson,Kentucky,21111,228165,2270.0,766757.0
2022-03-28,Jefferson,Kentucky,21111,228216,2273.0,766757.0
2022-03-29,Jefferson,Kentucky,21111,228278,2273.0,766757.0
2022-03-30,Jefferson,Kentucky,21111,228339,2281.0,766757.0
2022-03-31,Jefferson,Kentucky,21111,228404,2282.0,766757.0
2022-04-01,Jefferson,Kentucky,21111,228459,2292.0,766757.0
2022-04-02,Jefferson,Kentucky,21111,228494,2292.0,766757.0
2022-04-03,Jefferson,Kentucky,21111,228549,2292.0,766757.0
2022-04-04,Jefferson,Kentucky,21111,228549,2292.0,766757.0
2022-04-05,Jefferson,Kentucky,21111,228575,2292.0,766757.0
2022-04-06,Jefferson,Kentucky,21111,228661,2298.0,766757.0
2022-04-07,Jefferson,Kentucky,21111,228694,2304.0,766757.0
2022-04-08,Jefferson,Kentucky,21111,228727,2307.0,766757.0
2022-04-09,Jefferson,Kentucky,21111,228845,2307.0,766757.0
2022-04-10,Jefferson,Kentucky,21111,228880,2307.0,766757.0
2022-04-11,Jefferson,Kentucky,21111,228915,2307.0,766757.0
2022-04-12,Jefferson,Kentucky,21111,229043,2308.0,766757.0
2022-04-13,Jefferson,Kentucky,21111,229156,2308.0,766757.0
2022-04-14,Jefferson,Kentucky,21111,229225,2308.0,766757.0
2022-04-15,Jefferson,Kentucky,21111,229411,2309.0,766757.0
2022-04-16,Jefferson,Kentucky,21111,229539,2309.0,766757.0
2022-04-17,Jefferson,Kentucky,21111,229617,2309.0,766757.0
2022-04-18,Jefferson,Kentucky,21111,229675,2309.0,766757.0
2022-04-19,Jefferson,Kentucky,21111,229795,2322.0,766757.0
2022-04-20,Jefferson,Kentucky,21111,229864,2322.0,766757.0
2022-04-21,Jefferson,Kentucky,21111,229924,2326.0,766757.0
2022-04-22,Jefferson,Kentucky,21111,230020,2326.0,766757.0
2022-04-23,Jefferson,Kentucky,21111,230195,2326.0,766757.0
2022-04-24,Jefferson,Kentucky,21111,230289,2326.0,766757.0
2022-04-25,Jefferson,Kentucky,21111,230416,2332.0,766757.0
2022-04-26,Jefferson,Kentucky,21111,230555,2332.0,766757.0
2022-04-27,Jefferson,Kentucky,21111,230847,2332.0,766757.0
2022-04-28,Jefferson,Kentucky,21111,231048,2332.0,766757.0
2022-04-29,Jefferson,Kentucky,21111,231282,2332.0,766757.0
2022-04-30,Jefferson,Kentucky,21111,231415,2332.0,766757.0
2021-12-01,Anne Arundel,Maryland,24003,55614,794.0,579234.0
2021-12-02,Anne Arundel,Maryland,24003,55797,794.0,579234.0
2021-12-03,Anne Arundel,Maryland,24003,55953,795.0,579234.0
2021-12-04,Anne Arundel,Maryland,24003,56118,795.0,579234.0
2021-12-05,Anne Arundel,Maryland,24003,56118,795.0,579234.0
2021-12-06,Anne Arundel,Maryland,24003,56118,795.0,579234.0
2021-12-07,Anne Arundel,Maryland,24003,56118,795.0,579234.0
2021-12-08,Anne Arundel,Maryland,24003,56118,795.0,579234.0
2021-12-09,Anne Arundel,Maryland,24003,56118,795.0,579234.0
2021-12-10,Anne Arundel,Maryland,24003,56118,795.0,579234.0
2021-12-11,Anne Arundel,Maryland,24003,56118,795.0,579234.0
2021-12-12,Anne Arundel,Maryland,24003,56118,795.0,579234.0
2021-12-13,Anne Arundel,Maryland,24003,56118,795.0,579234.0
2021-12-14,Anne Arundel,Maryland,24003,56118,795.0,579234.0
2021-12-15,Anne Arundel,Maryland,24003,56118,795.0,579234.0
2021-12-16,Anne Arundel,Maryland,24003,56118,795.0,579234.0
2021-12-17,Anne Arundel,Maryland,24003,56118,795.0,579234.0
2021-12-18,Anne Arundel,Maryland,24003,56118,795.0,579234.0
2021-12-19,Anne Arundel,Maryland,24003,56118,795.0,579234.0
2021-12-20,Anne Arundel,Maryland,24003,56118,795.0,579234.0
2021-12-21,Anne Arundel,Maryland,24003,56118,795.0,579234.0
2021-12-22,Anne Arundel,Maryland,24003,56118,795.0,579234.0
2021-12-23,Anne Arundel,Maryland,24003,56118,795.0,579234.0
2021-12-24,Anne Arundel,Maryland,24003,56118,795.0,579234.0
2021-12-25,Anne Arundel,Maryland,24003,56118,795.0,579234.0
2021-12-26,Anne Arundel,Maryland,24003,56118,795.0,579234.0
2021-12-27,Anne Arundel,Maryland,24003,56118,795.0,579234.0
2021-12-28,Anne Arundel,Maryland,24003,62584,820.0,579234.0
2021-12-29,Anne Arundel,Maryland,24003,63513,828.0,579234.0
2021-12-30,Anne Arundel,Maryland,24003,64714,833.0,579234.0
2021-12-31,Anne Arundel,Maryland,24003,64714,833.0,579234.0
2022-01-01,Anne Arundel,Maryland,24003,64714,833.0,579234.0
2022-01-02,Anne Arundel,Maryland,24003,67820,841.0,579234.0
2022-01-03,Anne Arundel,Maryland,24003,68609,841.0,579234.0
2022-01-04,Anne Arundel,Maryland,24003,69748,844.0,579234.0
2022-01-05,Anne Arundel,Maryland,24003,70577,849.0,579234.0
2022-01-06,Anne Arundel,Maryland,24003,71512,854.0,579234.0
2022-01-07,Anne Arundel,Maryland,24003,72569,857.0,579234.0
2022-01-08,Anne Arundel,Maryland,24003,73346,858.0,579234.0
2022-01-09,Anne Arundel,Maryland,24003,74644,860.0,579234.0
2022-01-10,Anne Arundel,Maryland,24003,75441,862.0,579234.0
2022-01-11,Anne Arundel,Maryland,24003,76143,871.0,579234.0
2022-01-12,Anne Arundel,Maryland,24003,76866,877.0,579234.0
2022-01-13,Anne Arundel,Maryland,24003,77673,882.0,579234.0
2022-01-14,Anne Arundel,Maryland,24003,78505,889.0,579234.0
2022-01-15,Anne Arundel,Maryland,24003,79236,893.0,579234.0
2022-01-16,Anne Arundel,Maryland,24003,79754,898.0,579234.0
2022-01-17,Anne Arundel,Maryland,24003,80156,901.0,579234.0
2022-01-18,Anne Arundel,Maryland,24003,80455,906.0,579234.0
2022-01-19,Anne Arundel,Maryland,24003,80749,915.0,579234.0
2022-01-20,Anne Arundel,Maryland,24003,81516,920.0,579234.0
2022-01-21,Anne Arundel,Maryland,24003,81910,923.0,579234.0
2022-01-22,Anne Arundel,Maryland,24003,82293,928.0,579234.0
2022-01-23,Anne Arundel,Maryland,24003,82603,929.0,579234.0
2022-01-24,Anne Arundel,Maryland,24003,82816,931.0,579234.0
2022-01-25,Anne Arundel,Maryland,24003,83041,936.0,579234.0
2022-01-26,Anne Arundel,Maryland,24003,83336,945.0,579234.0
2022-01-27,Anne Arundel,Maryland,24003,83689,948.0,579234.0
2022-01-28,Anne Arundel,Maryland,24003,83958,954.0,579234.0
2022-01-29,Anne Arundel,Maryland,24003,84172,961.0,579234.0
2022-01-30,Anne Arundel,Maryland,24003,84320,964.0,579234.0
2022-01-31,Anne Arundel,Maryland,24003,84380,966.0,579234.0
2022-02-01,Anne Arundel,Maryland,24003,84497,973.0,579234.0
2022-02-02,Anne Arundel,Maryland,24003,84613,980.0,579234.0
2022-02-03,Anne Arundel,Maryland,24003,84804,982.0,579234.0
2022-02-04,Anne Arundel,Maryland,24003,84958,988.0,579234.0
2022-02-05,Anne Arundel,Maryland,24003,85090,994.0,579234.0
2022-02-06,Anne Arundel,Maryland,24003,85190,998.0,579234.0
2022-02-07,Anne Arundel,Maryland,24003,85275,999.0,579234.0
2022-02-08,Anne Arundel,Maryland,24003,85347,1004.0,579234.0
2022-02-09,Anne Arundel,Maryland,24003,85431,1009.0,579234.0
2022-02-10,Anne Arundel,Maryland,24003,85510,1012.0,579234.0
2022-02-11,Anne Arundel,Maryland,24003,85656,1014.0,579234.0
2022-02-12,Anne Arundel,Maryland,24003,85734,1017.0,579234.0
2022-02-13,Anne Arundel,Maryland,24003,85801,1017.0,579234.0
2022-02-14,Anne Arundel,Maryland,24003,85834,1017.0,579234.0
2022-02-15,Anne Arundel,Maryland,24003,85895,1019.0,579234.0
2022-02-16,Anne Arundel,Maryland,24003,87538,1021.0,579234.0
2022-02-17,Anne Arundel,Maryland,24003,87616,1026.0,579234.0
2022-02-18,Anne Arundel,Maryland,24003,87688,1026.0,579234.0
2022-02-19,Anne Arundel,Maryland,24003,87757,1029.0,579234.0
2022-02-20,Anne Arundel,Maryland,24003,87823,1029.0,579234.0
2022-02-21,Anne Arundel,Maryland,24003,87823,1029.0,579234.0
2022-02-22,Anne Arundel,Maryland,24003,87895,1031.0,579234.0
2022-02-23,Anne Arundel,Maryland,24003,87930,1032.0,579234.0
2022-02-24,Anne Arundel,Maryland,24003,87989,1037.0,579234.0
2022-02-25,Anne Arundel,Maryland,24003,88045,1038.0,579234.0
2022-02-26,Anne Arundel,Maryland,24003,88112,1038.0,579234.0
2022-02-27,Anne Arundel,Maryland,24003,88155,1038.0,579234.0
2022-02-28,Anne Arundel,Maryland,24003,88188,1038.0,579234.0
2022-03-01,Anne Arundel,Maryland,24003,88227,1038.0,579234.0
2022-03-02,Anne Arundel,Maryland,24003,88281,1039.0,579234.0
2022-03-03,Anne Arundel,Maryland,24003,88350,1042.0,579234.0
2022-03-04,Anne Arundel,Maryland,24003,88393,1043.0,579234.0
2022-03-05,Anne Arundel,Maryland,24003,88424,1043.0,579234.0
2022-03-06,Anne Arundel,Maryland,24003,88447,1043.0,579234.0
2022-03-07,Anne Arundel,Maryland,24003,88469,1043.0,579234.0
2022-03-08,Anne Arundel,Maryland,24003,88495,1043.0,579234.0
2022-03-09,Anne Arundel,Maryland,24003,88533,1043.0,579234.0
2022-03-10,Anne Arundel,Maryland,24003,88581,1045.0,579234.0
2022-03-11,Anne Arundel,Maryland,24003,88605,1046.0,579234.0
2022-03-12,Anne Arundel,Maryland,24003,88647,1047.0,579234.0
2022-03-13,Anne Arundel,Maryland,24003,88664,1047.0,579234.0
2022-03-14,Anne Arundel,Maryland,24003,88678,1047.0,579234.0
2022-03-15,Anne Arundel,Maryland,24003,88719,1050.0,579234.0
2022-03-16,Anne Arundel,Maryland,24003,88751,1052.0,579234.0
2022-03-17,Anne Arundel,Maryland,24003,88789,1052.0,579234.0
2022-03-18,Anne Arundel,Maryland,24003,88831,1053.0,579234.0
2022-03-19,Anne Arundel,Maryland,24003,88864,1053.0,579234.0
2022-03-20,Anne Arundel,Maryland,24003,88876,1053.0,579234.0
2022-03-21,Anne Arundel,Maryland,24003,88896,1053.0,579234.0
2022-03-22,Anne Arundel,Maryland,24003,88919,1055.0,579234.0
2022-03-23,Anne Arundel,Maryland,24003,88941,1055.0,579234.0
2022-03-24,Anne Arundel,Maryland,24003,88972,1055.0,579234.0
2022-03-25,Anne Arundel,Maryland,24003,88998,1055.0,579234.0
2022-03-26,Anne Arundel,Maryland,24003,89042,1057.0,579234.0
2022-03-27,Anne Arundel,Maryland,24003,89063,1058.0,579234.0
2022-03-28,Anne Arundel,Maryland,24003,89088,1058.0,579234.0
2022-03-29,Anne Arundel,Maryland,24003,89115,1059.0,579234.0
2022-03-30,Anne Arundel,Maryland,24003,89149,1061.0,579234.0
2022-03-31,Anne Arundel,Maryland,24003,89185,1061.0,579234.0
2022-04-01,Anne Arundel,Maryland,24003,89232,1061.0,579234.0
2022-04-02,Anne Arundel,Maryland,24003,89232,1061.0,579234.0
2022-04-03,Anne Arundel,Maryland,24003,89232,1061.0,579234.0
2022-04-04,Anne Arundel,Maryland,24003,89313,1062.0,579234.0
2022-04-05,Anne Arundel,Maryland,24003,89340,1062.0,579234.0
2022-04-06,Anne Arundel,Maryland,24003,89384,1063.0,579234.0
2022-04-07,Anne Arundel,Maryland,24003,89434,1064.0,579234.0
2022-04-08,Anne Arundel,Maryland,24003,89499,1064.0,579234.0
2022-04-09,Anne Arundel,Maryland,24003,89499,1064.0,579234.0
2022-04-10,Anne Arundel,Maryland,24003,89499,1064.0,579234.0
2022-04-11,Anne Arundel,Maryland,24003,89644,1065.0,579234.0
2022-04-12,Anne Arundel,Maryland,24003,89674,1065.0,579234.0
2022-04-13,Anne Arundel,Maryland,24003,89712,1066.0,579234.0
2022-04-14,Anne Arundel,Maryland,24003,89777,1066.0,579234.0
2022-04-15,Anne Arundel,Maryland,24003,89835,1066.0,579234.0
2022-04-16,Anne Arundel,Maryland,24003,89835,1066.0,579234.0
2022-04-17,Anne Arundel,Maryland,24003,89835,1066.0,579234.0
2022-04-18,Anne Arundel,Maryland,24003,89906,1066.0,579234.0
2022-04-19,Anne Arundel,Maryland,24003,90079,1067.0,579234.0
2022-04-20,Anne Arundel,Maryland,24003,90145,1069.0,579234.0
2022-04-21,Anne Arundel,Maryland,24003,90236,1069.0,579234.0
2022-04-22,Anne Arundel,Maryland,24003,90307,1069.0,579234.0
2022-04-23,Anne Arundel,Maryland,24003,90307,1069.0,579234.0
2022-04-24,Anne Arundel,Maryland,24003,90307,1069.0,579234.0
2022-04-25,Anne Arundel,Maryland,24003,90403,1070.0,579234.0
2022-04-26,Anne Arundel,Maryland,24003,90566,1070.0,579234.0
2022-04-27,Anne Arundel,Maryland,24003,90644,1070.0,579234.0
2022-04-28,Anne Arundel,Maryland,24003,90774,1072.0,579234.0
2022-04-29,Anne Arundel,Maryland,24003,90908,1072.0,579234.0
2022-04-30,Anne Arundel,Maryland,24003,90908,1072.0,579234.0
2021-12-01,Prince George's,Maryland,24033,102232,1757.0,909327.0
2021-12-02,Prince George's,Maryland,24033,102401,1757.0,909327.0
2021-12-03,Prince George's,Maryland,24033,102539,1758.0,909327.0
2021-12-04,Prince George's,Maryland,24033,102695,1759.0,909327.0
2021-12-05,Prince George's,Maryland,24033,102695,1759.0,909327.0
2021-12-06,Prince George's,Maryland,24033,102695,1759.0,909327.0
2021-12-07,Prince George's,Maryland,24033,102695,1759.0,909327.0
2021-12-08,Prince George's,Maryland,24033,102695,1759.0,909327.0
2021-12-09,Prince George's,Maryland,24033,102695,1759.0,909327.0
2021-12-10,Prince George's,Maryland,24033,102695,1759.0,909327.0
2021-12-11,Prince George's,Maryland,24033,102695,1759.0,909327.0
2021-12-12,Prince George's,Maryland,24033,102695,1759.0,909327.0
2021-12-13,Prince George's,Maryland,24033,102695,1759.0,909327.0
2021-12-14,Prince George's,Maryland,24033,102695,1759.0,909327.0
2021-12-15,Prince George's,Maryland,24033,102695,1759.0,909327.0
2021-12-16,Prince George's,Maryland,24033,102695,1759.0,909327.0
2021-12-17,Prince George's,Maryland,24033,102695,1759.0,909327.0
2021-12-18,Prince George's,Maryland,24033,102695,1759.0,909327.0
2021-12-19,Prince George's,Maryland,24033,102695,1759.0,909327.0
2021-12-20,Prince George's,Maryland,24033,102695,1759.0,909327.0
2021-12-21,Prince George's,Maryland,24033,102695,1759.0,909327.0
2021-12-22,Prince George's,Maryland,24033,102695,1759.0,909327.0
2021-12-23,Prince George's,Maryland,24033,102695,1759.0,909327.0
2021-12-24,Prince George's,Maryland,24033,102695,1759.0,909327.0
2021-12-25,Prince George's,Maryland,24033,102695,1759.0,909327.0
2021-12-26,Prince George's,Maryland,24033,102695,1759.0,909327.0
2021-12-27,Prince George's,Maryland,24033,102695,1759.0,909327.0
2021-12-28,Prince George's,Maryland,24033,119509,1778.0,909327.0
2021-12-29,Prince George's,Maryland,24033,121445,1781.0,909327.0
2021-12-30,Prince George's,Maryland,24033,124049,1786.0,909327.0
2021-12-31,Prince George's,Maryland,24033,124049,1786.0,909327.0
2022-01-01,Prince George's,Maryland,24033,124049,1786.0,909327.0
2022-01-02,Prince George's,Maryland,24033,130733,1789.0,909327.0
2022-01-03,Prince George's,Maryland,24033,132485,1789.0,909327.0
2022-01-04,Prince George's,Maryland,24033,135422,1790.0,909327.0
2022-01-05,Prince George's,Maryland,24033,137124,1792.0,909327.0
2022-01-06,Prince George's,Maryland,24033,139159,1797.0,909327.0
2022-01-07,Prince George's,Maryland,24033,140789,1802.0,909327.0
2022-01-08,Prince George's,Maryland,24033,142976,1808.0,909327.0
2022-01-09,Prince George's,Maryland,24033,145536,1817.0,909327.0
2022-01-10,Prince George's,Maryland,24033,146908,1819.0,909327.0
2022-01-11,Prince George's,Maryland,24033,148553,1825.0,909327.0
2022-01-12,Prince George's,Maryland,24033,150116,1838.0,909327.0
2022-01-13,Prince George's,Maryland,24033,151698,1852.0,909327.0
2022-01-14,Prince George's,Maryland,24033,153089,1857.0,909327.0
2022-01-15,Prince George's,Maryland,24033,154164,1869.0,909327.0
2022-01-16,Prince George's,Maryland,24033,155172,1871.0,909327.0
2022-01-17,Prince George's,Maryland,24033,155989,1873.0,909327.0
2022-01-18,Prince George's,Maryland,24033,156303,1878.0,909327.0
2022-01-19,Prince George's,Maryland,24033,156768,1889.0,909327.0
2022-01-20,Prince George's,Maryland,24033,158325,1899.0,909327.0
2022-01-21,Prince George's,Maryland,24033,158916,1913.0,909327.0
2022-01-22,Prince George's,Maryland,24033,159403,1927.0,909327.0
2022-01-23,Prince George's,Maryland,24033,159769,1933.0,909327.0
2022-01-24,Prince George's,Maryland,24033,160028,1935.0,909327.0
2022-01-25,Prince George's,Maryland,24033,160286,1944.0,909327.0
2022-01-26,Prince George's,Maryland,24033,160639,1960.0,909327.0
2022-01-27,Prince George's,Maryland,24033,161020,1968.0,909327.0
2022-01-28,Prince George's,Maryland,24033,161338,1978.0,909327.0
2022-01-29,Prince George's,Maryland,24033,161543,1991.0,909327.0
2022-01-30,Prince George's,Maryland,24033,161742,1995.0,909327.0
2022-01-31,Prince George's,Maryland,24033,161845,1996.0,909327.0
2022-02-01,Prince George's,Maryland,24033,161964,2000.0,909327.0
2022-02-02,Prince George's,Maryland,24033,162132,2008.0,909327.0
2022-02-03,Prince George's,Maryland,24033,162277,2019.0,909327.0
2022-02-04,Prince George's,Maryland,24033,162460,2023.0,909327.0
2022-02-05,Prince George's,Maryland,24033,162651,2028.0,909327.0
2022-02-06,Prince George's,Maryland,24033,162762,2033.0,909327.0
2022-02-07,Prince George's,Maryland,24033,162837,2033.0,909327.0
2022-02-08,Prince George's,Maryland,24033,162914,2040.0,909327.0
2022-02-09,Prince George's,Maryland,24033,162974,2050.0,909327.0
2022-02-10,Prince George's,Maryland,24033,163088,2057.0,909327.0
2022-02-11,Prince George's,Maryland,24033,163417,2061.0,909327.0
2022-02-12,Prince George's,Maryland,24033,163487,2067.0,909327.0
2022-02-13,Prince George's,Maryland,24033,163562,2069.0,909327.0
2022-02-14,Prince George's,Maryland,24033,163601,2070.0,909327.0
2022-02-15,Prince George's,Maryland,24033,163614,2074.0,909327.0
2022-02-16,Prince George's,Maryland,24033,168128,2080.0,909327.0
2022-02-17,Prince George's,Maryland,24033,168209,2086.0,909327.0
2022-02-18,Prince George's,Maryland,24033,168310,2086.0,909327.0
2022-02-19,Prince George's,Maryland,24033,168367,2089.0,909327.0
2022-02-20,Prince George's,Maryland,24033,168425,2092.0,909327.0
2022-02-21,Prince George's,Maryland,24033,168425,2092.0,909327.0
2022-02-22,Prince George's,Maryland,24033,168500,2096.0,909327.0
2022-02-23,Prince George's,Maryland,24033,168538,2097.0,909327.0
2022-02-24,Prince George's,Maryland,24033,168602,2099.0,909327.0
2022-02-25,Prince George's,Maryland,24033,168669,2103.0,909327.0
2022-02-26,Prince George's,Maryland,24033,168854,2105.0,909327.0
2022-02-27,Prince George's,Maryland,24033,168895,2105.0,909327.0
2022-02-28,Prince George's,Maryland,24033,168933,2106.0,909327.0
2022-03-01,Prince George's,Maryland,24033,168980,2106.0,909327.0
2022-03-02,Prince George's,Maryland,24033,169019,2108.0,909327.0
2022-03-03,Prince George's,Maryland,24033,169040,2112.0,909327.0
2022-03-04,Prince George's,Maryland,24033,169079,2113.0,909327.0
2022-03-05,Prince George's,Maryland,24033,169110,2114.0,909327.0
2022-03-06,Prince George's,Maryland,24033,169153,2115.0,909327.0
2022-03-07,Prince George's,Maryland,24033,169176,2115.0,909327.0
2022-03-08,Prince George's,Maryland,24033,169210,2117.0,909327.0
2022-03-09,Prince George's,Maryland,24033,169246,2119.0,909327.0
2022-03-10,Prince George's,Maryland,24033,169292,2123.0,909327.0
2022-03-11,Prince George's,Maryland,24033,169337,2123.0,909327.0
2022-03-12,Prince George's,Maryland,24033,169373,2125.0,909327.0
2022-03-13,Prince George's,Maryland,24033,169398,2125.0,909327.0
2022-03-14,Prince George's,Maryland,24033,169415,2125.0,909327.0
2022-03-15,Prince George's,Maryland,24033,169449,2126.0,909327.0
2022-03-16,Prince George's,Maryland,24033,169491,2128.0,909327.0
2022-03-17,Prince George's,Maryland,24033,169519,2131.0,909327.0
2022-03-18,Prince George's,Maryland,24033,169561,2130.0,909327.0
2022-03-19,Prince George's,Maryland,24033,169598,2132.0,909327.0
2022-03-20,Prince George's,Maryland,24033,169621,2133.0,909327.0
2022-03-21,Prince George's,Maryland,24033,169634,2134.0,909327.0
2022-03-22,Prince George's,Maryland,24033,169658,2134.0,909327.0
2022-03-23,Prince George's,Maryland,24033,169688,2134.0,909327.0
2022-03-24,Prince George's,Maryland,24033,169730,2134.0,909327.0
2022-03-25,Prince George's,Maryland,24033,169768,2134.0,909327.0
2022-03-26,Prince George's,Maryland,24033,169802,2133.0,909327.0
2022-03-27,Prince George's,Maryland,24033,169831,2133.0,909327.0
2022-03-28,Prince George's,Maryland,24033,169859,2133.0,909327.0
2022-03-29,Prince George's,Maryland,24033,169888,2133.0,909327.0
2022-03-30,Prince George's,Maryland,24033,169920,2134.0,909327.0
2022-03-31,Prince George's,Maryland,24033,169963,2133.0,909327.0
2022-04-01,Prince George's,Maryland,24033,170021,2134.0,909327.0
2022-04-02,Prince George's,Maryland,24033,170021,2134.0,909327.0
2022-04-03,Prince George's,Maryland,24033,170021,2134.0,909327.0
2022-04-04,Prince George's,Maryland,24033,170195,2136.0,909327.0
2022-04-05,Prince George's,Maryland,24033,170249,2137.0,909327.0
2022-04-06,Prince George's,Maryland,24033,170303,2136.0,909327.0
2022-04-07,Prince George's,Maryland,24033,170371,2136.0,909327.0
2022-04-08,Prince George's,Maryland,24033,170437,2136.0,909327.0
2022-04-09,Prince George's,Maryland,24033,170437,2136.0,909327.0
2022-04-10,Prince George's,Maryland,24033,170437,2136.0,909327.0
2022-04-11,Prince George's,Maryland,24033,170678,2136.0,909327.0
2022-04-12,Prince George's,Maryland,24033,170753,2137.0,909327.0
2022-04-13,Prince George's,Maryland,24033,170838,2137.0,909327.0
2022-04-14,Prince George's,Maryland,24033,170944,2140.0,909327.0
2022-04-15,Prince George's,Maryland,24033,171075,2141.0,909327.0
2022-04-16,Prince George's,Maryland,24033,171075,2141.0,909327.0
2022-04-17,Prince George's,Maryland,24033,171075,2141.0,909327.0
2022-04-18,Prince George's,Maryland,24033,171227,2141.0,909327.0
2022-04-19,Prince George's,Maryland,24033,171525,2142.0,909327.0
2022-04-20,Prince George's,Maryland,24033,171630,2144.0,909327.0
2022-04-21,Prince George's,Maryland,24033,171810,2144.0,909327.0
2022-04-22,Prince George's,Maryland,24033,171980,2144.0,909327.0
2022-04-23,Prince George's,Maryland,24033,171980,2144.0,909327.0
2022-04-24,Prince George's,Maryland,24033,171980,2144.0,909327.0
2022-04-25,Prince George's,Maryland,24033,172117,2145.0,909327.0
2022-04-26,Prince George's,Maryland,24033,172408,2146.0,909327.0
2022-04-27,Prince George's,Maryland,24033,172498,2147.0,909327.0
2022-04-28,Prince George's,Maryland,24033,172706,2148.0,909327.0
2022-04-29,Prince George's,Maryland,24033,172870,2148.0,909327.0
2022-04-30,Prince George's,Maryland,24033,172870,2148.0,909327.0
2021-12-01,Wicomico,Maryland,24045,11698,234.0,103609.0
2021-12-02,Wicomico,Maryland,24045,11726,234.0,103609.0
2021-12-03,Wicomico,Maryland,24045,11781,234.0,103609.0
2021-12-04,Wicomico,Maryland,24045,11822,236.0,103609.0
2021-12-05,Wicomico,Maryland,24045,11822,236.0,103609.0
2021-12-06,Wicomico,Maryland,24045,11822,236.0,103609.0
2021-12-07,Wicomico,Maryland,24045,11822,236.0,103609.0
2021-12-08,Wicomico,Maryland,24045,11822,236.0,103609.0
2021-12-09,Wicomico,Maryland,24045,11822,236.0,103609.0
2021-12-10,Wicomico,Maryland,24045,11822,236.0,103609.0
2021-12-11,Wicomico,Maryland,24045,11822,236.0,103609.0
2021-12-12,Wicomico,Maryland,24045,11822,236.0,103609.0
2021-12-13,Wicomico,Maryland,24045,11822,236.0,103609.0
2021-12-14,Wicomico,Maryland,24045,11822,236.0,103609.0
2021-12-15,Wicomico,Maryland,24045,11822,236.0,103609.0
2021-12-16,Wicomico,Maryland,24045,11822,236.0,103609.0
2021-12-17,Wicomico,Maryland,24045,11822,236.0,103609.0
2021-12-18,Wicomico,Maryland,24045,11822,236.0,103609.0
2021-12-19,Wicomico,Maryland,24045,11822,236.0,103609.0
2021-12-20,Wicomico,Maryland,24045,11822,236.0,103609.0
2021-12-21,Wicomico,Maryland,24045,11822,236.0,103609.0
2021-12-22,Wicomico,Maryland,24045,11822,236.0,103609.0
2021-12-23,Wicomico,Maryland,24045,11822,236.0,103609.0
2021-12-24,Wicomico,Maryland,24045,11822,236.0,103609.0
2021-12-25,Wicomico,Maryland,24045,11822,236.0,103609.0
2021-12-26,Wicomico,Maryland,24045,11822,236.0,103609.0
2021-12-27,Wicomico,Maryland,24045,11822,236.0,103609.0
2021-12-28,Wicomico,Maryland,24045,12870,246.0,103609.0
2021-12-29,Wicomico,Maryland,24045,12971,248.0,103609.0
2021-12-30,Wicomico,Maryland,24045,13116,250.0,103609.0
2021-12-31,Wicomico,Maryland,24045,13116,250.0,103609.0
2022-01-01,Wicomico,Maryland,24045,13116,250.0,103609.0
2022-01-02,Wicomico,Maryland,24045,13754,250.0,103609.0
2022-01-03,Wicomico,Maryland,24045,13953,250.0,103609.0
2022-01-04,Wicomico,Maryland,24045,14143,251.0,103609.0
2022-01-05,Wicomico,Maryland,24045,14243,253.0,103609.0
2022-01-06,Wicomico,Maryland,24045,14414,254.0,103609.0
2022-01-07,Wicomico,Maryland,24045,14653,255.0,103609.0
2022-01-08,Wicomico,Maryland,24045,14894,255.0,103609.0
2022-01-09,Wicomico,Maryland,24045,15119,255.0,103609.0
2022-01-10,Wicomico,Maryland,24045,15216,255.0,103609.0
2022-01-11,Wicomico,Maryland,24045,15301,257.0,103609.0
2022-01-12,Wicomico,Maryland,24045,15648,259.0,103609.0
2022-01-13,Wicomico,Maryland,24045,15852,259.0,103609.0
2022-01-14,Wicomico,Maryland,24045,16116,260.0,103609.0
2022-01-15,Wicomico,Maryland,24045,16450,261.0,103609.0
2022-01-16,Wicomico,Maryland,24045,16684,261.0,103609.0
2022-01-17,Wicomico,Maryland,24045,16791,261.0,103609.0
2022-01-18,Wicomico,Maryland,24045,16924,262.0,103609.0
2022-01-19,Wicomico,Maryland,24045,17037,267.0,103609.0
2022-01-20,Wicomico,Maryland,24045,17199,272.0,103609.0
2022-01-21,Wicomico,Maryland,24045,17382,273.0,103609.0
2022-01-22,Wicomico,Maryland,24045,17593,278.0,103609.0
2022-01-23,Wicomico,Maryland,24045,17710,278.0,103609.0
2022-01-24,Wicomico,Maryland,24045,17787,278.0,103609.0
2022-01-25,Wicomico,Maryland,24045,17866,286.0,103609.0
2022-01-26,Wicomico,Maryland,24045,17979,290.0,103609.0
2022-01-27,Wicomico,Maryland,24045,18079,292.0,103609.0
2022-01-28,Wicomico,Maryland,24045,18198,293.0,103609.0
2022-01-29,Wicomico,Maryland,24045,18267,294.0,103609.0
2022-01-30,Wicomico,Maryland,24045,18322,294.0,103609.0
2022-01-31,Wicomico,Maryland,24045,18342,294.0,103609.0
2022-02-01,Wicomico,Maryland,24045,18367,295.0,103609.0
2022-02-02,Wicomico,Maryland,24045,18408,296.0,103609.0
2022-02-03,Wicomico,Maryland,24045,18464,298.0,103609.0
2022-02-04,Wicomico,Maryland,24045,18503,298.0,103609.0
2022-02-05,Wicomico,Maryland,24045,18540,298.0,103609.0
2022-02-06,Wicomico,Maryland,24045,18566,299.0,103609.0
2022-02-07,Wicomico,Maryland,24045,18598,299.0,103609.0
2022-02-08,Wicomico,Maryland,24045,18617,304.0,103609.0
2022-02-09,Wicomico,Maryland,24045,18640,305.0,103609.0
2022-02-10,Wicomico,Maryland,24045,18676,307.0,103609.0
2022-02-11,Wicomico,Maryland,24045,18712,309.0,103609.0
2022-02-12,Wicomico,Maryland,24045,18738,309.0,103609.0
2022-02-13,Wicomico,Maryland,24045,18753,309.0,103609.0
2022-02-14,Wicomico,Maryland,24045,18755,310.0,103609.0
2022-02-15,Wicomico,Maryland,24045,18764,310.0,103609.0
2022-02-16,Wicomico,Maryland,24045,19294,310.0,103609.0
2022-02-17,Wicomico,Maryland,24045,19313,312.0,103609.0
2022-02-18,Wicomico,Maryland,24045,19327,312.0,103609.0
2022-02-19,Wicomico,Maryland,24045,19348,314.0,103609.0
2022-02-20,Wicomico,Maryland,24045,19355,314.0,103609.0
2022-02-21,Wicomico,Maryland,24045,19355,314.0,103609.0
2022-02-22,Wicomico,Maryland,24045,19374,314.0,103609.0
2022-02-23,Wicomico,Maryland,24045,19384,314.0,103609.0
2022-02-24,Wicomico,Maryland,24045,19406,314.0,103609.0
2022-02-25,Wicomico,Maryland,24045,19427,315.0,103609.0
2022-02-26,Wicomico,Maryland,24045,19446,316.0,103609.0
2022-02-27,Wicomico,Maryland,24045,19452,316.0,103609.0
2022-02-28,Wicomico,Maryland,24045,19455,317.0,103609.0
2022-03-01,Wicomico,Maryland,24045,19465,318.0,103609.0
2022-03-02,Wicomico,Maryland,24045,19477,319.0,103609.0
2022-03-03,Wicomico,Maryland,24045,19492,319.0,103609.0
2022-03-04,Wicomico,Maryland,24045,19503,320.0,103609.0
2022-03-05,Wicomico,Maryland,24045,19507,320.0,103609.0
2022-03-06,Wicomico,Maryland,24045,19508,320.0,103609.0
2022-03-07,Wicomico,Maryland,24045,19511,320.0,103609.0
2022-03-08,Wicomico,Maryland,24045,19514,321.0,103609.0
2022-03-09,Wicomico,Maryland,24045,19516,321.0,103609.0
2022-03-10,Wicomico,Maryland,24045,19526,322.0,103609.0
2022-03-11,Wicomico,Maryland,24045,19539,322.0,103609.0
2022-03-12,Wicomico,Maryland,24045,19542,322.0,103609.0
2022-03-13,Wicomico,Maryland,24045,19542,322.0,103609.0
2022-03-14,Wicomico,Maryland,24045,19544,322.0,103609.0
2022-03-15,Wicomico,Maryland,24045,19547,324.0,103609.0
2022-03-16,Wicomico,Maryland,24045,19561,324.0,103609.0
2022-03-17,Wicomico,Maryland,24045,19577,324.0,103609.0
2022-03-18,Wicomico,Maryland,24045,19589,324.0,103609.0
2022-03-19,Wicomico,Maryland,24045,19593,325.0,103609.0
2022-03-20,Wicomico,Maryland,24045,19599,325.0,103609.0
2022-03-21,Wicomico,Maryland,24045,19600,325.0,103609.0
2022-03-22,Wicomico,Maryland,24045,19604,325.0,103609.0
2022-03-23,Wicomico,Maryland,24045,19606,325.0,103609.0
2022-03-24,Wicomico,Maryland,24045,19611,325.0,103609.0
2022-03-25,Wicomico,Maryland,24045,19611,325.0,103609.0
2022-03-26,Wicomico,Maryland,24045,19615,325.0,103609.0
2022-03-27,Wicomico,Maryland,24045,19616,325.0,103609.0
2022-03-28,Wicomico,Maryland,24045,19618,325.0,103609.0
2022-03-29,Wicomico,Maryland,24045,19621,325.0,103609.0
2022-03-30,Wicomico,Maryland,24045,19624,326.0,103609.0
2022-03-31,Wicomico,Maryland,24045,19628,326.0,103609.0
2022-04-01,Wicomico,Maryland,24045,19633,326.0,103609.0
2022-04-02,Wicomico,Maryland,24045,19633,326.0,103609.0
2022-04-03,Wicomico,Maryland,24045,19633,326.0,103609.0
2022-04-04,Wicomico,Maryland,24045,19644,326.0,103609.0
2022-04-05,Wicomico,Maryland,24045,19647,326.0,103609.0
2022-04-06,Wicomico,Maryland,24045,19653,326.0,103609.0
2022-04-07,Wicomico,Maryland,24045,19656,326.0,103609.0
2022-04-08,Wicomico,Maryland,24045,19659,326.0,103609.0
2022-04-09,Wicomico,Maryland,24045,19659,326.0,103609.0
2022-04-10,Wicomico,Maryland,24045,19659,326.0,103609.0
2022-04-11,Wicomico,Maryland,24045,19667,326.0,103609.0
2022-04-12,Wicomico,Maryland,24045,19672,326.0,103609.0
2022-04-13,Wicomico,Maryland,24045,19677,326.0,103609.0
2022-04-14,Wicomico,Maryland,24045,19679,326.0,103609.0
2022-04-15,Wicomico,Maryland,24045,19685,326.0,103609.0
2022-04-16,Wicomico,Maryland,24045,19685,326.0,103609.0
2022-04-17,Wicomico,Maryland,24045,19685,326.0,103609.0
2022-04-18,Wicomico,Maryland,24045,19695,326.0,103609.0
2022-04-19,Wicomico,Maryland,24045,19710,326.0,103609.0
2022-04-20,Wicomico,Maryland,24045,19713,326.0,103609.0
2022-04-21,Wicomico,Maryland,24045,19717,326.0,103609.0
2022-04-22,Wicomico,Maryland,24045,19721,326.0,103609.0
2022-04-23,Wicomico,Maryland,24045,19721,326.0,103609.0
2022-04-24,Wicomico,Maryland,24045,19721,326.0,103609.0
2022-04-25,Wicomico,Maryland,24045,19726,326.0,103609.0
2022-04-26,Wicomico,Maryland,24045,19743,326.0,103609.0
2022-04-27,Wicomico,Maryland,24045,19749,326.0,103609.0
2022-04-28,Wicomico,Maryland,24045,19762,326.0,103609.0
2022-04-29,Wicomico,Maryland,24045,19784,326.0,103609.0
2022-04-30,Wicomico,Maryland,24045,19784,326.0,103609.0
2021-12-01,Barnstable,Massachusetts,25001,19877,532.0,212990.0
2021-12-02,Barnstable,Massachusetts,25001,20040,534.0,212990.0
2021-12-03,Barnstable,Massachusetts,25001,20174,535.0,212990.0
2021-12-04,Barnstable,Massachusetts,25001,20174,535.0,212990.0
2021-12-05,Barnstable,Massachusetts,25001,20174,535.0,212990.0
2021-12-06,Barnstable,Massachusetts,25001,20484,538.0,212990.0
2021-12-07,Barnstable,Massachusetts,25001,20551,538.0,212990.0
2021-12-08,Barnstable,Massachusetts,25001,20734,538.0,212990.0
2021-12-09,Barnstable,Massachusetts,25001,20842,538.0,212990.0
2021-12-10,Barnstable,Massachusetts,25001,21021,538.0,212990.0
2021-12-11,Barnstable,Massachusetts,25001,21021,538.0,212990.0
2021-12-12,Barnstable,Massachusetts,25001,21021,538.0,212990.0
2021-12-13,Barnstable,Massachusetts,25001,21375,538.0,212990.0
2021-12-14,Barnstable,Massachusetts,25001,21463,540.0,212990.0
2021-12-15,Barnstable,Massachusetts,25001,21624,542.0,212990.0
2021-12-16,Barnstable,Massachusetts,25001,21807,543.0,212990.0
2021-12-17,Barnstable,Massachusetts,25001,21986,546.0,212990.0
2021-12-18,Barnstable,Massachusetts,25001,21986,546.0,212990.0
2021-12-19,Barnstable,Massachusetts,25001,21986,546.0,212990.0
2021-12-20,Barnstable,Massachusetts,25001,22374,547.0,212990.0
2021-12-21,Barnstable,Massachusetts,25001,22485,551.0,212990.0
2021-12-22,Barnstable,Massachusetts,25001,22702,552.0,212990.0
2021-12-23,Barnstable,Massachusetts,25001,22932,552.0,212990.0
2021-12-24,Barnstable,Massachusetts,25001,23141,552.0,212990.0
2021-12-25,Barnstable,Massachusetts,25001,23141,552.0,212990.0
2021-12-26,Barnstable,Massachusetts,25001,23141,552.0,212990.0
2021-12-27,Barnstable,Massachusetts,25001,23663,552.0,212990.0
2021-12-28,Barnstable,Massachusetts,25001,23845,554.0,212990.0
2021-12-29,Barnstable,Massachusetts,25001,24105,556.0,212990.0
2021-12-30,Barnstable,Massachusetts,25001,24390,556.0,212990.0
2021-12-31,Barnstable,Massachusetts,25001,24650,559.0,212990.0
2022-01-01,Barnstable,Massachusetts,25001,24650,559.0,212990.0
2022-01-02,Barnstable,Massachusetts,25001,24650,559.0,212990.0
2022-01-03,Barnstable,Massachusetts,25001,25290,560.0,212990.0
2022-01-04,Barnstable,Massachusetts,25001,25701,562.0,212990.0
2022-01-05,Barnstable,Massachusetts,25001,26145,565.0,212990.0
2022-01-06,Barnstable,Massachusetts,25001,26492,566.0,212990.0
2022-01-07,Barnstable,Massachusetts,25001,27010,568.0,212990.0
2022-01-08,Barnstable,Massachusetts,25001,27010,568.0,212990.0
2022-01-09,Barnstable,Massachusetts,25001,27010,568.0,212990.0
2022-01-10,Barnstable,Massachusetts,25001,28028,570.0,212990.0
2022-01-11,Barnstable,Massachusetts,25001,28411,573.0,212990.0
2022-01-12,Barnstable,Massachusetts,25001,28765,577.0,212990.0
2022-01-13,Barnstable,Massachusetts,25001,29131,577.0,212990.0
2022-01-14,Barnstable,Massachusetts,25001,29315,578.0,212990.0
2022-01-15,Barnstable,Massachusetts,25001,29315,578.0,212990.0
2022-01-16,Barnstable,Massachusetts,25001,29315,578.0,212990.0
2022-01-17,Barnstable,Massachusetts,25001,29315,578.0,212990.0
2022-01-18,Barnstable,Massachusetts,25001,30317,578.0,212990.0
2022-01-19,Barnstable,Massachusetts,25001,30664,581.0,212990.0
2022-01-20,Barnstable,Massachusetts,25001,30988,587.0,212990.0
2022-01-21,Barnstable,Massachusetts,25001,31311,593.0,212990.0
2022-01-22,Barnstable,Massachusetts,25001,31311,593.0,212990.0
2022-01-23,Barnstable,Massachusetts,25001,31311,593.0,212990.0
2022-01-24,Barnstable,Massachusetts,25001,31601,598.0,212990.0
2022-01-25,Barnstable,Massachusetts,25001,32099,600.0,212990.0
2022-01-26,Barnstable,Massachusetts,25001,32270,607.0,212990.0
2022-01-27,Barnstable,Massachusetts,25001,32438,608.0,212990.0
2022-01-28,Barnstable,Massachusetts,25001,32656,610.0,212990.0
2022-01-29,Barnstable,Massachusetts,25001,32656,610.0,212990.0
2022-01-30,Barnstable,Massachusetts,25001,32656,610.0,212990.0
2022-01-31,Barnstable,Massachusetts,25001,32973,619.0,212990.0
2022-02-01,Barnstable,Massachusetts,25001,33094,624.0,212990.0
2022-02-02,Barnstable,Massachusetts,25001,33206,630.0,212990.0
2022-02-03,Barnstable,Massachusetts,25001,33321,632.0,212990.0
2022-02-04,Barnstable,Massachusetts,25001,33424,633.0,212990.0
2022-02-05,Barnstable,Massachusetts,25001,33424,633.0,212990.0
2022-02-06,Barnstable,Massachusetts,25001,33424,633.0,212990.0
2022-02-07,Barnstable,Massachusetts,25001,33630,635.0,212990.0
2022-02-08,Barnstable,Massachusetts,25001,33673,639.0,212990.0
2022-02-09,Barnstable,Massachusetts,25001,33730,642.0,212990.0
2022-02-10,Barnstable,Massachusetts,25001,33792,643.0,212990.0
2022-02-11,Barnstable,Massachusetts,25001,33838,645.0,212990.0
2022-02-12,Barnstable,Massachusetts,25001,33838,645.0,212990.0
2022-02-13,Barnstable,Massachusetts,25001,33838,645.0,212990.0
2022-02-14,Barnstable,Massachusetts,25001,33898,647.0,212990.0
2022-02-15,Barnstable,Massachusetts,25001,33918,651.0,212990.0
2022-02-16,Barnstable,Massachusetts,25001,33963,654.0,212990.0
2022-02-17,Barnstable,Massachusetts,25001,34026,656.0,212990.0
2022-02-18,Barnstable,Massachusetts,25001,34091,657.0,212990.0
2022-02-19,Barnstable,Massachusetts,25001,34091,657.0,212990.0
2022-02-20,Barnstable,Massachusetts,25001,34091,657.0,212990.0
2022-02-21,Barnstable,Massachusetts,25001,34091,657.0,212990.0
2022-02-22,Barnstable,Massachusetts,25001,34221,657.0,212990.0
2022-02-23,Barnstable,Massachusetts,25001,34233,666.0,212990.0
2022-02-24,Barnstable,Massachusetts,25001,34285,668.0,212990.0
2022-02-25,Barnstable,Massachusetts,25001,34305,669.0,212990.0
2022-02-26,Barnstable,Massachusetts,25001,34305,669.0,212990.0
2022-02-27,Barnstable,Massachusetts,25001,34305,669.0,212990.0
2022-02-28,Barnstable,Massachusetts,25001,34343,672.0,212990.0
2022-03-01,Barnstable,Massachusetts,25001,34384,674.0,212990.0
2022-03-02,Barnstable,Massachusetts,25001,34403,674.0,212990.0
2022-03-03,Barnstable,Massachusetts,25001,34416,674.0,212990.0
2022-03-04,Barnstable,Massachusetts,25001,34446,676.0,212990.0
2022-03-05,Barnstable,Massachusetts,25001,34446,676.0,212990.0
2022-03-06,Barnstable,Massachusetts,25001,34446,676.0,212990.0
2022-03-07,Barnstable,Massachusetts,25001,34481,676.0,212990.0
2022-03-08,Barnstable,Massachusetts,25001,34511,678.0,212990.0
2022-03-09,Barnstable,Massachusetts,25001,34532,679.0,212990.0
2022-03-10,Barnstable,Massachusetts,25001,34551,680.0,212990.0
2022-03-11,Barnstable,Massachusetts,25001,34568,683.0,212990.0
2022-03-12,Barnstable,Massachusetts,25001,34568,683.0,212990.0
2022-03-13,Barnstable,Massachusetts,25001,34568,683.0,212990.0
2022-03-14,Barnstable,Massachusetts,25001,34604,573.0,212990.0
2022-03-15,Barnstable,Massachusetts,25001,34621,573.0,212990.0
2022-03-16,Barnstable,Massachusetts,25001,34646,573.0,212990.0
2022-03-17,Barnstable,Massachusetts,25001,34668,573.0,212990.0
2022-03-18,Barnstable,Massachusetts,25001,34686,573.0,212990.0
2022-03-19,Barnstable,Massachusetts,25001,34686,573.0,212990.0
2022-03-20,Barnstable,Massachusetts,25001,34686,573.0,212990.0
2022-03-21,Barnstable,Massachusetts,25001,34715,573.0,212990.0
2022-03-22,Barnstable,Massachusetts,25001,34738,573.0,212990.0
2022-03-23,Barnstable,Massachusetts,25001,34759,573.0,212990.0
2022-03-24,Barnstable,Massachusetts,25001,34785,573.0,212990.0
2022-03-25,Barnstable,Massachusetts,25001,34809,573.0,212990.0
2022-03-26,Barnstable,Massachusetts,25001,34809,573.0,212990.0
2022-03-27,Barnstable,Massachusetts,25001,34809,573.0,212990.0
2022-03-28,Barnstable,Massachusetts,25001,34822,573.0,212990.0
2022-03-29,Barnstable,Massachusetts,25001,34853,573.0,212990.0
2022-03-30,Barnstable,Massachusetts,25001,34879,573.0,212990.0
2022-03-31,Barnstable,Massachusetts,25001,34895,573.0,212990.0
2022-04-01,Barnstable,Massachusetts,25001,34907,573.0,212990.0
2022-04-02,Barnstable,Massachusetts,25001,34907,573.0,212990.0
2022-04-03,Barnstable,Massachusetts,25001,34907,573.0,212990.0
2022-04-04,Barnstable,Massachusetts,25001,34940,575.0,212990.0
2022-04-05,Barnstable,Massachusetts,25001,34989,577.0,212990.0
2022-04-06,Barnstable,Massachusetts,25001,35000,575.0,212990.0
2022-04-07,Barnstable,Massachusetts,25001,35043,576.0,212990.0
2022-04-08,Barnstable,Massachusetts,25001,35071,576.0,212990.0
2022-04-09,Barnstable,Massachusetts,25001,35071,576.0,212990.0
2022-04-10,Barnstable,Massachusetts,25001,35071,576.0,212990.0
2022-04-11,Barnstable,Massachusetts,25001,35119,576.0,212990.0
2022-04-12,Barnstable,Massachusetts,25001,35201,576.0,212990.0
2022-04-13,Barnstable,Massachusetts,25001,35219,576.0,212990.0
2022-04-14,Barnstable,Massachusetts,25001,35327,576.0,212990.0
2022-04-15,Barnstable,Massachusetts,25001,35384,576.0,212990.0
2022-04-16,Barnstable,Massachusetts,25001,35384,576.0,212990.0
2022-04-17,Barnstable,Massachusetts,25001,35384,576.0,212990.0
2022-04-18,Barnstable,Massachusetts,25001,35384,576.0,212990.0
2022-04-19,Barnstable,Massachusetts,25001,35579,577.0,212990.0
2022-04-20,Barnstable,Massachusetts,25001,35616,577.0,212990.0
2022-04-21,Barnstable,Massachusetts,25001,35659,578.0,212990.0
2022-04-22,Barnstable,Massachusetts,25001,35739,578.0,212990.0
2022-04-23,Barnstable,Massachusetts,25001,35739,578.0,212990.0
2022-04-24,Barnstable,Massachusetts,25001,35739,578.0,212990.0
2022-04-25,Barnstable,Massachusetts,25001,35854,578.0,212990.0
2022-04-26,Barnstable,Massachusetts,25001,35965,578.0,212990.0
2022-04-27,Barnstable,Massachusetts,25001,36050,578.0,212990.0
2022-04-28,Barnstable,Massachusetts,25001,36151,579.0,212990.0
2022-04-29,Barnstable,Massachusetts,25001,36200,579.0,212990.0
2022-04-30,Barnstable,Massachusetts,25001,36200,579.0,212990.0
2021-12-01,Berrien,Michigan,26021,22010,349.0,153401.0
2021-12-02,Berrien,Michigan,26021,22010,349.0,153401.0
2021-12-03,Berrien,Michigan,26021,22413,351.0,153401.0
2021-12-04,Berrien,Michigan,26021,22413,351.0,153401.0
2021-12-05,Berrien,Michigan,26021,22413,351.0,153401.0
2021-12-06,Berrien,Michigan,26021,22714,352.0,153401.0
2021-12-07,Berrien,Michigan,26021,22714,352.0,153401.0
2021-12-08,Berrien,Michigan,26021,23033,354.0,153401.0
2021-12-09,Berrien,Michigan,26021,23033,354.0,153401.0
2021-12-10,Berrien,Michigan,26021,23250,359.0,153401.0
2021-12-11,Berrien,Michigan,26021,23250,359.0,153401.0
2021-12-12,Berrien,Michigan,26021,23250,359.0,153401.0
2021-12-13,Berrien,Michigan,26021,23566,360.0,153401.0
2021-12-14,Berrien,Michigan,26021,23566,360.0,153401.0
2021-12-15,Berrien,Michigan,26021,23840,365.0,153401.0
2021-12-16,Berrien,Michigan,26021,23840,365.0,153401.0
2021-12-17,Berrien,Michigan,26021,24157,372.0,153401.0
2021-12-18,Berrien,Michigan,26021,24157,372.0,153401.0
2021-12-19,Berrien,Michigan,26021,24157,372.0,153401.0
2021-12-20,Berrien,Michigan,26021,24425,374.0,153401.0
2021-12-21,Berrien,Michigan,26021,24425,374.0,153401.0
2021-12-22,Berrien,Michigan,26021,24685,385.0,153401.0
2021-12-23,Berrien,Michigan,26021,24685,385.0,153401.0
2021-12-24,Berrien,Michigan,26021,24685,385.0,153401.0
2021-12-25,Berrien,Michigan,26021,24685,385.0,153401.0
2021-12-26,Berrien,Michigan,26021,24685,385.0,153401.0
2021-12-27,Berrien,Michigan,26021,25082,389.0,153401.0
2021-12-28,Berrien,Michigan,26021,25082,389.0,153401.0
2021-12-29,Berrien,Michigan,26021,25487,396.0,153401.0
2021-12-30,Berrien,Michigan,26021,25487,396.0,153401.0
2021-12-31,Berrien,Michigan,26021,25487,396.0,153401.0
2022-01-01,Berrien,Michigan,26021,25487,396.0,153401.0
2022-01-02,Berrien,Michigan,26021,25487,396.0,153401.0
2022-01-03,Berrien,Michigan,26021,26240,405.0,153401.0
2022-01-04,Berrien,Michigan,26021,26240,405.0,153401.0
2022-01-05,Berrien,Michigan,26021,26747,415.0,153401.0
2022-01-06,Berrien,Michigan,26021,26747,415.0,153401.0
2022-01-07,Berrien,Michigan,26021,27323,418.0,153401.0
2022-01-08,Berrien,Michigan,26021,27323,418.0,153401.0
2022-01-09,Berrien,Michigan,26021,27323,418.0,153401.0
2022-01-10,Berrien,Michigan,26021,27975,418.0,153401.0
2022-01-11,Berrien,Michigan,26021,27975,418.0,153401.0
2022-01-12,Berrien,Michigan,26021,28681,428.0,153401.0
2022-01-13,Berrien,Michigan,26021,28681,428.0,153401.0
2022-01-14,Berrien,Michigan,26021,29149,432.0,153401.0
2022-01-15,Berrien,Michigan,26021,29149,432.0,153401.0
2022-01-16,Berrien,Michigan,26021,29149,432.0,153401.0
2022-01-17,Berrien,Michigan,26021,29149,432.0,153401.0
2022-01-18,Berrien,Michigan,26021,29149,432.0,153401.0
2022-01-19,Berrien,Michigan,26021,30389,444.0,153401.0
2022-01-20,Berrien,Michigan,26021,30389,444.0,153401.0
2022-01-21,Berrien,Michigan,26021,31021,447.0,153401.0
2022-01-22,Berrien,Michigan,26021,31021,447.0,153401.0
2022-01-23,Berrien,Michigan,26021,31021,447.0,153401.0
2022-01-24,Berrien,Michigan,26021,31588,447.0,153401.0
2022-01-25,Berrien,Michigan,26021,31588,447.0,153401.0
2022-01-26,Berrien,Michigan,26021,32215,463.0,153401.0
2022-01-27,Berrien,Michigan,26021,32215,463.0,153401.0
2022-01-28,Berrien,Michigan,26021,32698,464.0,153401.0
2022-01-29,Berrien,Michigan,26021,32698,464.0,153401.0
2022-01-30,Berrien,Michigan,26021,32698,464.0,153401.0
2022-01-31,Berrien,Michigan,26021,33042,468.0,153401.0
2022-02-01,Berrien,Michigan,26021,33042,468.0,153401.0
2022-02-02,Berrien,Michigan,26021,33538,478.0,153401.0
2022-02-03,Berrien,Michigan,26021,33538,478.0,153401.0
2022-02-04,Berrien,Michigan,26021,33672,481.0,153401.0
2022-02-05,Berrien,Michigan,26021,33672,481.0,153401.0
2022-02-06,Berrien,Michigan,26021,33672,481.0,153401.0
2022-02-07,Berrien,Michigan,26021,33794,481.0,153401.0
2022-02-08,Berrien,Michigan,26021,33794,481.0,153401.0
2022-02-09,Berrien,Michigan,26021,33963,494.0,153401.0
2022-02-10,Berrien,Michigan,26021,33963,494.0,153401.0
2022-02-11,Berrien,Michigan,26021,34072,498.0,153401.0
2022-02-12,Berrien,Michigan,26021,34072,498.0,153401.0
2022-02-13,Berrien,Michigan,26021,34072,498.0,153401.0
2022-02-14,Berrien,Michigan,26021,34146,498.0,153401.0
2022-02-15,Berrien,Michigan,26021,34146,498.0,153401.0
2022-02-16,Berrien,Michigan,26021,34197,509.0,153401.0
2022-02-17,Berrien,Michigan,26021,34197,509.0,153401.0
2022-02-18,Berrien,Michigan,26021,34197,509.0,153401.0
2022-02-19,Berrien,Michigan,26021,34197,509.0,153401.0
2022-02-20,Berrien,Michigan,26021,34245,513.0,153401.0
2022-02-21,Berrien,Michigan,26021,34245,513.0,153401.0
2022-02-22,Berrien,Michigan,26021,34245,513.0,153401.0
2022-02-23,Berrien,Michigan,26021,34314,517.0,153401.0
2022-02-24,Berrien,Michigan,26021,34314,517.0,153401.0
2022-02-25,Berrien,Michigan,26021,34354,521.0,153401.0
2022-02-26,Berrien,Michigan,26021,34354,521.0,153401.0
2022-02-27,Berrien,Michigan,26021,34354,521.0,153401.0
2022-02-28,Berrien,Michigan,26021,34368,521.0,153401.0
2022-03-01,Berrien,Michigan,26021,34368,521.0,153401.0
2022-03-02,Berrien,Michigan,26021,34393,528.0,153401.0
2022-03-03,Berrien,Michigan,26021,34393,528.0,153401.0
2022-03-04,Berrien,Michigan,26021,34411,529.0,153401.0
2022-03-05,Berrien,Michigan,26021,34411,529.0,153401.0
2022-03-06,Berrien,Michigan,26021,34411,529.0,153401.0
2022-03-07,Berrien,Michigan,26021,34441,529.0,153401.0
2022-03-08,Berrien,Michigan,26021,34441,529.0,153401.0
2022-03-09,Berrien,Michigan,26021,34461,534.0,153401.0
2022-03-10,Berrien,Michigan,26021,34461,534.0,153401.0
2022-03-11,Berrien,Michigan,26021,34476,535.0,153401.0
2022-03-12,Berrien,Michigan,26021,34476,535.0,153401.0
2022-03-13,Berrien,Michigan,26021,34476,535.0,153401.0
2022-03-14,Berrien,Michigan,26021,34497,536.0,153401.0
2022-03-15,Berrien,Michigan,26021,34497,536.0,153401.0
2022-03-16,Berrien,Michigan,26021,34517,538.0,153401.0
2022-03-17,Berrien,Michigan,26021,34517,538.0,153401.0
2022-03-18,Berrien,Michigan,26021,34541,539.0,153401.0
2022-03-19,Berrien,Michigan,26021,34541,539.0,153401.0
2022-03-20,Berrien,Michigan,26021,34541,539.0,153401.0
2022-03-21,Berrien,Michigan,26021,34564,539.0,153401.0
2022-03-22,Berrien,Michigan,26021,34564,539.0,153401.0
2022-03-23,Berrien,Michigan,26021,34571,542.0,153401.0
2022-03-24,Berrien,Michigan,26021,34571,542.0,153401.0
2022-03-25,Berrien,Michigan,26021,34584,543.0,153401.0
2022-03-26,Berrien,Michigan,26021,34584,543.0,153401.0
2022-03-27,Berrien,Michigan,26021,34584,543.0,153401.0
2022-03-28,Berrien,Michigan,26021,34589,543.0,153401.0
2022-03-29,Berrien,Michigan,26021,34589,543.0,153401.0
2022-03-30,Berrien,Michigan,26021,34611,548.0,153401.0
2022-03-31,Berrien,Michigan,26021,34611,548.0,153401.0
2022-04-01,Berrien,Michigan,26021,34640,548.0,153401.0
2022-04-02,Berrien,Michigan,26021,34640,548.0,153401.0
2022-04-03,Berrien,Michigan,26021,34640,548.0,153401.0
2022-04-04,Berrien,Michigan,26021,34640,548.0,153401.0
2022-04-05,Berrien,Michigan,26021,34640,548.0,153401.0
2022-04-06,Berrien,Michigan,26021,34682,549.0,153401.0
2022-04-07,Berrien,Michigan,26021,34682,549.0,153401.0
2022-04-08,Berrien,Michigan,26021,34682,549.0,153401.0
2022-04-09,Berrien,Michigan,26021,34682,549.0,153401.0
2022-04-10,Berrien,Michigan,26021,34682,549.0,153401.0
2022-04-11,Berrien,Michigan,26021,34682,549.0,153401.0
2022-04-12,Berrien,Michigan,26021,34682,549.0,153401.0
2022-04-13,Berrien,Michigan,26021,34761,550.0,153401.0
2022-04-14,Berrien,Michigan,26021,34761,550.0,153401.0
2022-04-15,Berrien,Michigan,26021,34761,550.0,153401.0
2022-04-16,Berrien,Michigan,26021,34761,550.0,153401.0
2022-04-17,Berrien,Michigan,26021,34761,550.0,153401.0
2022-04-18,Berrien,Michigan,26021,34761,550.0,153401.0
2022-04-19,Berrien,Michigan,26021,34761,550.0,153401.0
2022-04-20,Berrien,Michigan,26021,34849,551.0,153401.0
2022-04-21,Berrien,Michigan,26021,34849,551.0,153401.0
2022-04-22,Berrien,Michigan,26021,34849,551.0,153401.0
2022-04-23,Berrien,Michigan,26021,34849,551.0,153401.0
2022-04-24,Berrien,Michigan,26021,34849,551.0,153401.0
2022-04-25,Berrien,Michigan,26021,34849,551.0,153401.0
2022-04-26,Berrien,Michigan,26021,34849,551.0,153401.0
2022-04-27,Berrien,Michigan,26021,34962,555.0,153401.0
2022-04-28,Berrien,Michigan,26021,34962,555.0,153401.0
2022-04-29,Berrien,Michigan,26021,34962,555.0,153401.0
2022-04-30,Berrien,Michigan,26021,34962,555.0,153401.0
2021-12-01,Houghton,Michigan,26061,5264,61.0,35684.0
2021-12-02,Houghton,Michigan,26061,5264,61.0,35684.0
2021-12-03,Houghton,Michigan,26061,5342,61.0,35684.0
2021-12-04,Houghton,Michigan,26061,5342,61.0,35684.0
2021-12-05,Houghton,Michigan,26061,5342,61.0,35684.0
2021-12-06,Houghton,Michigan,26061,5388,61.0,35684.0
2021-12-07,Houghton,Michigan,26061,5388,61.0,35684.0
2021-12-08,Houghton,Michigan,26061,5432,62.0,35684.0
2021-12-09,Houghton,Michigan,26061,5432,62.0,35684.0
2021-12-10,Houghton,Michigan,26061,5454,63.0,35684.0
2021-12-11,Houghton,Michigan,26061,5454,63.0,35684.0
2021-12-12,Houghton,Michigan,26061,5454,63.0,35684.0
2021-12-13,Houghton,Michigan,26061,5503,63.0,35684.0
2021-12-14,Houghton,Michigan,26061,5503,63.0,35684.0
2021-12-15,Houghton,Michigan,26061,5542,65.0,35684.0
2021-12-16,Houghton,Michigan,26061,5542,65.0,35684.0
2021-12-17,Houghton,Michigan,26061,5567,66.0,35684.0
2021-12-18,Houghton,Michigan,26061,5567,66.0,35684.0
2021-12-19,Houghton,Michigan,26061,5567,66.0,35684.0
2021-12-20,Houghton,Michigan,26061,5582,66.0,35684.0
2021-12-21,Houghton,Michigan,26061,5582,66.0,35684.0
2021-12-22,Houghton,Michigan,26061,5610,71.0,35684.0
2021-12-23,Houghton,Michigan,26061,5610,71.0,35684.0
2021-12-24,Houghton,Michigan,26061,5610,71.0,35684.0
2021-12-25,Houghton,Michigan,26061,5610,71.0,35684.0
2021-12-26,Houghton,Michigan,26061,5610,71.0,35684.0
2021-12-27,Houghton,Michigan,26061,5645,72.0,35684.0
2021-12-28,Houghton,Michigan,26061,5645,72.0,35684.0
2021-12-29,Houghton,Michigan,26061,5668,73.0,35684.0
2021-12-30,Houghton,Michigan,26061,5668,73.0,35684.0
2021-12-31,Houghton,Michigan,26061,5668,73.0,35684.0
2022-01-01,Houghton,Michigan,26061,5668,73.0,35684.0
2022-01-02,Houghton,Michigan,26061,5668,73.0,35684.0
2022-01-03,Houghton,Michigan,26061,5730,74.0,35684.0
2022-01-04,Houghton,Michigan,26061,5730,74.0,35684.0
2022-01-05,Houghton,Michigan,26061,5811,74.0,35684.0
2022-01-06,Houghton,Michigan,26061,5811,74.0,35684.0
2022-01-07,Houghton,Michigan,26061,5894,76.0,35684.0
2022-01-08,Houghton,Michigan,26061,5894,76.0,35684.0
2022-01-09,Houghton,Michigan,26061,5894,76.0,35684.0
2022-01-10,Houghton,Michigan,26061,6030,76.0,35684.0
2022-01-11,Houghton,Michigan,26061,6030,76.0,35684.0
2022-01-12,Houghton,Michigan,26061,6132,77.0,35684.0
2022-01-13,Houghton,Michigan,26061,6132,77.0,35684.0
2022-01-14,Houghton,Michigan,26061,6392,77.0,35684.0
2022-01-15,Houghton,Michigan,26061,6392,77.0,35684.0
2022-01-16,Houghton,Michigan,26061,6392,77.0,35684.0
2022-01-17,Houghton,Michigan,26061,6392,77.0,35684.0
2022-01-18,Houghton,Michigan,26061,6392,77.0,35684.0
2022-01-19,Houghton,Michigan,26061,6741,81.0,35684.0
2022-01-20,Houghton,Michigan,26061,6741,81.0,35684.0
2022-01-21,Houghton,Michigan,26061,6922,82.0,35684.0
2022-01-22,Houghton,Michigan,26061,6922,82.0,35684.0
2022-01-23,Houghton,Michigan,26061,6922,82.0,35684.0
2022-01-24,Houghton,Michigan,26061,7093,82.0,35684.0
2022-01-25,Houghton,Michigan,26061,7093,82.0,35684.0
2022-01-26,Houghton,Michigan,26061,7254,82.0,35684.0
2022-01-27,Houghton,Michigan,26061,7254,82.0,35684.0
2022-01-28,Houghton,Michigan,26061,7367,82.0,35684.0
2022-01-29,Houghton,Michigan,26061,7367,82.0,35684.0
2022-01-30,Houghton,Michigan,26061,7367,82.0,35684.0
2022-01-31,Houghton,Michigan,26061,7407,82.0,35684.0
2022-02-01,Houghton,Michigan,26061,7407,82.0,35684.0
2022-02-02,Houghton,Michigan,26061,7469,83.0,35684.0
2022-02-03,Houghton,Michigan,26061,7469,83.0,35684.0
2022-02-04,Houghton,Michigan,26061,7509,84.0,35684.0
2022-02-05,Houghton,Michigan,26061,7509,84.0,35684.0
2022-02-06,Houghton,Michigan,26061,7509,84.0,35684.0
2022-02-07,Houghton,Michigan,26061,7542,84.0,35684.0
2022-02-08,Houghton,Michigan,26061,7542,84.0,35684.0
2022-02-09,Houghton,Michigan,26061,7575,85.0,35684.0
2022-02-10,Houghton,Michigan,26061,7575,85.0,35684.0
2022-02-11,Houghton,Michigan,26061,7592,87.0,35684.0
2022-02-12,Houghton,Michigan,26061,7592,87.0,35684.0
2022-02-13,Houghton,Michigan,26061,7592,87.0,35684.0
2022-02-14,Houghton,Michigan,26061,7600,88.0,35684.0
2022-02-15,Houghton,Michigan,26061,7600,88.0,35684.0
2022-02-16,Houghton,Michigan,26061,7630,88.0,35684.0
2022-02-17,Houghton,Michigan,26061,7630,88.0,35684.0
2022-02-18,Houghton,Michigan,26061,7630,88.0,35684.0
2022-02-19,Houghton,Michigan,26061,7630,88.0,35684.0
2022-02-20,Houghton,Michigan,26061,7655,88.0,35684.0
2022-02-21,Houghton,Michigan,26061,7655,88.0,35684.0
2022-02-22,Houghton,Michigan,26061,7655,88.0,35684.0
2022-02-23,Houghton,Michigan,26061,7670,88.0,35684.0
2022-02-24,Houghton,Michigan,26061,7670,88.0,35684.0
2022-02-25,Houghton,Michigan,26061,7684,88.0,35684.0
2022-02-26,Houghton,Michigan,26061,7684,88.0,35684.0
2022-02-27,Houghton,Michigan,26061,7684,88.0,35684.0
2022-02-28,Houghton,Michigan,26061,7694,88.0,35684.0
2022-03-01,Houghton,Michigan,26061,7694,88.0,35684.0
2022-03-02,Houghton,Michigan,26061,7698,89.0,35684.0
2022-03-03,Houghton,Michigan,26061,7698,89.0,35684.0
2022-03-04,Houghton,Michigan,26061,7702,89.0,35684.0
2022-03-05,Houghton,Michigan,26061,7702,89.0,35684.0
2022-03-06,Houghton,Michigan,26061,7702,89.0,35684.0
2022-03-07,Houghton,Michigan,26061,7705,89.0,35684.0
2022-03-08,Houghton,Michigan,26061,7705,89.0,35684.0
2022-03-09,Houghton,Michigan,26061,7714,89.0,35684.0
2022-03-10,Houghton,Michigan,26061,7714,89.0,35684.0
2022-03-11,Houghton,Michigan,26061,7725,89.0,35684.0
2022-03-12,Houghton,Michigan,26061,7725,89.0,35684.0
2022-03-13,Houghton,Michigan,26061,7725,89.0,35684.0
2022-03-14,Houghton,Michigan,26061,7730,89.0,35684.0
2022-03-15,Houghton,Michigan,26061,7730,89.0,35684.0
2022-03-16,Houghton,Michigan,26061,7742,89.0,35684.0
2022-03-17,Houghton,Michigan,26061,7742,89.0,35684.0
2022-03-18,Houghton,Michigan,26061,7748,89.0,35684.0
2022-03-19,Houghton,Michigan,26061,7748,89.0,35684.0
2022-03-20,Houghton,Michigan,26061,7748,89.0,35684.0
2022-03-21,Houghton,Michigan,26061,7760,89.0,35684.0
2022-03-22,Houghton,Michigan,26061,7760,89.0,35684.0
2022-03-23,Houghton,Michigan,26061,7767,89.0,35684.0
2022-03-24,Houghton,Michigan,26061,7767,89.0,35684.0
2022-03-25,Houghton,Michigan,26061,7782,89.0,35684.0
2022-03-26,Houghton,Michigan,26061,7782,89.0,35684.0
2022-03-27,Houghton,Michigan,26061,7782,89.0,35684.0
2022-03-28,Houghton,Michigan,26061,7785,90.0,35684.0
2022-03-29,Houghton,Michigan,26061,7785,90.0,35684.0
2022-03-30,Houghton,Michigan,26061,7795,90.0,35684.0
2022-03-31,Houghton,Michigan,26061,7795,90.0,35684.0
2022-04-01,Houghton,Michigan,26061,7792,90.0,35684.0
2022-04-02,Houghton,Michigan,26061,7792,90.0,35684.0
2022-04-03,Houghton,Michigan,26061,7792,90.0,35684.0
2022-04-04,Houghton,Michigan,26061,7792,90.0,35684.0
2022-04-05,Houghton,Michigan,26061,7792,90.0,35684.0
2022-04-06,Houghton,Michigan,26061,7796,91.0,35684.0
2022-04-07,Houghton,Michigan,26061,7796,91.0,35684.0
2022-04-08,Houghton,Michigan,26061,7796,91.0,35684.0
2022-04-09,Houghton,Michigan,26061,7796,91.0,35684.0
2022-04-10,Houghton,Michigan,26061,7796,91.0,35684.0
2022-04-11,Houghton,Michigan,26061,7796,91.0,35684.0
2022-04-12,Houghton,Michigan,26061,7796,91.0,35684.0
2022-04-13,Houghton,Michigan,26061,7812,92.0,35684.0
2022-04-14,Houghton,Michigan,26061,7812,92.0,35684.0
2022-04-15,Houghton,Michigan,26061,7812,92.0,35684.0
2022-04-16,Houghton,Michigan,26061,7812,92.0,35684.0
2022-04-17,Houghton,Michigan,26061,7812,92.0,35684.0
2022-04-18,Houghton,Michigan,26061,7812,92.0,35684.0
2022-04-19,Houghton,Michigan,26061,7812,92.0,35684.0
2022-04-20,Houghton,Michigan,26061,7836,92.0,35684.0
2022-04-21,Houghton,Michigan,26061,7836,92.0,35684.0
2022-04-22,Houghton,Michigan,26061,7836,92.0,35684.0
2022-04-23,Houghton,Michigan,26061,7836,92.0,35684.0
2022-04-24,Houghton,Michigan,26061,7836,92.0,35684.0
2022-04-25,Houghton,Michigan,26061,7836,92.0,35684.0
2022-04-26,Houghton,Michigan,26061,7836,92.0,35684.0
2022-04-27,Houghton,Michigan,26061,7867,92.0,35684.0
2022-04-28,Houghton,Michigan,26061,7867,92.0,35684.0
2022-04-29,Houghton,Michigan,26061,7867,92.0,35684.0
2022-04-30,Houghton,Michigan,26061,7867,92.0,35684.0
2021-12-01,Ingham,Michigan,26065,36933,509.0,292406.0
2021-12-02,Ingham,Michigan,26065,36933,509.0,292406.0
2021-12-03,Ingham,Michigan,26065,37505,514.0,292406.0
2021-12-04,Ingham,Michigan,26065,37505,514.0,292406.0
2021-12-05,Ingham,Michigan,26065,37505,514.0,292406.0
2021-12-06,Ingham,Michigan,26065,37967,516.0,292406.0
2021-12-07,Ingham,Michigan,26065,37967,516.0,292406.0
2021-12-08,Ingham,Michigan,26065,38405,527.0,292406.0
2021-12-09,Ingham,Michigan,26065,38405,527.0,292406.0
2021-12-10,Ingham,Michigan,26065,38696,536.0,292406.0
2021-12-11,Ingham,Michigan,26065,38696,536.0,292406.0
2021-12-12,Ingham,Michigan,26065,38696,536.0,292406.0
2021-12-13,Ingham,Michigan,26065,39111,544.0,292406.0
2021-12-14,Ingham,Michigan,26065,39111,544.0,292406.0
2021-12-15,Ingham,Michigan,26065,39510,551.0,292406.0
2021-12-16,Ingham,Michigan,26065,39510,551.0,292406.0
2021-12-17,Ingham,Michigan,26065,39905,556.0,292406.0
2021-12-18,Ingham,Michigan,26065,39905,556.0,292406.0
2021-12-19,Ingham,Michigan,26065,39905,556.0,292406.0
2021-12-20,Ingham,Michigan,26065,40252,559.0,292406.0
2021-12-21,Ingham,Michigan,26065,40252,559.0,292406.0
2021-12-22,Ingham,Michigan,26065,40673,568.0,292406.0
2021-12-23,Ingham,Michigan,26065,40673,568.0,292406.0
2021-12-24,Ingham,Michigan,26065,40673,568.0,292406.0
2021-12-25,Ingham,Michigan,26065,40673,568.0,292406.0
2021-12-26,Ingham,Michigan,26065,40673,568.0,292406.0
2021-12-27,Ingham,Michigan,26065,41392,577.0,292406.0
2021-12-28,Ingham,Michigan,26065,41392,577.0,292406.0
2021-12-29,Ingham,Michigan,26065,42204,581.0,292406.0
2021-12-30,Ingham,Michigan,26065,42204,581.0,292406.0
2021-12-31,Ingham,Michigan,26065,42204,581.0,292406.0
2022-01-01,Ingham,Michigan,26065,42204,581.0,292406.0
2022-01-02,Ingham,Michigan,26065,42204,581.0,292406.0
2022-01-03,Ingham,Michigan,26065,43679,592.0,292406.0
2022-01-04,Ingham,Michigan,26065,43679,592.0,292406.0
2022-01-05,Ingham,Michigan,26065,44946,599.0,292406.0
2022-01-06,Ingham,Michigan,26065,44946,599.0,292406.0
2022-01-07,Ingham,Michigan,26065,46240,603.0,292406.0
2022-01-08,Ingham,Michigan,26065,46240,603.0,292406.0
2022-01-09,Ingham,Michigan,26065,46240,603.0,292406.0
2022-01-10,Ingham,Michigan,26065,47947,604.0,292406.0
2022-01-11,Ingham,Michigan,26065,47947,604.0,292406.0
2022-01-12,Ingham,Michigan,26065,49440,612.0,292406.0
2022-01-13,Ingham,Michigan,26065,49440,612.0,292406.0
2022-01-14,Ingham,Michigan,26065,50641,625.0,292406.0
2022-01-15,Ingham,Michigan,26065,50641,625.0,292406.0
2022-01-16,Ingham,Michigan,26065,50641,625.0,292406.0
2022-01-17,Ingham,Michigan,26065,50641,625.0,292406.0
2022-01-18,Ingham,Michigan,26065,50641,625.0,292406.0
2022-01-19,Ingham,Michigan,26065,53823,639.0,292406.0
2022-01-20,Ingham,Michigan,26065,53823,639.0,292406.0
2022-01-21,Ingham,Michigan,26065,55399,646.0,292406.0
2022-01-22,Ingham,Michigan,26065,55399,646.0,292406.0
2022-01-23,Ingham,Michigan,26065,55399,646.0,292406.0
2022-01-24,Ingham,Michigan,26065,57398,649.0,292406.0
2022-01-25,Ingham,Michigan,26065,57398,649.0,292406.0
2022-01-26,Ingham,Michigan,26065,58715,663.0,292406.0
2022-01-27,Ingham,Michigan,26065,58715,663.0,292406.0
2022-01-28,Ingham,Michigan,26065,59438,666.0,292406.0
2022-01-29,Ingham,Michigan,26065,59438,666.0,292406.0
2022-01-30,Ingham,Michigan,26065,59438,666.0,292406.0
2022-01-31,Ingham,Michigan,26065,59942,670.0,292406.0
2022-02-01,Ingham,Michigan,26065,59942,670.0,292406.0
2022-02-02,Ingham,Michigan,26065,60807,678.0,292406.0
2022-02-03,Ingham,Michigan,26065,60807,678.0,292406.0
2022-02-04,Ingham,Michigan,26065,61111,684.0,292406.0
2022-02-05,Ingham,Michigan,26065,61111,684.0,292406.0
2022-02-06,Ingham,Michigan,26065,61111,684.0,292406.0
2022-02-07,Ingham,Michigan,26065,61404,685.0,292406.0
2022-02-08,Ingham,Michigan,26065,61404,685.0,292406.0
2022-02-09,Ingham,Michigan,26065,61732,688.0,292406.0
2022-02-10,Ingham,Michigan,26065,61732,688.0,292406.0
2022-02-11,Ingham,Michigan,26065,61993,690.0,292406.0
2022-02-12,Ingham,Michigan,26065,61993,690.0,292406.0
2022-02-13,Ingham,Michigan,26065,61993,690.0,292406.0
2022-02-14,Ingham,Michigan,26065,62181,693.0,292406.0
2022-02-15,Ingham,Michigan,26065,62181,693.0,292406.0
2022-02-16,Ingham,Michigan,26065,62394,701.0,292406.0
2022-02-17,Ingham,Michigan,26065,62394,701.0,292406.0
2022-02-18,Ingham,Michigan,26065,62394,701.0,292406.0
2022-02-19,Ingham,Michigan,26065,62394,701.0,292406.0
2022-02-20,Ingham,Michigan,26065,62535,707.0,292406.0
2022-02-21,Ingham,Michigan,26065,62535,707.0,292406.0
2022-02-22,Ingham,Michigan,26065,62535,707.0,292406.0
2022-02-23,Ingham,Michigan,26065,62755,716.0,292406.0
2022-02-24,Ingham,Michigan,26065,62755,716.0,292406.0
2022-02-25,Ingham,Michigan,26065,62979,719.0,292406.0
2022-02-26,Ingham,Michigan,26065,62979,719.0,292406.0
2022-02-27,Ingham,Michigan,26065,62979,719.0,292406.0
2022-02-28,Ingham,Michigan,26065,63083,721.0,292406.0
2022-03-01,Ingham,Michigan,26065,63083,721.0,292406.0
2022-03-02,Ingham,Michigan,26065,63156,730.0,292406.0
2022-03-03,Ingham,Michigan,26065,63156,730.0,292406.0
2022-03-04,Ingham,Michigan,26065,63236,734.0,292406.0
2022-03-05,Ingham,Michigan,26065,63236,734.0,292406.0
2022-03-06,Ingham,Michigan,26065,63236,734.0,292406.0
2022-03-07,Ingham,Michigan,26065,63288,734.0,292406.0
2022-03-08,Ingham,Michigan,26065,63288,734.0,292406.0
2022-03-09,Ingham,Michigan,26065,63339,744.0,292406.0
2022-03-10,Ingham,Michigan,26065,63339,744.0,292406.0
2022-03-11,Ingham,Michigan,26065,63384,745.0,292406.0
2022-03-12,Ingham,Michigan,26065,63384,745.0,292406.0
2022-03-13,Ingham,Michigan,26065,63384,745.0,292406.0
2022-03-14,Ingham,Michigan,26065,63429,745.0,292406.0
2022-03-15,Ingham,Michigan,26065,63429,745.0,292406.0
2022-03-16,Ingham,Michigan,26065,63484,750.0,292406.0
2022-03-17,Ingham,Michigan,26065,63484,750.0,292406.0
2022-03-18,Ingham,Michigan,26065,63555,750.0,292406.0
2022-03-19,Ingham,Michigan,26065,63555,750.0,292406.0
2022-03-20,Ingham,Michigan,26065,63555,750.0,292406.0
2022-03-21,Ingham,Michigan,26065,63618,750.0,292406.0
2022-03-22,Ingham,Michigan,26065,63618,750.0,292406.0
2022-03-23,Ingham,Michigan,26065,63672,754.0,292406.0
2022-03-24,Ingham,Michigan,26065,63672,754.0,292406.0
2022-03-25,Ingham,Michigan,26065,63718,753.0,292406.0
2022-03-26,Ingham,Michigan,26065,63718,753.0,292406.0
2022-03-27,Ingham,Michigan,26065,63718,753.0,292406.0
2022-03-28,Ingham,Michigan,26065,63766,754.0,292406.0
2022-03-29,Ingham,Michigan,26065,63766,754.0,292406.0
2022-03-30,Ingham,Michigan,26065,63827,755.0,292406.0
2022-03-31,Ingham,Michigan,26065,63827,755.0,292406.0
2022-04-01,Ingham,Michigan,26065,63884,757.0,292406.0
2022-04-02,Ingham,Michigan,26065,63884,757.0,292406.0
2022-04-03,Ingham,Michigan,26065,63884,757.0,292406.0
2022-04-04,Ingham,Michigan,26065,63884,757.0,292406.0
2022-04-05,Ingham,Michigan,26065,63884,757.0,292406.0
2022-04-06,Ingham,Michigan,26065,63972,760.0,292406.0
2022-04-07,Ingham,Michigan,26065,63972,760.0,292406.0
2022-04-08,Ingham,Michigan,26065,63972,760.0,292406.0
2022-04-09,Ingham,Michigan,26065,63972,760.0,292406.0
2022-04-10,Ingham,Michigan,26065,63972,760.0,292406.0
2022-04-11,Ingham,Michigan,26065,63972,760.0,292406.0
2022-04-12,Ingham,Michigan,26065,63972,760.0,292406.0
2022-04-13,Ingham,Michigan,26065,64167,760.0,292406.0
2022-04-14,Ingham,Michigan,26065,64167,760.0,292406.0
2022-04-15,Ingham,Michigan,26065,64167,760.0,292406.0
2022-04-16,Ingham,Michigan,26065,64167,760.0,292406.0
2022-04-17,Ingham,Michigan,26065,64167,760.0,292406.0
2022-04-18,Ingham,Michigan,26065,64167,760.0,292406.0
2022-04-19,Ingham,Michigan,26065,64167,760.0,292406.0
2022-04-20,Ingham,Michigan,26065,64433,764.0,292406.0
2022-04-21,Ingham,Michigan,26065,64433,764.0,292406.0
2022-04-22,Ingham,Michigan,26065,64433,764.0,292406.0
2022-04-23,Ingham,Michigan,26065,64433,764.0,292406.0
2022-04-24,Ingham,Michigan,26065,64433,764.0,292406.0
2022-04-25,Ingham,Michigan,26065,64433,764.0,292406.0
2022-04-26,Ingham,Michigan,26065,64433,764.0,292406.0
2022-04-27,Ingham,Michigan,26065,64895,765.0,292406.0
2022-04-28,Ingham,Michigan,26065,64895,765.0,292406.0
2022-04-29,Ingham,Michigan,26065,64895,765.0,292406.0
2022-04-30,Ingham,Michigan,26065,64895,765.0,292406.0
2021-12-01,Isabella,Michigan,26073,10443,143.0,69872.0
2021-12-02,Isabella,Michigan,26073,10443,143.0,69872.0
2021-12-03,Isabella,Michigan,26073,10559,143.0,69872.0
2021-12-04,Isabella,Michigan,26073,10559,143.0,69872.0
2021-12-05,Isabella,Michigan,26073,10559,143.0,69872.0
2021-12-06,Isabella,Michigan,26073,10632,143.0,69872.0
2021-12-07,Isabella,Michigan,26073,10632,143.0,69872.0
2021-12-08,Isabella,Michigan,26073,10712,145.0,69872.0
2021-12-09,Isabella,Michigan,26073,10712,145.0,69872.0
2021-12-10,Isabella,Michigan,26073,10763,149.0,69872.0
2021-12-11,Isabella,Michigan,26073,10763,149.0,69872.0
2021-12-12,Isabella,Michigan,26073,10763,149.0,69872.0
2021-12-13,Isabella,Michigan,26073,10881,150.0,69872.0
2021-12-14,Isabella,Michigan,26073,10881,150.0,69872.0
2021-12-15,Isabella,Michigan,26073,10944,150.0,69872.0
2021-12-16,Isabella,Michigan,26073,10944,150.0,69872.0
2021-12-17,Isabella,Michigan,26073,11023,155.0,69872.0
2021-12-18,Isabella,Michigan,26073,11023,155.0,69872.0
2021-12-19,Isabella,Michigan,26073,11023,155.0,69872.0
2021-12-20,Isabella,Michigan,26073,11093,156.0,69872.0
2021-12-21,Isabella,Michigan,26073,11093,156.0,69872.0
2021-12-22,Isabella,Michigan,26073,11175,159.0,69872.0
2021-12-23,Isabella,Michigan,26073,11175,159.0,69872.0
2021-12-24,Isabella,Michigan,26073,11175,159.0,69872.0
2021-12-25,Isabella,Michigan,26073,11175,159.0,69872.0
2021-12-26,Isabella,Michigan,26073,11175,159.0,69872.0
2021-12-27,Isabella,Michigan,26073,11315,160.0,69872.0
2021-12-28,Isabella,Michigan,26073,11315,160.0,69872.0
2021-12-29,Isabella,Michigan,26073,11410,161.0,69872.0
2021-12-30,Isabella,Michigan,26073,11410,161.0,69872.0
2021-12-31,Isabella,Michigan,26073,11410,161.0,69872.0
2022-01-01,Isabella,Michigan,26073,11410,161.0,69872.0
2022-01-02,Isabella,Michigan,26073,11410,161.0,69872.0
2022-01-03,Isabella,Michigan,26073,11659,162.0,69872.0
2022-01-04,Isabella,Michigan,26073,11659,162.0,69872.0
2022-01-05,Isabella,Michigan,26073,11816,167.0,69872.0
2022-01-06,Isabella,Michigan,26073,11816,167.0,69872.0
2022-01-07,Isabella,Michigan,26073,12069,167.0,69872.0
2022-01-08,Isabella,Michigan,26073,12069,167.0,69872.0
2022-01-09,Isabella,Michigan,26073,12069,167.0,69872.0
2022-01-10,Isabella,Michigan,26073,12337,168.0,69872.0
2022-01-11,Isabella,Michigan,26073,12337,168.0,69872.0
2022-01-12,Isabella,Michigan,26073,12554,171.0,69872.0
2022-01-13,Isabella,Michigan,26073,12554,171.0,69872.0
2022-01-14,Isabella,Michigan,26073,12795,174.0,69872.0
2022-01-15,Isabella,Michigan,26073,12795,174.0,69872.0
2022-01-16,Isabella,Michigan,26073,12795,174.0,69872.0
2022-01-17,Isabella,Michigan,26073,12795,174.0,69872.0
2022-01-18,Isabella,Michigan,26073,12795,174.0,69872.0
2022-01-19,Isabella,Michigan,26073,13416,175.0,69872.0
2022-01-20,Isabella,Michigan,26073,13416,175.0,69872.0
2022-01-21,Isabella,Michigan,26073,13690,176.0,69872.0
2022-01-22,Isabella,Michigan,26073,13690,176.0,69872.0
2022-01-23,Isabella,Michigan,26073,13690,176.0,69872.0
2022-01-24,Isabella,Michigan,26073,14064,176.0,69872.0
2022-01-25,Isabella,Michigan,26073,14064,176.0,69872.0
2022-01-26,Isabella,Michigan,26073,14313,180.0,69872.0
2022-01-27,Isabella,Michigan,26073,14313,180.0,69872.0
2022-01-28,Isabella,Michigan,26073,14517,182.0,69872.0
2022-01-29,Isabella,Michigan,26073,14517,182.0,69872.0
2022-01-30,Isabella,Michigan,26073,14517,182.0,69872.0
2022-01-31,Isabella,Michigan,26073,14663,182.0,69872.0
2022-02-01,Isabella,Michigan,26073,14663,182.0,69872.0
2022-02-02,Isabella,Michigan,26073,14840,184.0,69872.0
2022-02-03,Isabella,Michigan,26073,14840,184.0,69872.0
2022-02-04,Isabella,Michigan,26073,14942,185.0,69872.0
2022-02-05,Isabella,Michigan,26073,14942,185.0,69872.0
2022-02-06,Isabella,Michigan,26073,14942,185.0,69872.0
2022-02-07,Isabella,Michigan,26073,15029,185.0,69872.0
2022-02-08,Isabella,Michigan,26073,15029,185.0,69872.0
2022-02-09,Isabella,Michigan,26073,15122,186.0,69872.0
2022-02-10,Isabella,Michigan,26073,15122,186.0,69872.0
2022-02-11,Isabella,Michigan,26073,15185,187.0,69872.0
2022-02-12,Isabella,Michigan,26073,15185,187.0,69872.0
2022-02-13,Isabella,Michigan,26073,15185,187.0,69872.0
2022-02-14,Isabella,Michigan,26073,15238,188.0,69872.0
2022-02-15,Isabella,Michigan,26073,15238,188.0,69872.0
2022-02-16,Isabella,Michigan,26073,15272,191.0,69872.0
2022-02-17,Isabella,Michigan,26073,15272,191.0,69872.0
2022-02-18,Isabella,Michigan,26073,15272,191.0,69872.0
2022-02-19,Isabella,Michigan,26073,15272,191.0,69872.0
2022-02-20,Isabella,Michigan,26073,15316,193.0,69872.0
2022-02-21,Isabella,Michigan,26073,15316,193.0,69872.0
2022-02-22,Isabella,Michigan,26073,15316,193.0,69872.0
2022-02-23,Isabella,Michigan,26073,15393,194.0,69872.0
2022-02-24,Isabella,Michigan,26073,15393,194.0,69872.0
2022-02-25,Isabella,Michigan,26073,15412,194.0,69872.0
2022-02-26,Isabella,Michigan,26073,15412,194.0,69872.0
2022-02-27,Isabella,Michigan,26073,15412,194.0,69872.0
2022-02-28,Isabella,Michigan,26073,15426,194.0,69872.0
2022-03-01,Isabella,Michigan,26073,15426,194.0,69872.0
2022-03-02,Isabella,Michigan,26073,15439,198.0,69872.0
2022-03-03,Isabella,Michigan,26073,15439,198.0,69872.0
2022-03-04,Isabella,Michigan,26073,15450,199.0,69872.0
2022-03-05,Isabella,Michigan,26073,15450,199.0,69872.0
2022-03-06,Isabella,Michigan,26073,15450,199.0,69872.0
2022-03-07,Isabella,Michigan,26073,15454,199.0,69872.0
2022-03-08,Isabella,Michigan,26073,15454,199.0,69872.0
2022-03-09,Isabella,Michigan,26073,15461,199.0,69872.0
2022-03-10,Isabella,Michigan,26073,15461,199.0,69872.0
2022-03-11,Isabella,Michigan,26073,15469,199.0,69872.0
2022-03-12,Isabella,Michigan,26073,15469,199.0,69872.0
2022-03-13,Isabella,Michigan,26073,15469,199.0,69872.0
2022-03-14,Isabella,Michigan,26073,15474,199.0,69872.0
2022-03-15,Isabella,Michigan,26073,15474,199.0,69872.0
2022-03-16,Isabella,Michigan,26073,15479,202.0,69872.0
2022-03-17,Isabella,Michigan,26073,15479,202.0,69872.0
2022-03-18,Isabella,Michigan,26073,15485,203.0,69872.0
2022-03-19,Isabella,Michigan,26073,15485,203.0,69872.0
2022-03-20,Isabella,Michigan,26073,15485,203.0,69872.0
2022-03-21,Isabella,Michigan,26073,15494,203.0,69872.0
2022-03-22,Isabella,Michigan,26073,15494,203.0,69872.0
2022-03-23,Isabella,Michigan,26073,15503,205.0,69872.0
2022-03-24,Isabella,Michigan,26073,15503,205.0,69872.0
2022-03-25,Isabella,Michigan,26073,15506,206.0,69872.0
2022-03-26,Isabella,Michigan,26073,15506,206.0,69872.0
2022-03-27,Isabella,Michigan,26073,15506,206.0,69872.0
2022-03-28,Isabella,Michigan,26073,15510,206.0,69872.0
2022-03-29,Isabella,Michigan,26073,15510,206.0,69872.0
2022-03-30,Isabella,Michigan,26073,15511,207.0,69872.0
2022-03-31,Isabella,Michigan,26073,15511,207.0,69872.0
2022-04-01,Isabella,Michigan,26073,15518,207.0,69872.0
2022-04-02,Isabella,Michigan,26073,15518,207.0,69872.0
2022-04-03,Isabella,Michigan,26073,15518,207.0,69872.0
2022-04-04,Isabella,Michigan,26073,15518,207.0,69872.0
2022-04-05,Isabella,Michigan,26073,15518,207.0,69872.0
2022-04-06,Isabella,Michigan,26073,15533,207.0,69872.0
2022-04-07,Isabella,Michigan,26073,15533,207.0,69872.0
2022-04-08,Isabella,Michigan,26073,15533,207.0,69872.0
2022-04-09,Isabella,Michigan,26073,15533,207.0,69872.0
2022-04-10,Isabella,Michigan,26073,15533,207.0,69872.0
2022-04-11,Isabella,Michigan,26073,15533,207.0,69872.0
2022-04-12,Isabella,Michigan,26073,15533,207.0,69872.0
2022-04-13,Isabella,Michigan,26073,15556,208.0,69872.0
2022-04-14,Isabella,Michigan,26073,15556,208.0,69872.0
2022-04-15,Isabella,Michigan,26073,15556,208.0,69872.0
2022-04-16,Isabella,Michigan,26073,15556,208.0,69872.0
2022-04-17,Isabella,Michigan,26073,15556,208.0,69872.0
2022-04-18,Isabella,Michigan,26073,15556,208.0,69872.0
2022-04-19,Isabella,Michigan,26073,15556,208.0,69872.0
2022-04-20,Isabella,Michigan,26073,15584,208.0,69872.0
2022-04-21,Isabella,Michigan,26073,15584,208.0,69872.0
2022-04-22,Isabella,Michigan,26073,15584,208.0,69872.0
2022-04-23,Isabella,Michigan,26073,15584,208.0,69872.0
2022-04-24,Isabella,Michigan,26073,15584,208.0,69872.0
2022-04-25,Isabella,Michigan,26073,15584,208.0,69872.0
2022-04-26,Isabella,Michigan,26073,15584,208.0,69872.0
2022-04-27,Isabella,Michigan,26073,15632,208.0,69872.0
2022-04-28,Isabella,Michigan,26073,15632,208.0,69872.0
2022-04-29,Isabella,Michigan,26073,15632,208.0,69872.0
2022-04-30,Isabella,Michigan,26073,15632,208.0,69872.0
2021-12-01,Washtenaw,Michigan,26161,39630,356.0,367601.0
2021-12-02,Washtenaw,Michigan,26161,40030,356.0,367601.0
2021-12-03,Washtenaw,Michigan,26161,40288,361.0,367601.0
2021-12-04,Washtenaw,Michigan,26161,40288,361.0,367601.0
2021-12-05,Washtenaw,Michigan,26161,40288,361.0,367601.0
2021-12-06,Washtenaw,Michigan,26161,40794,365.0,367601.0
2021-12-07,Washtenaw,Michigan,26161,40950,364.0,367601.0
2021-12-08,Washtenaw,Michigan,26161,41318,366.0,367601.0
2021-12-09,Washtenaw,Michigan,26161,41672,367.0,367601.0
2021-12-10,Washtenaw,Michigan,26161,41808,370.0,367601.0
2021-12-11,Washtenaw,Michigan,26161,41808,370.0,367601.0
2021-12-12,Washtenaw,Michigan,26161,41808,370.0,367601.0
2021-12-13,Washtenaw,Michigan,26161,42301,373.0,367601.0
2021-12-14,Washtenaw,Michigan,26161,42437,373.0,367601.0
2021-12-15,Washtenaw,Michigan,26161,42608,380.0,367601.0
2021-12-16,Washtenaw,Michigan,26161,42941,382.0,367601.0
2021-12-17,Washtenaw,Michigan,26161,43121,387.0,367601.0
2021-12-18,Washtenaw,Michigan,26161,43121,387.0,367601.0
2021-12-19,Washtenaw,Michigan,26161,43121,387.0,367601.0
2021-12-20,Washtenaw,Michigan,26161,43561,389.0,367601.0
2021-12-21,Washtenaw,Michigan,26161,43561,389.0,367601.0
2021-12-22,Washtenaw,Michigan,26161,44113,395.0,367601.0
2021-12-23,Washtenaw,Michigan,26161,44113,395.0,367601.0
2021-12-24,Washtenaw,Michigan,26161,44113,395.0,367601.0
2021-12-25,Washtenaw,Michigan,26161,44113,395.0,367601.0
2021-12-26,Washtenaw,Michigan,26161,44113,395.0,367601.0
2021-12-27,Washtenaw,Michigan,26161,45441,401.0,367601.0
2021-12-28,Washtenaw,Michigan,26161,45441,401.0,367601.0
2021-12-29,Washtenaw,Michigan,26161,46619,405.0,367601.0
2021-12-30,Washtenaw,Michigan,26161,47433,413.0,367601.0
2021-12-31,Washtenaw,Michigan,26161,47433,413.0,367601.0
2022-01-01,Washtenaw,Michigan,26161,47433,413.0,367601.0
2022-01-02,Washtenaw,Michigan,26161,47433,413.0,367601.0
2022-01-03,Washtenaw,Michigan,26161,49535,414.0,367601.0
2022-01-04,Washtenaw,Michigan,26161,50150,414.0,367601.0
2022-01-05,Washtenaw,Michigan,26161,51119,418.0,367601.0
2022-01-06,Washtenaw,Michigan,26161,52082,420.0,367601.0
2022-01-07,Washtenaw,Michigan,26161,53485,426.0,367601.0
2022-01-08,Washtenaw,Michigan,26161,53485,426.0,367601.0
2022-01-09,Washtenaw,Michigan,26161,53485,426.0,367601.0
2022-01-10,Washtenaw,Michigan,26161,55888,431.0,367601.0
2022-01-11,Washtenaw,Michigan,26161,56419,431.0,367601.0
2022-01-12,Washtenaw,Michigan,26161,57534,440.0,367601.0
2022-01-13,Washtenaw,Michigan,26161,58416,442.0,367601.0
2022-01-14,Washtenaw,Michigan,26161,59450,444.0,367601.0
2022-01-15,Washtenaw,Michigan,26161,59450,444.0,367601.0
2022-01-16,Washtenaw,Michigan,26161,59450,444.0,367601.0
2022-01-17,Washtenaw,Michigan,26161,59450,444.0,367601.0
2022-01-18,Washtenaw,Michigan,26161,62467,444.0,367601.0
2022-01-19,Washtenaw,Michigan,26161,63407,459.0,367601.0
2022-01-20,Washtenaw,Michigan,26161,64158,459.0,367601.0
2022-01-21,Washtenaw,Michigan,26161,65026,469.0,367601.0
2022-01-22,Washtenaw,Michigan,26161,65026,469.0,367601.0
2022-01-23,Washtenaw,Michigan,26161,65026,469.0,367601.0
2022-01-24,Washtenaw,Michigan,26161,66577,470.0,367601.0
2022-01-25,Washtenaw,Michigan,26161,66577,470.0,367601.0
2022-01-26,Washtenaw,Michigan,26161,67623,477.0,367601.0
2022-01-27,Washtenaw,Michigan,26161,68286,477.0,367601.0
2022-01-28,Washtenaw,Michigan,26161,68693,481.0,367601.0
2022-01-29,Washtenaw,Michigan,26161,68693,481.0,367601.0
2022-01-30,Washtenaw,Michigan,26161,68693,481.0,367601.0
2022-01-31,Washtenaw,Michigan,26161,69272,483.0,367601.0
2022-02-01,Washtenaw,Michigan,26161,69514,483.0,367601.0
2022-02-02,Washtenaw,Michigan,26161,69968,486.0,367601.0
2022-02-03,Washtenaw,Michigan,26161,69968,486.0,367601.0
2022-02-04,Washtenaw,Michigan,26161,70320,487.0,367601.0
2022-02-05,Washtenaw,Michigan,26161,70320,487.0,367601.0
2022-02-06,Washtenaw,Michigan,26161,70320,487.0,367601.0
2022-02-07,Washtenaw,Michigan,26161,70796,488.0,367601.0
2022-02-08,Washtenaw,Michigan,26161,70941,488.0,367601.0
2022-02-09,Washtenaw,Michigan,26161,71144,491.0,367601.0
2022-02-10,Washtenaw,Michigan,26161,71419,491.0,367601.0
2022-02-11,Washtenaw,Michigan,26161,71548,495.0,367601.0
2022-02-12,Washtenaw,Michigan,26161,71548,495.0,367601.0
2022-02-13,Washtenaw,Michigan,26161,71548,495.0,367601.0
2022-02-14,Washtenaw,Michigan,26161,71792,496.0,367601.0
2022-02-15,Washtenaw,Michigan,26161,71877,496.0,367601.0
2022-02-16,Washtenaw,Michigan,26161,72076,504.0,367601.0
2022-02-17,Washtenaw,Michigan,26161,72374,504.0,367601.0
2022-02-18,Washtenaw,Michigan,26161,72442,504.0,367601.0
2022-02-19,Washtenaw,Michigan,26161,72442,504.0,367601.0
2022-02-20,Washtenaw,Michigan,26161,72442,505.0,367601.0
2022-02-21,Washtenaw,Michigan,26161,72442,505.0,367601.0
2022-02-22,Washtenaw,Michigan,26161,72442,505.0,367601.0
2022-02-23,Washtenaw,Michigan,26161,72787,506.0,367601.0
2022-02-24,Washtenaw,Michigan,26161,73135,506.0,367601.0
2022-02-25,Washtenaw,Michigan,26161,73294,507.0,367601.0
2022-02-26,Washtenaw,Michigan,26161,73294,507.0,367601.0
2022-02-27,Washtenaw,Michigan,26161,73294,507.0,367601.0
2022-02-28,Washtenaw,Michigan,26161,73435,507.0,367601.0
2022-03-01,Washtenaw,Michigan,26161,73435,507.0,367601.0
2022-03-02,Washtenaw,Michigan,26161,73618,510.0,367601.0
2022-03-03,Washtenaw,Michigan,26161,73808,510.0,367601.0
2022-03-04,Washtenaw,Michigan,26161,73812,512.0,367601.0
2022-03-05,Washtenaw,Michigan,26161,73812,512.0,367601.0
2022-03-06,Washtenaw,Michigan,26161,73812,512.0,367601.0
2022-03-07,Washtenaw,Michigan,26161,73912,512.0,367601.0
2022-03-08,Washtenaw,Michigan,26161,73947,512.0,367601.0
2022-03-09,Washtenaw,Michigan,26161,73995,511.0,367601.0
2022-03-10,Washtenaw,Michigan,26161,74104,511.0,367601.0
2022-03-11,Washtenaw,Michigan,26161,74155,513.0,367601.0
2022-03-12,Washtenaw,Michigan,26161,74155,513.0,367601.0
2022-03-13,Washtenaw,Michigan,26161,74155,513.0,367601.0
2022-03-14,Washtenaw,Michigan,26161,74225,513.0,367601.0
2022-03-15,Washtenaw,Michigan,26161,74253,513.0,367601.0
2022-03-16,Washtenaw,Michigan,26161,74296,512.0,367601.0
2022-03-17,Washtenaw,Michigan,26161,74406,512.0,367601.0
2022-03-18,Washtenaw,Michigan,26161,74455,512.0,367601.0
2022-03-19,Washtenaw,Michigan,26161,74455,512.0,367601.0
2022-03-20,Washtenaw,Michigan,26161,74455,512.0,367601.0
2022-03-21,Washtenaw,Michigan,26161,74561,512.0,367601.0
2022-03-22,Washtenaw,Michigan,26161,74618,512.0,367601.0
2022-03-23,Washtenaw,Michigan,26161,74666,512.0,367601.0
2022-03-24,Washtenaw,Michigan,26161,74823,512.0,367601.0
2022-03-25,Washtenaw,Michigan,26161,74854,512.0,367601.0
2022-03-26,Washtenaw,Michigan,26161,74854,512.0,367601.0
2022-03-27,Washtenaw,Michigan,26161,74854,512.0,367601.0
2022-03-28,Washtenaw,Michigan,26161,74990,512.0,367601.0
2022-03-29,Washtenaw,Michigan,26161,75072,512.0,367601.0
2022-03-30,Washtenaw,Michigan,26161,75172,512.0,367601.0
2022-03-31,Washtenaw,Michigan,26161,75357,513.0,367601.0
2022-04-01,Washtenaw,Michigan,26161,75375,513.0,367601.0
2022-04-02,Washtenaw,Michigan,26161,75375,513.0,367601.0
2022-04-03,Washtenaw,Michigan,26161,75375,513.0,367601.0
2022-04-04,Washtenaw,Michigan,26161,75564,514.0,367601.0
2022-04-05,Washtenaw,Michigan,26161,75682,514.0,367601.0
2022-04-06,Washtenaw,Michigan,26161,75885,514.0,367601.0
2022-04-07,Washtenaw,Michigan,26161,76158,514.0,367601.0
2022-04-08,Washtenaw,Michigan,26161,76282,514.0,367601.0
2022-04-09,Washtenaw,Michigan,26161,76282,514.0,367601.0
2022-04-10,Washtenaw,Michigan,26161,76282,514.0,367601.0
2022-04-11,Washtenaw,Michigan,26161,76582,514.0,367601.0
2022-04-12,Washtenaw,Michigan,26161,76764,514.0,367601.0
2022-04-13,Washtenaw,Michigan,26161,76870,514.0,367601.0
2022-04-14,Washtenaw,Michigan,26161,77208,514.0,367601.0
2022-04-15,Washtenaw,Michigan,26161,77293,514.0,367601.0
2022-04-16,Washtenaw,Michigan,26161,77293,514.0,367601.0
2022-04-17,Washtenaw,Michigan,26161,77293,514.0,367601.0
2022-04-18,Washtenaw,Michigan,26161,77686,514.0,367601.0
2022-04-19,Washtenaw,Michigan,26161,77797,514.0,367601.0
2022-04-20,Washtenaw,Michigan,26161,77992,515.0,367601.0
2022-04-21,Washtenaw,Michigan,26161,78301,515.0,367601.0
2022-04-22,Washtenaw,Michigan,26161,78364,515.0,367601.0
2022-04-23,Washtenaw,Michigan,26161,78364,515.0,367601.0
2022-04-24,Washtenaw,Michigan,26161,78364,515.0,367601.0
2022-04-25,Washtenaw,Michigan,26161,78786,515.0,367601.0
2022-04-26,Washtenaw,Michigan,26161,78968,516.0,367601.0
2022-04-27,Washtenaw,Michigan,26161,79220,517.0,367601.0
2022-04-28,Washtenaw,Michigan,26161,79612,517.0,367601.0
2022-04-29,Washtenaw,Michigan,26161,79762,517.0,367601.0
2022-04-30,Washtenaw,Michigan,26161,79762,517.0,367601.0
2021-12-01,Winona,Minnesota,27169,7102,58.0,50484.0
2021-12-02,Winona,Minnesota,27169,7116,58.0,50484.0
2021-12-03,Winona,Minnesota,27169,7151,58.0,50484.0
2021-12-04,Winona,Minnesota,27169,7151,58.0,50484.0
2021-12-05,Winona,Minnesota,27169,7151,58.0,50484.0
2021-12-06,Winona,Minnesota,27169,7165,58.0,50484.0
2021-12-07,Winona,Minnesota,27169,7257,58.0,50484.0
2021-12-08,Winona,Minnesota,27169,7287,58.0,50484.0
2021-12-09,Winona,Minnesota,27169,7314,58.0,50484.0
2021-12-10,Winona,Minnesota,27169,7341,58.0,50484.0
2021-12-11,Winona,Minnesota,27169,7341,58.0,50484.0
2021-12-12,Winona,Minnesota,27169,7341,58.0,50484.0
2021-12-13,Winona,Minnesota,27169,7413,59.0,50484.0
2021-12-14,Winona,Minnesota,27169,7525,59.0,50484.0
2021-12-15,Winona,Minnesota,27169,7575,59.0,50484.0
2021-12-16,Winona,Minnesota,27169,7615,59.0,50484.0
2021-12-17,Winona,Minnesota,27169,7886,59.0,50484.0
2021-12-18,Winona,Minnesota,27169,7886,59.0,50484.0
2021-12-19,Winona,Minnesota,27169,7886,59.0,50484.0
2021-12-20,Winona,Minnesota,27169,7940,61.0,50484.0
2021-12-21,Winona,Minnesota,27169,8070,61.0,50484.0
2021-12-22,Winona,Minnesota,27169,8095,62.0,50484.0
2021-12-23,Winona,Minnesota,27169,8142,62.0,50484.0
2021-12-24,Winona,Minnesota,27169,8142,62.0,50484.0
2021-12-25,Winona,Minnesota,27169,8142,62.0,50484.0
2021-12-26,Winona,Minnesota,27169,8142,62.0,50484.0
2021-12-27,Winona,Minnesota,27169,8160,62.0,50484.0
2021-12-28,Winona,Minnesota,27169,8373,62.0,50484.0
2021-12-29,Winona,Minnesota,27169,8416,62.0,50484.0
2021-12-30,Winona,Minnesota,27169,8467,63.0,50484.0
2021-12-31,Winona,Minnesota,27169,8467,63.0,50484.0
2022-01-01,Winona,Minnesota,27169,8467,63.0,50484.0
2022-01-02,Winona,Minnesota,27169,8467,63.0,50484.0
2022-01-03,Winona,Minnesota,27169,8518,63.0,50484.0
2022-01-04,Winona,Minnesota,27169,8606,63.0,50484.0
2022-01-05,Winona,Minnesota,27169,8626,63.0,50484.0
2022-01-06,Winona,Minnesota,27169,8701,63.0,50484.0
2022-01-07,Winona,Minnesota,27169,8812,63.0,50484.0
2022-01-08,Winona,Minnesota,27169,8812,63.0,50484.0
2022-01-09,Winona,Minnesota,27169,8812,63.0,50484.0
2022-01-10,Winona,Minnesota,27169,8904,63.0,50484.0
2022-01-11,Winona,Minnesota,27169,9291,63.0,50484.0
2022-01-12,Winona,Minnesota,27169,9385,63.0,50484.0
2022-01-13,Winona,Minnesota,27169,9525,63.0,50484.0
2022-01-14,Winona,Minnesota,27169,9620,63.0,50484.0
2022-01-15,Winona,Minnesota,27169,9620,63.0,50484.0
2022-01-16,Winona,Minnesota,27169,9620,63.0,50484.0
2022-01-17,Winona,Minnesota,27169,9620,63.0,50484.0
2022-01-18,Winona,Minnesota,27169,9719,64.0,50484.0
2022-01-19,Winona,Minnesota,27169,10023,64.0,50484.0
2022-01-20,Winona,Minnesota,27169,10187,65.0,50484.0
2022-01-21,Winona,Minnesota,27169,10328,65.0,50484.0
2022-01-22,Winona,Minnesota,27169,10328,65.0,50484.0
2022-01-23,Winona,Minnesota,27169,10328,65.0,50484.0
2022-01-24,Winona,Minnesota,27169,10389,65.0,50484.0
2022-01-25,Winona,Minnesota,27169,10725,66.0,50484.0
2022-01-26,Winona,Minnesota,27169,10807,66.0,50484.0
2022-01-27,Winona,Minnesota,27169,11047,66.0,50484.0
2022-01-28,Winona,Minnesota,27169,11137,66.0,50484.0
2022-01-29,Winona,Minnesota,27169,11137,66.0,50484.0
2022-01-30,Winona,Minnesota,27169,11137,66.0,50484.0
2022-01-31,Winona,Minnesota,27169,11258,66.0,50484.0
2022-02-01,Winona,Minnesota,27169,11452,66.0,50484.0
2022-02-02,Winona,Minnesota,27169,11502,66.0,50484.0
2022-02-03,Winona,Minnesota,27169,11580,67.0,50484.0
2022-02-04,Winona,Minnesota,27169,11625,68.0,50484.0
2022-02-05,Winona,Minnesota,27169,11625,68.0,50484.0
2022-02-06,Winona,Minnesota,27169,11625,68.0,50484.0
2022-02-07,Winona,Minnesota,27169,11712,68.0,50484.0
2022-02-08,Winona,Minnesota,27169,11843,69.0,50484.0
2022-02-09,Winona,Minnesota,27169,11897,69.0,50484.0
2022-02-10,Winona,Minnesota,27169,11924,69.0,50484.0
2022-02-11,Winona,Minnesota,27169,11969,69.0,50484.0
2022-02-12,Winona,Minnesota,27169,11969,69.0,50484.0
2022-02-13,Winona,Minnesota,27169,11969,69.0,50484.0
2022-02-14,Winona,Minnesota,27169,12021,69.0,50484.0
2022-02-15,Winona,Minnesota,27169,12090,69.0,50484.0
2022-02-16,Winona,Minnesota,27169,12102,69.0,50484.0
2022-02-17,Winona,Minnesota,27169,12115,69.0,50484.0
2022-02-18,Winona,Minnesota,27169,12202,70.0,50484.0
2022-02-19,Winona,Minnesota,27169,12202,70.0,50484.0
2022-02-20,Winona,Minnesota,27169,12202,70.0,50484.0
2022-02-21,Winona,Minnesota,27169,12202,70.0,50484.0
2022-02-22,Winona,Minnesota,27169,12233,70.0,50484.0
2022-02-23,Winona,Minnesota,27169,12309,70.0,50484.0
2022-02-24,Winona,Minnesota,27169,12327,71.0,50484.0
2022-02-25,Winona,Minnesota,27169,12339,71.0,50484.0
2022-02-26,Winona,Minnesota,27169,12339,71.0,50484.0
2022-02-27,Winona,Minnesota,27169,12339,71.0,50484.0
2022-02-28,Winona,Minnesota,27169,12359,71.0,50484.0
2022-03-01,Winona,Minnesota,27169,12387,71.0,50484.0
2022-03-02,Winona,Minnesota,27169,12392,71.0,50484.0
2022-03-03,Winona,Minnesota,27169,12407,71.0,50484.0
2022-03-04,Winona,Minnesota,27169,12423,71.0,50484.0
2022-03-05,Winona,Minnesota,27169,12423,71.0,50484.0
2022-03-06,Winona,Minnesota,27169,12423,71.0,50484.0
2022-03-07,Winona,Minnesota,27169,12428,71.0,50484.0
2022-03-08,Winona,Minnesota,27169,12459,71.0,50484.0
2022-03-09,Winona,Minnesota,27169,12465,71.0,50484.0
2022-03-10,Winona,Minnesota,27169,12466,71.0,50484.0
2022-03-11,Winona,Minnesota,27169,12592,71.0,50484.0
2022-03-12,Winona,Minnesota,27169,12592,71.0,50484.0
2022-03-13,Winona,Minnesota,27169,12592,71.0,50484.0
2022-03-14,Winona,Minnesota,27169,12594,71.0,50484.0
2022-03-15,Winona,Minnesota,27169,12600,71.0,50484.0
2022-03-16,Winona,Minnesota,27169,12606,72.0,50484.0
2022-03-17,Winona,Minnesota,27169,12610,72.0,50484.0
2022-03-18,Winona,Minnesota,27169,12622,72.0,50484.0
2022-03-19,Winona,Minnesota,27169,12622,72.0,50484.0
2022-03-20,Winona,Minnesota,27169,12622,72.0,50484.0
2022-03-21,Winona,Minnesota,27169,12625,72.0,50484.0
2022-03-22,Winona,Minnesota,27169,12631,72.0,50484.0
2022-03-23,Winona,Minnesota,27169,12634,72.0,50484.0
2022-03-24,Winona,Minnesota,27169,12638,72.0,50484.0
2022-03-25,Winona,Minnesota,27169,12644,72.0,50484.0
2022-03-26,Winona,Minnesota,27169,12644,72.0,50484.0
2022-03-27,Winona,Minnesota,27169,12644,72.0,50484.0
2022-03-28,Winona,Minnesota,27169,12647,72.0,50484.0
2022-03-29,Winona,Minnesota,27169,12649,72.0,50484.0
2022-03-30,Winona,Minnesota,27169,12654,72.0,50484.0
2022-03-31,Winona,Minnesota,27169,12656,72.0,50484.0
2022-04-01,Winona,Minnesota,27169,12659,72.0,50484.0
2022-04-02,Winona,Minnesota,27169,12659,72.0,50484.0
2022-04-03,Winona,Minnesota,27169,12659,72.0,50484.0
2022-04-04,Winona,Minnesota,27169,12663,72.0,50484.0
2022-04-05,Winona,Minnesota,27169,12681,72.0,50484.0
2022-04-06,Winona,Minnesota,27169,12684,72.0,50484.0
2022-04-07,Winona,Minnesota,27169,12690,72.0,50484.0
2022-04-08,Winona,Minnesota,27169,12701,72.0,50484.0
2022-04-09,Winona,Minnesota,27169,12701,72.0,50484.0
2022-04-10,Winona,Minnesota,27169,12701,72.0,50484.0
2022-04-11,Winona,Minnesota,27169,12703,72.0,50484.0
2022-04-12,Winona,Minnesota,27169,12722,72.0,50484.0
2022-04-13,Winona,Minnesota,27169,12727,72.0,50484.0
2022-04-14,Winona,Minnesota,27169,12746,72.0,50484.0
2022-04-15,Winona,Minnesota,27169,12750,72.0,50484.0
2022-04-16,Winona,Minnesota,27169,12750,72.0,50484.0
2022-04-17,Winona,Minnesota,27169,12750,72.0,50484.0
2022-04-18,Winona,Minnesota,27169,12756,72.0,50484.0
2022-04-19,Winona,Minnesota,27169,12769,72.0,50484.0
2022-04-20,Winona,Minnesota,27169,12779,72.0,50484.0
2022-04-21,Winona,Minnesota,27169,12786,72.0,50484.0
2022-04-22,Winona,Minnesota,27169,12801,72.0,50484.0
2022-04-23,Winona,Minnesota,27169,12801,72.0,50484.0
2022-04-24,Winona,Minnesota,27169,12801,72.0,50484.0
2022-04-25,Winona,Minnesota,27169,12815,72.0,50484.0
2022-04-26,Winona,Minnesota,27169,12842,72.0,50484.0
2022-04-27,Winona,Minnesota,27169,12853,72.0,50484.0
2022-04-28,Winona,Minnesota,27169,12859,72.0,50484.0
2022-04-29,Winona,Minnesota,27169,12879,72.0,50484.0
2022-04-30,Winona,Minnesota,27169,12879,72.0,50484.0
2021-12-01,Forrest,Mississippi,28035,13808,260.0,74897.0
2021-12-02,Forrest,Mississippi,28035,13829,260.0,74897.0
2021-12-03,Forrest,Mississippi,28035,13834,260.0,74897.0
2021-12-04,Forrest,Mississippi,28035,13834,260.0,74897.0
2021-12-05,Forrest,Mississippi,28035,13834,260.0,74897.0
2021-12-06,Forrest,Mississippi,28035,13852,260.0,74897.0
2021-12-07,Forrest,Mississippi,28035,13865,260.0,74897.0
2021-12-08,Forrest,Mississippi,28035,13885,260.0,74897.0
2021-12-09,Forrest,Mississippi,28035,13893,260.0,74897.0
2021-12-10,Forrest,Mississippi,28035,13906,261.0,74897.0
2021-12-11,Forrest,Mississippi,28035,13906,261.0,74897.0
2021-12-12,Forrest,Mississippi,28035,13906,261.0,74897.0
2021-12-13,Forrest,Mississippi,28035,13919,261.0,74897.0
2021-12-14,Forrest,Mississippi,28035,13924,261.0,74897.0
2021-12-15,Forrest,Mississippi,28035,13938,261.0,74897.0
2021-12-16,Forrest,Mississippi,28035,13944,261.0,74897.0
2021-12-17,Forrest,Mississippi,28035,13963,261.0,74897.0
2021-12-18,Forrest,Mississippi,28035,13963,261.0,74897.0
2021-12-19,Forrest,Mississippi,28035,13963,261.0,74897.0
2021-12-20,Forrest,Mississippi,28035,13993,262.0,74897.0
2021-12-21,Forrest,Mississippi,28035,14010,262.0,74897.0
2021-12-22,Forrest,Mississippi,28035,14027,262.0,74897.0
2021-12-23,Forrest,Mississippi,28035,14027,262.0,74897.0
2021-12-24,Forrest,Mississippi,28035,14027,262.0,74897.0
2021-12-25,Forrest,Mississippi,28035,14027,262.0,74897.0
2021-12-26,Forrest,Mississippi,28035,14027,262.0,74897.0
2021-12-27,Forrest,Mississippi,28035,14170,262.0,74897.0
2021-12-28,Forrest,Mississippi,28035,14220,262.0,74897.0
2021-12-29,Forrest,Mississippi,28035,14327,263.0,74897.0
2021-12-30,Forrest,Mississippi,28035,14459,263.0,74897.0
2021-12-31,Forrest,Mississippi,28035,14459,263.0,74897.0
2022-01-01,Forrest,Mississippi,28035,14459,263.0,74897.0
2022-01-02,Forrest,Mississippi,28035,14459,263.0,74897.0
2022-01-03,Forrest,Mississippi,28035,14840,264.0,74897.0
2022-01-04,Forrest,Mississippi,28035,14963,265.0,74897.0
2022-01-05,Forrest,Mississippi,28035,15132,265.0,74897.0
2022-01-06,Forrest,Mississippi,28035,15318,265.0,74897.0
2022-01-07,Forrest,Mississippi,28035,15539,265.0,74897.0
2022-01-08,Forrest,Mississippi,28035,15539,265.0,74897.0
2022-01-09,Forrest,Mississippi,28035,15539,265.0,74897.0
2022-01-10,Forrest,Mississippi,28035,15938,265.0,74897.0
2022-01-11,Forrest,Mississippi,28035,16056,267.0,74897.0
2022-01-12,Forrest,Mississippi,28035,16320,266.0,74897.0
2022-01-13,Forrest,Mississippi,28035,16572,267.0,74897.0
2022-01-14,Forrest,Mississippi,28035,16865,266.0,74897.0
2022-01-15,Forrest,Mississippi,28035,16865,266.0,74897.0
2022-01-16,Forrest,Mississippi,28035,16865,266.0,74897.0
2022-01-17,Forrest,Mississippi,28035,16865,266.0,74897.0
2022-01-18,Forrest,Mississippi,28035,17551,267.0,74897.0
2022-01-19,Forrest,Mississippi,28035,17773,268.0,74897.0
2022-01-20,Forrest,Mississippi,28035,18100,268.0,74897.0
2022-01-21,Forrest,Mississippi,28035,18343,268.0,74897.0
2022-01-22,Forrest,Mississippi,28035,18343,268.0,74897.0
2022-01-23,Forrest,Mississippi,28035,18343,268.0,74897.0
2022-01-24,Forrest,Mississippi,28035,18805,268.0,74897.0
2022-01-25,Forrest,Mississippi,28035,18937,268.0,74897.0
2022-01-26,Forrest,Mississippi,28035,19149,268.0,74897.0
2022-01-27,Forrest,Mississippi,28035,19357,268.0,74897.0
2022-01-28,Forrest,Mississippi,28035,19561,269.0,74897.0
2022-01-29,Forrest,Mississippi,28035,19561,269.0,74897.0
2022-01-30,Forrest,Mississippi,28035,19561,269.0,74897.0
2022-01-31,Forrest,Mississippi,28035,19914,270.0,74897.0
2022-02-01,Forrest,Mississippi,28035,20081,275.0,74897.0
2022-02-02,Forrest,Mississippi,28035,20200,280.0,74897.0
2022-02-03,Forrest,Mississippi,28035,20382,281.0,74897.0
2022-02-04,Forrest,Mississippi,28035,20602,282.0,74897.0
2022-02-05,Forrest,Mississippi,28035,20602,282.0,74897.0
2022-02-06,Forrest,Mississippi,28035,20602,282.0,74897.0
2022-02-07,Forrest,Mississippi,28035,21268,283.0,74897.0
2022-02-08,Forrest,Mississippi,28035,21329,285.0,74897.0
2022-02-09,Forrest,Mississippi,28035,21420,287.0,74897.0
2022-02-10,Forrest,Mississippi,28035,21474,289.0,74897.0
2022-02-11,Forrest,Mississippi,28035,21572,290.0,74897.0
2022-02-12,Forrest,Mississippi,28035,21572,290.0,74897.0
2022-02-13,Forrest,Mississippi,28035,21572,290.0,74897.0
2022-02-14,Forrest,Mississippi,28035,21680,292.0,74897.0
2022-02-15,Forrest,Mississippi,28035,21700,294.0,74897.0
2022-02-16,Forrest,Mississippi,28035,21731,295.0,74897.0
2022-02-17,Forrest,Mississippi,28035,21757,295.0,74897.0
2022-02-18,Forrest,Mississippi,28035,21776,298.0,74897.0
2022-02-19,Forrest,Mississippi,28035,21776,298.0,74897.0
2022-02-20,Forrest,Mississippi,28035,21776,298.0,74897.0
2022-02-21,Forrest,Mississippi,28035,21776,298.0,74897.0
2022-02-22,Forrest,Mississippi,28035,21824,298.0,74897.0
2022-02-23,Forrest,Mississippi,28035,21840,300.0,74897.0
2022-02-24,Forrest,Mississippi,28035,21853,302.0,74897.0
2022-02-25,Forrest,Mississippi,28035,21856,302.0,74897.0
2022-02-26,Forrest,Mississippi,28035,21856,302.0,74897.0
2022-02-27,Forrest,Mississippi,28035,21856,302.0,74897.0
2022-02-28,Forrest,Mississippi,28035,21881,303.0,74897.0
2022-03-01,Forrest,Mississippi,28035,21884,305.0,74897.0
2022-03-02,Forrest,Mississippi,28035,21892,306.0,74897.0
2022-03-03,Forrest,Mississippi,28035,21896,306.0,74897.0
2022-03-04,Forrest,Mississippi,28035,21900,306.0,74897.0
2022-03-05,Forrest,Mississippi,28035,21900,306.0,74897.0
2022-03-06,Forrest,Mississippi,28035,21900,306.0,74897.0
2022-03-07,Forrest,Mississippi,28035,21905,307.0,74897.0
2022-03-08,Forrest,Mississippi,28035,21908,307.0,74897.0
2022-03-09,Forrest,Mississippi,28035,21908,307.0,74897.0
2022-03-10,Forrest,Mississippi,28035,21908,307.0,74897.0
2022-03-11,Forrest,Mississippi,28035,21908,307.0,74897.0
2022-03-12,Forrest,Mississippi,28035,21908,307.0,74897.0
2022-03-13,Forrest,Mississippi,28035,21908,307.0,74897.0
2022-03-14,Forrest,Mississippi,28035,21922,310.0,74897.0
2022-03-15,Forrest,Mississippi,28035,21922,310.0,74897.0
2022-03-16,Forrest,Mississippi,28035,21922,310.0,74897.0
2022-03-17,Forrest,Mississippi,28035,21922,310.0,74897.0
2022-03-18,Forrest,Mississippi,28035,21922,310.0,74897.0
2022-03-19,Forrest,Mississippi,28035,21922,310.0,74897.0
2022-03-20,Forrest,Mississippi,28035,21922,310.0,74897.0
2022-03-21,Forrest,Mississippi,28035,21932,312.0,74897.0
2022-03-22,Forrest,Mississippi,28035,21932,312.0,74897.0
2022-03-23,Forrest,Mississippi,28035,21932,312.0,74897.0
2022-03-24,Forrest,Mississippi,28035,21932,312.0,74897.0
2022-03-25,Forrest,Mississippi,28035,21932,312.0,74897.0
2022-03-26,Forrest,Mississippi,28035,21932,312.0,74897.0
2022-03-27,Forrest,Mississippi,28035,21932,312.0,74897.0
2022-03-28,Forrest,Mississippi,28035,21954,313.0,74897.0
2022-03-29,Forrest,Mississippi,28035,21954,313.0,74897.0
2022-03-30,Forrest,Mississippi,28035,21954,313.0,74897.0
2022-03-31,Forrest,Mississippi,28035,21954,313.0,74897.0
2022-04-01,Forrest,Mississippi,28035,21954,313.0,74897.0
2022-04-02,Forrest,Mississippi,28035,21954,313.0,74897.0
2022-04-03,Forrest,Mississippi,28035,21954,313.0,74897.0
2022-04-04,Forrest,Mississippi,28035,21976,313.0,74897.0
2022-04-05,Forrest,Mississippi,28035,21976,313.0,74897.0
2022-04-06,Forrest,Mississippi,28035,21976,313.0,74897.0
2022-04-07,Forrest,Mississippi,28035,21976,313.0,74897.0
2022-04-08,Forrest,Mississippi,28035,21976,313.0,74897.0
2022-04-09,Forrest,Mississippi,28035,21976,313.0,74897.0
2022-04-10,Forrest,Mississippi,28035,21976,313.0,74897.0
2022-04-11,Forrest,Mississippi,28035,21976,313.0,74897.0
2022-04-12,Forrest,Mississippi,28035,21994,313.0,74897.0
2022-04-13,Forrest,Mississippi,28035,21994,313.0,74897.0
2022-04-14,Forrest,Mississippi,28035,21994,313.0,74897.0
2022-04-15,Forrest,Mississippi,28035,21994,313.0,74897.0
2022-04-16,Forrest,Mississippi,28035,21994,313.0,74897.0
2022-04-17,Forrest,Mississippi,28035,21994,313.0,74897.0
2022-04-18,Forrest,Mississippi,28035,22006,313.0,74897.0
2022-04-19,Forrest,Mississippi,28035,22006,313.0,74897.0
2022-04-20,Forrest,Mississippi,28035,22006,313.0,74897.0
2022-04-21,Forrest,Mississippi,28035,22006,313.0,74897.0
2022-04-22,Forrest,Mississippi,28035,22006,313.0,74897.0
2022-04-23,Forrest,Mississippi,28035,22006,313.0,74897.0
2022-04-24,Forrest,Mississippi,28035,22006,313.0,74897.0
2022-04-25,Forrest,Mississippi,28035,22006,313.0,74897.0
2022-04-26,Forrest,Mississippi,28035,22030,313.0,74897.0
2022-04-27,Forrest,Mississippi,28035,22030,313.0,74897.0
2022-04-28,Forrest,Mississippi,28035,22030,313.0,74897.0
2022-04-29,Forrest,Mississippi,28035,22030,313.0,74897.0
2022-04-30,Forrest,Mississippi,28035,22030,313.0,74897.0
2021-12-01,Lafayette,Mississippi,28071,8865,143.0,54019.0
2021-12-02,Lafayette,Mississippi,28071,8867,143.0,54019.0
2021-12-03,Lafayette,Mississippi,28071,8868,143.0,54019.0
2021-12-04,Lafayette,Mississippi,28071,8868,143.0,54019.0
2021-12-05,Lafayette,Mississippi,28071,8868,143.0,54019.0
2021-12-06,Lafayette,Mississippi,28071,8881,143.0,54019.0
2021-12-07,Lafayette,Mississippi,28071,8898,143.0,54019.0
2021-12-08,Lafayette,Mississippi,28071,8912,143.0,54019.0
2021-12-09,Lafayette,Mississippi,28071,8921,143.0,54019.0
2021-12-10,Lafayette,Mississippi,28071,8932,143.0,54019.0
2021-12-11,Lafayette,Mississippi,28071,8932,143.0,54019.0
2021-12-12,Lafayette,Mississippi,28071,8932,143.0,54019.0
2021-12-13,Lafayette,Mississippi,28071,8943,143.0,54019.0
2021-12-14,Lafayette,Mississippi,28071,8952,143.0,54019.0
2021-12-15,Lafayette,Mississippi,28071,8973,143.0,54019.0
2021-12-16,Lafayette,Mississippi,28071,8981,143.0,54019.0
2021-12-17,Lafayette,Mississippi,28071,8999,143.0,54019.0
2021-12-18,Lafayette,Mississippi,28071,8999,143.0,54019.0
2021-12-19,Lafayette,Mississippi,28071,8999,143.0,54019.0
2021-12-20,Lafayette,Mississippi,28071,9019,143.0,54019.0
2021-12-21,Lafayette,Mississippi,28071,9040,143.0,54019.0
2021-12-22,Lafayette,Mississippi,28071,9059,143.0,54019.0
2021-12-23,Lafayette,Mississippi,28071,9059,143.0,54019.0
2021-12-24,Lafayette,Mississippi,28071,9059,143.0,54019.0
2021-12-25,Lafayette,Mississippi,28071,9059,143.0,54019.0
2021-12-26,Lafayette,Mississippi,28071,9059,143.0,54019.0
2021-12-27,Lafayette,Mississippi,28071,9211,143.0,54019.0
2021-12-28,Lafayette,Mississippi,28071,9316,143.0,54019.0
2021-12-29,Lafayette,Mississippi,28071,9396,143.0,54019.0
2021-12-30,Lafayette,Mississippi,28071,9524,143.0,54019.0
2021-12-31,Lafayette,Mississippi,28071,9524,143.0,54019.0
2022-01-01,Lafayette,Mississippi,28071,9524,143.0,54019.0
2022-01-02,Lafayette,Mississippi,28071,9524,143.0,54019.0
2022-01-03,Lafayette,Mississippi,28071,9873,143.0,54019.0
2022-01-04,Lafayette,Mississippi,28071,10028,143.0,54019.0
2022-01-05,Lafayette,Mississippi,28071,10183,143.0,54019.0
2022-01-06,Lafayette,Mississippi,28071,10369,143.0,54019.0
2022-01-07,Lafayette,Mississippi,28071,10486,144.0,54019.0
2022-01-08,Lafayette,Mississippi,28071,10486,144.0,54019.0
2022-01-09,Lafayette,Mississippi,28071,10486,144.0,54019.0
2022-01-10,Lafayette,Mississippi,28071,10799,145.0,54019.0
2022-01-11,Lafayette,Mississippi,28071,10888,146.0,54019.0
2022-01-12,Lafayette,Mississippi,28071,11124,148.0,54019.0
2022-01-13,Lafayette,Mississippi,28071,11309,149.0,54019.0
2022-01-14,Lafayette,Mississippi,28071,11520,149.0,54019.0
2022-01-15,Lafayette,Mississippi,28071,11520,149.0,54019.0
2022-01-16,Lafayette,Mississippi,28071,11520,149.0,54019.0
2022-01-17,Lafayette,Mississippi,28071,11520,149.0,54019.0
2022-01-18,Lafayette,Mississippi,28071,11980,149.0,54019.0
2022-01-19,Lafayette,Mississippi,28071,12172,152.0,54019.0
2022-01-20,Lafayette,Mississippi,28071,12413,155.0,54019.0
2022-01-21,Lafayette,Mississippi,28071,12519,156.0,54019.0
2022-01-22,Lafayette,Mississippi,28071,12519,156.0,54019.0
2022-01-23,Lafayette,Mississippi,28071,12519,156.0,54019.0
2022-01-24,Lafayette,Mississippi,28071,12868,157.0,54019.0
2022-01-25,Lafayette,Mississippi,28071,13119,158.0,54019.0
2022-01-26,Lafayette,Mississippi,28071,13265,158.0,54019.0
2022-01-27,Lafayette,Mississippi,28071,13412,159.0,54019.0
2022-01-28,Lafayette,Mississippi,28071,13518,160.0,54019.0
2022-01-29,Lafayette,Mississippi,28071,13518,160.0,54019.0
2022-01-30,Lafayette,Mississippi,28071,13518,160.0,54019.0
2022-01-31,Lafayette,Mississippi,28071,13682,162.0,54019.0
2022-02-01,Lafayette,Mississippi,28071,13765,164.0,54019.0
2022-02-02,Lafayette,Mississippi,28071,13939,166.0,54019.0
2022-02-03,Lafayette,Mississippi,28071,14070,168.0,54019.0
2022-02-04,Lafayette,Mississippi,28071,14215,169.0,54019.0
2022-02-05,Lafayette,Mississippi,28071,14215,169.0,54019.0
2022-02-06,Lafayette,Mississippi,28071,14215,169.0,54019.0
2022-02-07,Lafayette,Mississippi,28071,14587,170.0,54019.0
2022-02-08,Lafayette,Mississippi,28071,14608,171.0,54019.0
2022-02-09,Lafayette,Mississippi,28071,14715,171.0,54019.0
2022-02-10,Lafayette,Mississippi,28071,14781,171.0,54019.0
2022-02-11,Lafayette,Mississippi,28071,14822,172.0,54019.0
2022-02-12,Lafayette,Mississippi,28071,14822,172.0,54019.0
2022-02-13,Lafayette,Mississippi,28071,14822,172.0,54019.0
2022-02-14,Lafayette,Mississippi,28071,14904,173.0,54019.0
2022-02-15,Lafayette,Mississippi,28071,14917,173.0,54019.0
2022-02-16,Lafayette,Mississippi,28071,14943,173.0,54019.0
2022-02-17,Lafayette,Mississippi,28071,14960,173.0,54019.0
2022-02-18,Lafayette,Mississippi,28071,14976,173.0,54019.0
2022-02-19,Lafayette,Mississippi,28071,14976,173.0,54019.0
2022-02-20,Lafayette,Mississippi,28071,14976,173.0,54019.0
2022-02-21,Lafayette,Mississippi,28071,14976,173.0,54019.0
2022-02-22,Lafayette,Mississippi,28071,15026,174.0,54019.0
2022-02-23,Lafayette,Mississippi,28071,15028,174.0,54019.0
2022-02-24,Lafayette,Mississippi,28071,15034,174.0,54019.0
2022-02-25,Lafayette,Mississippi,28071,15072,174.0,54019.0
2022-02-26,Lafayette,Mississippi,28071,15072,174.0,54019.0
2022-02-27,Lafayette,Mississippi,28071,15072,174.0,54019.0
2022-02-28,Lafayette,Mississippi,28071,15095,175.0,54019.0
2022-03-01,Lafayette,Mississippi,28071,15098,176.0,54019.0
2022-03-02,Lafayette,Mississippi,28071,15107,176.0,54019.0
2022-03-03,Lafayette,Mississippi,28071,15108,176.0,54019.0
2022-03-04,Lafayette,Mississippi,28071,15109,176.0,54019.0
2022-03-05,Lafayette,Mississippi,28071,15109,176.0,54019.0
2022-03-06,Lafayette,Mississippi,28071,15109,176.0,54019.0
2022-03-07,Lafayette,Mississippi,28071,15113,176.0,54019.0
2022-03-08,Lafayette,Mississippi,28071,15115,177.0,54019.0
2022-03-09,Lafayette,Mississippi,28071,15115,177.0,54019.0
2022-03-10,Lafayette,Mississippi,28071,15115,177.0,54019.0
2022-03-11,Lafayette,Mississippi,28071,15115,177.0,54019.0
2022-03-12,Lafayette,Mississippi,28071,15115,177.0,54019.0
2022-03-13,Lafayette,Mississippi,28071,15115,177.0,54019.0
2022-03-14,Lafayette,Mississippi,28071,15142,178.0,54019.0
2022-03-15,Lafayette,Mississippi,28071,15142,178.0,54019.0
2022-03-16,Lafayette,Mississippi,28071,15142,178.0,54019.0
2022-03-17,Lafayette,Mississippi,28071,15142,178.0,54019.0
2022-03-18,Lafayette,Mississippi,28071,15142,178.0,54019.0
2022-03-19,Lafayette,Mississippi,28071,15142,178.0,54019.0
2022-03-20,Lafayette,Mississippi,28071,15142,178.0,54019.0
2022-03-21,Lafayette,Mississippi,28071,15153,178.0,54019.0
2022-03-22,Lafayette,Mississippi,28071,15153,178.0,54019.0
2022-03-23,Lafayette,Mississippi,28071,15153,178.0,54019.0
2022-03-24,Lafayette,Mississippi,28071,15153,178.0,54019.0
2022-03-25,Lafayette,Mississippi,28071,15153,178.0,54019.0
2022-03-26,Lafayette,Mississippi,28071,15153,178.0,54019.0
2022-03-27,Lafayette,Mississippi,28071,15153,178.0,54019.0
2022-03-28,Lafayette,Mississippi,28071,15195,178.0,54019.0
2022-03-29,Lafayette,Mississippi,28071,15195,178.0,54019.0
2022-03-30,Lafayette,Mississippi,28071,15195,178.0,54019.0
2022-03-31,Lafayette,Mississippi,28071,15195,178.0,54019.0
2022-04-01,Lafayette,Mississippi,28071,15195,178.0,54019.0
2022-04-02,Lafayette,Mississippi,28071,15195,178.0,54019.0
2022-04-03,Lafayette,Mississippi,28071,15195,178.0,54019.0
2022-04-04,Lafayette,Mississippi,28071,15230,178.0,54019.0
2022-04-05,Lafayette,Mississippi,28071,15230,178.0,54019.0
2022-04-06,Lafayette,Mississippi,28071,15230,178.0,54019.0
2022-04-07,Lafayette,Mississippi,28071,15230,178.0,54019.0
2022-04-08,Lafayette,Mississippi,28071,15230,178.0,54019.0
2022-04-09,Lafayette,Mississippi,28071,15230,178.0,54019.0
2022-04-10,Lafayette,Mississippi,28071,15230,178.0,54019.0
2022-04-11,Lafayette,Mississippi,28071,15230,178.0,54019.0
2022-04-12,Lafayette,Mississippi,28071,15273,178.0,54019.0
2022-04-13,Lafayette,Mississippi,28071,15273,178.0,54019.0
2022-04-14,Lafayette,Mississippi,28071,15273,178.0,54019.0
2022-04-15,Lafayette,Mississippi,28071,15273,178.0,54019.0
2022-04-16,Lafayette,Mississippi,28071,15273,178.0,54019.0
2022-04-17,Lafayette,Mississippi,28071,15273,178.0,54019.0
2022-04-18,Lafayette,Mississippi,28071,15287,179.0,54019.0
2022-04-19,Lafayette,Mississippi,28071,15287,179.0,54019.0
2022-04-20,Lafayette,Mississippi,28071,15287,179.0,54019.0
2022-04-21,Lafayette,Mississippi,28071,15287,179.0,54019.0
2022-04-22,Lafayette,Mississippi,28071,15287,179.0,54019.0
2022-04-23,Lafayette,Mississippi,28071,15287,179.0,54019.0
2022-04-24,Lafayette,Mississippi,28071,15287,179.0,54019.0
2022-04-25,Lafayette,Mississippi,28071,15287,179.0,54019.0
2022-04-26,Lafayette,Mississippi,28071,15299,179.0,54019.0
2022-04-27,Lafayette,Mississippi,28071,15299,179.0,54019.0
2022-04-28,Lafayette,Mississippi,28071,15299,179.0,54019.0
2022-04-29,Lafayette,Mississippi,28071,15299,179.0,54019.0
2022-04-30,Lafayette,Mississippi,28071,15299,179.0,54019.0
2021-12-01,Oktibbeha,Mississippi,28105,7222,138.0,49587.0
2021-12-02,Oktibbeha,Mississippi,28105,7228,138.0,49587.0
2021-12-03,Oktibbeha,Mississippi,28105,7229,138.0,49587.0
2021-12-04,Oktibbeha,Mississippi,28105,7229,138.0,49587.0
2021-12-05,Oktibbeha,Mississippi,28105,7229,138.0,49587.0
2021-12-06,Oktibbeha,Mississippi,28105,7234,138.0,49587.0
2021-12-07,Oktibbeha,Mississippi,28105,7246,138.0,49587.0
2021-12-08,Oktibbeha,Mississippi,28105,7256,139.0,49587.0
2021-12-09,Oktibbeha,Mississippi,28105,7259,139.0,49587.0
2021-12-10,Oktibbeha,Mississippi,28105,7267,139.0,49587.0
2021-12-11,Oktibbeha,Mississippi,28105,7267,139.0,49587.0
2021-12-12,Oktibbeha,Mississippi,28105,7267,139.0,49587.0
2021-12-13,Oktibbeha,Mississippi,28105,7270,139.0,49587.0
2021-12-14,Oktibbeha,Mississippi,28105,7276,139.0,49587.0
2021-12-15,Oktibbeha,Mississippi,28105,7285,139.0,49587.0
2021-12-16,Oktibbeha,Mississippi,28105,7290,140.0,49587.0
2021-12-17,Oktibbeha,Mississippi,28105,7297,140.0,49587.0
2021-12-18,Oktibbeha,Mississippi,28105,7297,140.0,49587.0
2021-12-19,Oktibbeha,Mississippi,28105,7297,140.0,49587.0
2021-12-20,Oktibbeha,Mississippi,28105,7310,140.0,49587.0
2021-12-21,Oktibbeha,Mississippi,28105,7312,140.0,49587.0
2021-12-22,Oktibbeha,Mississippi,28105,7318,140.0,49587.0
2021-12-23,Oktibbeha,Mississippi,28105,7318,140.0,49587.0
2021-12-24,Oktibbeha,Mississippi,28105,7318,140.0,49587.0
2021-12-25,Oktibbeha,Mississippi,28105,7318,140.0,49587.0
2021-12-26,Oktibbeha,Mississippi,28105,7318,140.0,49587.0
2021-12-27,Oktibbeha,Mississippi,28105,7353,140.0,49587.0
2021-12-28,Oktibbeha,Mississippi,28105,7379,141.0,49587.0
2021-12-29,Oktibbeha,Mississippi,28105,7410,141.0,49587.0
2021-12-30,Oktibbeha,Mississippi,28105,7463,141.0,49587.0
2021-12-31,Oktibbeha,Mississippi,28105,7463,141.0,49587.0
2022-01-01,Oktibbeha,Mississippi,28105,7463,141.0,49587.0
2022-01-02,Oktibbeha,Mississippi,28105,7463,141.0,49587.0
2022-01-03,Oktibbeha,Mississippi,28105,7711,141.0,49587.0
2022-01-04,Oktibbeha,Mississippi,28105,7769,141.0,49587.0
2022-01-05,Oktibbeha,Mississippi,28105,7848,141.0,49587.0
2022-01-06,Oktibbeha,Mississippi,28105,7964,141.0,49587.0
2022-01-07,Oktibbeha,Mississippi,28105,8048,141.0,49587.0
2022-01-08,Oktibbeha,Mississippi,28105,8048,141.0,49587.0
2022-01-09,Oktibbeha,Mississippi,28105,8048,141.0,49587.0
2022-01-10,Oktibbeha,Mississippi,28105,8231,141.0,49587.0
2022-01-11,Oktibbeha,Mississippi,28105,8328,141.0,49587.0
2022-01-12,Oktibbeha,Mississippi,28105,8424,141.0,49587.0
2022-01-13,Oktibbeha,Mississippi,28105,8524,141.0,49587.0
2022-01-14,Oktibbeha,Mississippi,28105,8650,141.0,49587.0
2022-01-15,Oktibbeha,Mississippi,28105,8650,141.0,49587.0
2022-01-16,Oktibbeha,Mississippi,28105,8650,141.0,49587.0
2022-01-17,Oktibbeha,Mississippi,28105,8650,141.0,49587.0
2022-01-18,Oktibbeha,Mississippi,28105,8909,141.0,49587.0
2022-01-19,Oktibbeha,Mississippi,28105,8996,141.0,49587.0
2022-01-20,Oktibbeha,Mississippi,28105,9102,141.0,49587.0
2022-01-21,Oktibbeha,Mississippi,28105,9191,141.0,49587.0
2022-01-22,Oktibbeha,Mississippi,28105,9191,141.0,49587.0
2022-01-23,Oktibbeha,Mississippi,28105,9191,141.0,49587.0
2022-01-24,Oktibbeha,Mississippi,28105,9318,141.0,49587.0
2022-01-25,Oktibbeha,Mississippi,28105,9390,143.0,49587.0
2022-01-26,Oktibbeha,Mississippi,28105,9502,143.0,49587.0
2022-01-27,Oktibbeha,Mississippi,28105,9593,144.0,49587.0
2022-01-28,Oktibbeha,Mississippi,28105,9681,144.0,49587.0
2022-01-29,Oktibbeha,Mississippi,28105,9681,144.0,49587.0
2022-01-30,Oktibbeha,Mississippi,28105,9681,144.0,49587.0
2022-01-31,Oktibbeha,Mississippi,28105,9820,146.0,49587.0
2022-02-01,Oktibbeha,Mississippi,28105,9878,146.0,49587.0
2022-02-02,Oktibbeha,Mississippi,28105,10048,149.0,49587.0
2022-02-03,Oktibbeha,Mississippi,28105,10152,150.0,49587.0
2022-02-04,Oktibbeha,Mississippi,28105,10286,151.0,49587.0
2022-02-05,Oktibbeha,Mississippi,28105,10286,151.0,49587.0
2022-02-06,Oktibbeha,Mississippi,28105,10286,151.0,49587.0
2022-02-07,Oktibbeha,Mississippi,28105,10739,151.0,49587.0
2022-02-08,Oktibbeha,Mississippi,28105,10784,154.0,49587.0
2022-02-09,Oktibbeha,Mississippi,28105,10818,154.0,49587.0
2022-02-10,Oktibbeha,Mississippi,28105,10834,154.0,49587.0
2022-02-11,Oktibbeha,Mississippi,28105,10852,154.0,49587.0
2022-02-12,Oktibbeha,Mississippi,28105,10852,154.0,49587.0
2022-02-13,Oktibbeha,Mississippi,28105,10852,154.0,49587.0
2022-02-14,Oktibbeha,Mississippi,28105,10944,155.0,49587.0
2022-02-15,Oktibbeha,Mississippi,28105,10967,155.0,49587.0
2022-02-16,Oktibbeha,Mississippi,28105,10984,157.0,49587.0
2022-02-17,Oktibbeha,Mississippi,28105,10994,157.0,49587.0
2022-02-18,Oktibbeha,Mississippi,28105,10999,157.0,49587.0
2022-02-19,Oktibbeha,Mississippi,28105,10999,157.0,49587.0
2022-02-20,Oktibbeha,Mississippi,28105,10999,157.0,49587.0
2022-02-21,Oktibbeha,Mississippi,28105,10999,157.0,49587.0
2022-02-22,Oktibbeha,Mississippi,28105,11023,157.0,49587.0
2022-02-23,Oktibbeha,Mississippi,28105,11026,158.0,49587.0
2022-02-24,Oktibbeha,Mississippi,28105,11031,158.0,49587.0
2022-02-25,Oktibbeha,Mississippi,28105,11035,158.0,49587.0
2022-02-26,Oktibbeha,Mississippi,28105,11035,158.0,49587.0
2022-02-27,Oktibbeha,Mississippi,28105,11035,158.0,49587.0
2022-02-28,Oktibbeha,Mississippi,28105,11045,158.0,49587.0
2022-03-01,Oktibbeha,Mississippi,28105,11046,158.0,49587.0
2022-03-02,Oktibbeha,Mississippi,28105,11051,158.0,49587.0
2022-03-03,Oktibbeha,Mississippi,28105,11054,158.0,49587.0
2022-03-04,Oktibbeha,Mississippi,28105,11056,158.0,49587.0
2022-03-05,Oktibbeha,Mississippi,28105,11056,158.0,49587.0
2022-03-06,Oktibbeha,Mississippi,28105,11056,158.0,49587.0
2022-03-07,Oktibbeha,Mississippi,28105,11064,158.0,49587.0
2022-03-08,Oktibbeha,Mississippi,28105,11063,158.0,49587.0
2022-03-09,Oktibbeha,Mississippi,28105,11063,158.0,49587.0
2022-03-10,Oktibbeha,Mississippi,28105,11063,158.0,49587.0
2022-03-11,Oktibbeha,Mississippi,28105,11063,158.0,49587.0
2022-03-12,Oktibbeha,Mississippi,28105,11063,158.0,49587.0
2022-03-13,Oktibbeha,Mississippi,28105,11063,158.0,49587.0
2022-03-14,Oktibbeha,Mississippi,28105,11067,158.0,49587.0
2022-03-15,Oktibbeha,Mississippi,28105,11067,158.0,49587.0
2022-03-16,Oktibbeha,Mississippi,28105,11067,158.0,49587.0
2022-03-17,Oktibbeha,Mississippi,28105,11067,158.0,49587.0
2022-03-18,Oktibbeha,Mississippi,28105,11067,158.0,49587.0
2022-03-19,Oktibbeha,Mississippi,28105,11067,158.0,49587.0
2022-03-20,Oktibbeha,Mississippi,28105,11067,158.0,49587.0
2022-03-21,Oktibbeha,Mississippi,28105,11077,159.0,49587.0
2022-03-22,Oktibbeha,Mississippi,28105,11077,159.0,49587.0
2022-03-23,Oktibbeha,Mississippi,28105,11077,159.0,49587.0
2022-03-24,Oktibbeha,Mississippi,28105,11077,159.0,49587.0
2022-03-25,Oktibbeha,Mississippi,28105,11077,159.0,49587.0
2022-03-26,Oktibbeha,Mississippi,28105,11077,159.0,49587.0
2022-03-27,Oktibbeha,Mississippi,28105,11077,159.0,49587.0
2022-03-28,Oktibbeha,Mississippi,28105,11081,159.0,49587.0
2022-03-29,Oktibbeha,Mississippi,28105,11081,159.0,49587.0
2022-03-30,Oktibbeha,Mississippi,28105,11081,159.0,49587.0
2022-03-31,Oktibbeha,Mississippi,28105,11081,159.0,49587.0
2022-04-01,Oktibbeha,Mississippi,28105,11081,159.0,49587.0
2022-04-02,Oktibbeha,Mississippi,28105,11081,159.0,49587.0
2022-04-03,Oktibbeha,Mississippi,28105,11081,159.0,49587.0
2022-04-04,Oktibbeha,Mississippi,28105,11090,159.0,49587.0
2022-04-05,Oktibbeha,Mississippi,28105,11090,159.0,49587.0
2022-04-06,Oktibbeha,Mississippi,28105,11090,159.0,49587.0
2022-04-07,Oktibbeha,Mississippi,28105,11090,159.0,49587.0
2022-04-08,Oktibbeha,Mississippi,28105,11090,159.0,49587.0
2022-04-09,Oktibbeha,Mississippi,28105,11090,159.0,49587.0
2022-04-10,Oktibbeha,Mississippi,28105,11090,159.0,49587.0
2022-04-11,Oktibbeha,Mississippi,28105,11090,159.0,49587.0
2022-04-12,Oktibbeha,Mississippi,28105,11100,160.0,49587.0
2022-04-13,Oktibbeha,Mississippi,28105,11100,160.0,49587.0
2022-04-14,Oktibbeha,Mississippi,28105,11100,160.0,49587.0
2022-04-15,Oktibbeha,Mississippi,28105,11100,160.0,49587.0
2022-04-16,Oktibbeha,Mississippi,28105,11100,160.0,49587.0
2022-04-17,Oktibbeha,Mississippi,28105,11100,160.0,49587.0
2022-04-18,Oktibbeha,Mississippi,28105,11102,161.0,49587.0
2022-04-19,Oktibbeha,Mississippi,28105,11102,161.0,49587.0
2022-04-20,Oktibbeha,Mississippi,28105,11102,161.0,49587.0
2022-04-21,Oktibbeha,Mississippi,28105,11102,161.0,49587.0
2022-04-22,Oktibbeha,Mississippi,28105,11102,161.0,49587.0
2022-04-23,Oktibbeha,Mississippi,28105,11102,161.0,49587.0
2022-04-24,Oktibbeha,Mississippi,28105,11102,161.0,49587.0
2022-04-25,Oktibbeha,Mississippi,28105,11102,161.0,49587.0
2022-04-26,Oktibbeha,Mississippi,28105,11109,161.0,49587.0
2022-04-27,Oktibbeha,Mississippi,28105,11109,161.0,49587.0
2022-04-28,Oktibbeha,Mississippi,28105,11109,161.0,49587.0
2022-04-29,Oktibbeha,Mississippi,28105,11109,161.0,49587.0
2022-04-30,Oktibbeha,Mississippi,28105,11109,161.0,49587.0
2021-12-01,Adair,Missouri,29001,3859,42.0,25343.0
2021-12-02,Adair,Missouri,29001,3869,42.0,25343.0
2021-12-03,Adair,Missouri,29001,3869,42.0,25343.0
2021-12-04,Adair,Missouri,29001,3869,42.0,25343.0
2021-12-05,Adair,Missouri,29001,3869,42.0,25343.0
2021-12-06,Adair,Missouri,29001,3869,42.0,25343.0
2021-12-07,Adair,Missouri,29001,3953,43.0,25343.0
2021-12-08,Adair,Missouri,29001,3953,44.0,25343.0
2021-12-09,Adair,Missouri,29001,3953,44.0,25343.0
2021-12-10,Adair,Missouri,29001,3953,44.0,25343.0
2021-12-11,Adair,Missouri,29001,3953,44.0,25343.0
2021-12-12,Adair,Missouri,29001,3953,44.0,25343.0
2021-12-13,Adair,Missouri,29001,4064,44.0,25343.0
2021-12-14,Adair,Missouri,29001,4118,45.0,25343.0
2021-12-15,Adair,Missouri,29001,4166,45.0,25343.0
2021-12-16,Adair,Missouri,29001,4186,45.0,25343.0
2021-12-17,Adair,Missouri,29001,4208,45.0,25343.0
2021-12-18,Adair,Missouri,29001,4208,45.0,25343.0
2021-12-19,Adair,Missouri,29001,4208,45.0,25343.0
2021-12-20,Adair,Missouri,29001,4208,45.0,25343.0
2021-12-21,Adair,Missouri,29001,4265,48.0,25343.0
2021-12-22,Adair,Missouri,29001,4287,48.0,25343.0
2021-12-23,Adair,Missouri,29001,4287,48.0,25343.0
2021-12-24,Adair,Missouri,29001,4287,48.0,25343.0
2021-12-25,Adair,Missouri,29001,4287,48.0,25343.0
2021-12-26,Adair,Missouri,29001,4287,48.0,25343.0
2021-12-27,Adair,Missouri,29001,4287,48.0,25343.0
2021-12-28,Adair,Missouri,29001,4343,53.0,25343.0
2021-12-29,Adair,Missouri,29001,4401,53.0,25343.0
2021-12-30,Adair,Missouri,29001,4415,53.0,25343.0
2021-12-31,Adair,Missouri,29001,4415,53.0,25343.0
2022-01-01,Adair,Missouri,29001,4415,53.0,25343.0
2022-01-02,Adair,Missouri,29001,4415,53.0,25343.0
2022-01-03,Adair,Missouri,29001,4473,53.0,25343.0
2022-01-04,Adair,Missouri,29001,4473,53.0,25343.0
2022-01-05,Adair,Missouri,29001,4528,53.0,25343.0
2022-01-06,Adair,Missouri,29001,4603,53.0,25343.0
2022-01-07,Adair,Missouri,29001,4603,53.0,25343.0
2022-01-08,Adair,Missouri,29001,4603,53.0,25343.0
2022-01-09,Adair,Missouri,29001,4603,53.0,25343.0
2022-01-10,Adair,Missouri,29001,4643,53.0,25343.0
2022-01-11,Adair,Missouri,29001,4703,54.0,25343.0
2022-01-12,Adair,Missouri,29001,4761,54.0,25343.0
2022-01-13,Adair,Missouri,29001,4761,54.0,25343.0
2022-01-14,Adair,Missouri,29001,4927,54.0,25343.0
2022-01-15,Adair,Missouri,29001,4927,54.0,25343.0
2022-01-16,Adair,Missouri,29001,4927,54.0,25343.0
2022-01-17,Adair,Missouri,29001,4927,54.0,25343.0
2022-01-18,Adair,Missouri,29001,4927,54.0,25343.0
2022-01-19,Adair,Missouri,29001,5034,55.0,25343.0
2022-01-20,Adair,Missouri,29001,5034,55.0,25343.0
2022-01-21,Adair,Missouri,29001,5034,56.0,25343.0
2022-01-22,Adair,Missouri,29001,5034,56.0,25343.0
2022-01-23,Adair,Missouri,29001,5034,56.0,25343.0
2022-01-24,Adair,Missouri,29001,5261,56.0,25343.0
2022-01-25,Adair,Missouri,29001,5366,56.0,25343.0
2022-01-26,Adair,Missouri,29001,5421,56.0,25343.0
2022-01-27,Adair,Missouri,29001,5535,56.0,25343.0
2022-01-28,Adair,Missouri,29001,5535,56.0,25343.0
2022-01-29,Adair,Missouri,29001,5535,56.0,25343.0
2022-01-30,Adair,Missouri,29001,5535,56.0,25343.0
2022-01-31,Adair,Missouri,29001,5535,56.0,25343.0
2022-02-01,Adair,Missouri,29001,5669,58.0,25343.0
2022-02-02,Adair,Missouri,29001,5746,58.0,25343.0
2022-02-03,Adair,Missouri,29001,5770,58.0,25343.0
2022-02-04,Adair,Missouri,29001,5800,58.0,25343.0
2022-02-05,Adair,Missouri,29001,5800,58.0,25343.0
2022-02-06,Adair,Missouri,29001,5800,58.0,25343.0
2022-02-07,Adair,Missouri,29001,5838,58.0,25343.0
2022-02-08,Adair,Missouri,29001,5865,58.0,25343.0
2022-02-09,Adair,Missouri,29001,5881,59.0,25343.0
2022-02-10,Adair,Missouri,29001,5902,59.0,25343.0
2022-02-11,Adair,Missouri,29001,5902,59.0,25343.0
2022-02-12,Adair,Missouri,29001,5902,59.0,25343.0
2022-02-13,Adair,Missouri,29001,5902,59.0,25343.0
2022-02-14,Adair,Missouri,29001,5902,59.0,25343.0
2022-02-15,Adair,Missouri,29001,5954,59.0,25343.0
2022-02-16,Adair,Missouri,29001,5954,59.0,25343.0
2022-02-17,Adair,Missouri,29001,5963,59.0,25343.0
2022-02-18,Adair,Missouri,29001,5963,59.0,25343.0
2022-02-19,Adair,Missouri,29001,5963,59.0,25343.0
2022-02-20,Adair,Missouri,29001,5963,59.0,25343.0
2022-02-21,Adair,Missouri,29001,5963,59.0,25343.0
2022-02-22,Adair,Missouri,29001,5997,59.0,25343.0
2022-02-23,Adair,Missouri,29001,6003,59.0,25343.0
2022-02-24,Adair,Missouri,29001,6003,61.0,25343.0
2022-02-25,Adair,Missouri,29001,6010,61.0,25343.0
2022-02-26,Adair,Missouri,29001,6010,61.0,25343.0
2022-02-27,Adair,Missouri,29001,6010,61.0,25343.0
2022-02-28,Adair,Missouri,29001,6010,61.0,25343.0
2022-03-01,Adair,Missouri,29001,6024,61.0,25343.0
2022-03-02,Adair,Missouri,29001,6024,61.0,25343.0
2022-03-03,Adair,Missouri,29001,6024,61.0,25343.0
2022-03-04,Adair,Missouri,29001,6032,61.0,25343.0
2022-03-05,Adair,Missouri,29001,6032,61.0,25343.0
2022-03-06,Adair,Missouri,29001,6032,61.0,25343.0
2022-03-07,Adair,Missouri,29001,6036,61.0,25343.0
2022-03-08,Adair,Missouri,29001,6036,61.0,25343.0
2022-03-09,Adair,Missouri,29001,6036,61.0,25343.0
2022-03-10,Adair,Missouri,29001,6036,61.0,25343.0
2022-03-11,Adair,Missouri,29001,6036,61.0,25343.0
2022-03-12,Adair,Missouri,29001,6036,61.0,25343.0
2022-03-13,Adair,Missouri,29001,6036,61.0,25343.0
2022-03-14,Adair,Missouri,29001,6041,61.0,25343.0
2022-03-15,Adair,Missouri,29001,6041,61.0,25343.0
2022-03-16,Adair,Missouri,29001,6041,61.0,25343.0
2022-03-17,Adair,Missouri,29001,6041,61.0,25343.0
2022-03-18,Adair,Missouri,29001,6041,61.0,25343.0
2022-03-19,Adair,Missouri,29001,6041,61.0,25343.0
2022-03-20,Adair,Missouri,29001,6041,61.0,25343.0
2022-03-21,Adair,Missouri,29001,6041,61.0,25343.0
2022-03-22,Adair,Missouri,29001,6047,62.0,25343.0
2022-03-23,Adair,Missouri,29001,6047,62.0,25343.0
2022-03-24,Adair,Missouri,29001,6047,62.0,25343.0
2022-03-25,Adair,Missouri,29001,6047,62.0,25343.0
2022-03-26,Adair,Missouri,29001,6047,62.0,25343.0
2022-03-27,Adair,Missouri,29001,6047,62.0,25343.0
2022-03-28,Adair,Missouri,29001,6047,62.0,25343.0
2022-03-29,Adair,Missouri,29001,6054,62.0,25343.0
2022-03-30,Adair,Missouri,29001,6054,62.0,25343.0
2022-03-31,Adair,Missouri,29001,6054,62.0,25343.0
2022-04-01,Adair,Missouri,29001,6054,62.0,25343.0
2022-04-02,Adair,Missouri,29001,6054,62.0,25343.0
2022-04-03,Adair,Missouri,29001,6054,62.0,25343.0
2022-04-04,Adair,Missouri,29001,6054,62.0,25343.0
2022-04-05,Adair,Missouri,29001,6054,62.0,25343.0
2022-04-06,Adair,Missouri,29001,6062,62.0,25343.0
2022-04-07,Adair,Missouri,29001,6062,62.0,25343.0
2022-04-08,Adair,Missouri,29001,6062,62.0,25343.0
2022-04-09,Adair,Missouri,29001,6062,62.0,25343.0
2022-04-10,Adair,Missouri,29001,6062,62.0,25343.0
2022-04-11,Adair,Missouri,29001,6071,62.0,25343.0
2022-04-12,Adair,Missouri,29001,6071,62.0,25343.0
2022-04-13,Adair,Missouri,29001,6071,62.0,25343.0
2022-04-14,Adair,Missouri,29001,6071,62.0,25343.0
2022-04-15,Adair,Missouri,29001,6071,62.0,25343.0
2022-04-16,Adair,Missouri,29001,6071,62.0,25343.0
2022-04-17,Adair,Missouri,29001,6071,62.0,25343.0
2022-04-18,Adair,Missouri,29001,6071,62.0,25343.0
2022-04-19,Adair,Missouri,29001,6086,62.0,25343.0
2022-04-20,Adair,Missouri,29001,6086,62.0,25343.0
2022-04-21,Adair,Missouri,29001,6086,62.0,25343.0
2022-04-22,Adair,Missouri,29001,6086,62.0,25343.0
2022-04-23,Adair,Missouri,29001,6086,62.0,25343.0
2022-04-24,Adair,Missouri,29001,6086,62.0,25343.0
2022-04-25,Adair,Missouri,29001,6086,62.0,25343.0
2022-04-26,Adair,Missouri,29001,6095,62.0,25343.0
2022-04-27,Adair,Missouri,29001,6095,62.0,25343.0
2022-04-28,Adair,Missouri,29001,6095,62.0,25343.0
2022-04-29,Adair,Missouri,29001,6095,62.0,25343.0
2022-04-30,Adair,Missouri,29001,6095,62.0,25343.0
2021-12-01,Boone,Missouri,29019,26747,189.0,180463.0
2021-12-02,Boone,Missouri,29019,26810,189.0,180463.0
2021-12-03,Boone,Missouri,29019,26897,189.0,180463.0
2021-12-04,Boone,Missouri,29019,26897,189.0,180463.0
2021-12-05,Boone,Missouri,29019,26897,189.0,180463.0
2021-12-06,Boone,Missouri,29019,27025,189.0,180463.0
2021-12-07,Boone,Missouri,29019,27070,190.0,180463.0
2021-12-08,Boone,Missouri,29019,27161,191.0,180463.0
2021-12-09,Boone,Missouri,29019,27260,191.0,180463.0
2021-12-10,Boone,Missouri,29019,27309,191.0,180463.0
2021-12-11,Boone,Missouri,29019,27309,191.0,180463.0
2021-12-12,Boone,Missouri,29019,27309,191.0,180463.0
2021-12-13,Boone,Missouri,29019,27439,191.0,180463.0
2021-12-14,Boone,Missouri,29019,27528,194.0,180463.0
2021-12-15,Boone,Missouri,29019,27604,194.0,180463.0
2021-12-16,Boone,Missouri,29019,27661,194.0,180463.0
2021-12-17,Boone,Missouri,29019,27753,194.0,180463.0
2021-12-18,Boone,Missouri,29019,27753,194.0,180463.0
2021-12-19,Boone,Missouri,29019,27753,194.0,180463.0
2021-12-20,Boone,Missouri,29019,27930,194.0,180463.0
2021-12-21,Boone,Missouri,29019,27994,196.0,180463.0
2021-12-22,Boone,Missouri,29019,28062,196.0,180463.0
2021-12-23,Boone,Missouri,29019,28136,200.0,180463.0
2021-12-24,Boone,Missouri,29019,28136,200.0,180463.0
2021-12-25,Boone,Missouri,29019,28136,200.0,180463.0
2021-12-26,Boone,Missouri,29019,28136,200.0,180463.0
2021-12-27,Boone,Missouri,29019,28386,201.0,180463.0
2021-12-28,Boone,Missouri,29019,28497,203.0,180463.0
2021-12-29,Boone,Missouri,29019,28697,203.0,180463.0
2021-12-30,Boone,Missouri,29019,28880,203.0,180463.0
2021-12-31,Boone,Missouri,29019,28880,203.0,180463.0
2022-01-01,Boone,Missouri,29019,28880,203.0,180463.0
2022-01-02,Boone,Missouri,29019,28880,203.0,180463.0
2022-01-03,Boone,Missouri,29019,29375,203.0,180463.0
2022-01-04,Boone,Missouri,29019,29704,204.0,180463.0
2022-01-05,Boone,Missouri,29019,30033,204.0,180463.0
2022-01-06,Boone,Missouri,29019,30460,209.0,180463.0
2022-01-07,Boone,Missouri,29019,30737,209.0,180463.0
2022-01-08,Boone,Missouri,29019,31232,209.0,180463.0
2022-01-09,Boone,Missouri,29019,31485,209.0,180463.0
2022-01-10,Boone,Missouri,29019,31704,209.0,180463.0
2022-01-11,Boone,Missouri,29019,32116,208.0,180463.0
2022-01-12,Boone,Missouri,29019,32813,208.0,180463.0
2022-01-13,Boone,Missouri,29019,33574,208.0,180463.0
2022-01-14,Boone,Missouri,29019,34238,209.0,180463.0
2022-01-15,Boone,Missouri,29019,35010,209.0,180463.0
2022-01-16,Boone,Missouri,29019,35011,209.0,180463.0
2022-01-17,Boone,Missouri,29019,35011,209.0,180463.0
2022-01-18,Boone,Missouri,29019,35969,209.0,180463.0
2022-01-19,Boone,Missouri,29019,36631,210.0,180463.0
2022-01-20,Boone,Missouri,29019,37375,210.0,180463.0
2022-01-21,Boone,Missouri,29019,38094,211.0,180463.0
2022-01-22,Boone,Missouri,29019,38563,211.0,180463.0
2022-01-23,Boone,Missouri,29019,38916,211.0,180463.0
2022-01-24,Boone,Missouri,29019,39036,211.0,180463.0
2022-01-25,Boone,Missouri,29019,39313,211.0,180463.0
2022-01-26,Boone,Missouri,29019,39701,211.0,180463.0
2022-01-27,Boone,Missouri,29019,40193,213.0,180463.0
2022-01-28,Boone,Missouri,29019,40534,215.0,180463.0
2022-01-29,Boone,Missouri,29019,40974,215.0,180463.0
2022-01-30,Boone,Missouri,29019,41020,215.0,180463.0
2022-01-31,Boone,Missouri,29019,41077,215.0,180463.0
2022-02-01,Boone,Missouri,29019,41230,217.0,180463.0
2022-02-02,Boone,Missouri,29019,41488,217.0,180463.0
2022-02-03,Boone,Missouri,29019,41661,218.0,180463.0
2022-02-04,Boone,Missouri,29019,41747,218.0,180463.0
2022-02-05,Boone,Missouri,29019,41887,221.0,180463.0
2022-02-06,Boone,Missouri,29019,41966,221.0,180463.0
2022-02-07,Boone,Missouri,29019,42012,221.0,180463.0
2022-02-08,Boone,Missouri,29019,42141,224.0,180463.0
2022-02-09,Boone,Missouri,29019,42307,228.0,180463.0
2022-02-10,Boone,Missouri,29019,42419,229.0,180463.0
2022-02-11,Boone,Missouri,29019,42421,229.0,180463.0
2022-02-12,Boone,Missouri,29019,42421,229.0,180463.0
2022-02-13,Boone,Missouri,29019,42421,229.0,180463.0
2022-02-14,Boone,Missouri,29019,42650,229.0,180463.0
2022-02-15,Boone,Missouri,29019,42720,235.0,180463.0
2022-02-16,Boone,Missouri,29019,42774,235.0,180463.0
2022-02-17,Boone,Missouri,29019,42818,235.0,180463.0
2022-02-18,Boone,Missouri,29019,42865,235.0,180463.0
2022-02-19,Boone,Missouri,29019,42865,235.0,180463.0
2022-02-20,Boone,Missouri,29019,42865,235.0,180463.0
2022-02-21,Boone,Missouri,29019,42865,235.0,180463.0
2022-02-22,Boone,Missouri,29019,42914,235.0,180463.0
2022-02-23,Boone,Missouri,29019,42951,235.0,180463.0
2022-02-24,Boone,Missouri,29019,42976,239.0,180463.0
2022-02-25,Boone,Missouri,29019,43007,239.0,180463.0
2022-02-26,Boone,Missouri,29019,43007,239.0,180463.0
2022-02-27,Boone,Missouri,29019,43007,239.0,180463.0
2022-02-28,Boone,Missouri,29019,43043,239.0,180463.0
2022-03-01,Boone,Missouri,29019,43062,241.0,180463.0
2022-03-02,Boone,Missouri,29019,43093,241.0,180463.0
2022-03-03,Boone,Missouri,29019,43109,241.0,180463.0
2022-03-04,Boone,Missouri,29019,43120,241.0,180463.0
2022-03-05,Boone,Missouri,29019,43120,241.0,180463.0
2022-03-06,Boone,Missouri,29019,43120,241.0,180463.0
2022-03-07,Boone,Missouri,29019,43143,241.0,180463.0
2022-03-08,Boone,Missouri,29019,43160,244.0,180463.0
2022-03-09,Boone,Missouri,29019,43162,244.0,180463.0
2022-03-10,Boone,Missouri,29019,43180,244.0,180463.0
2022-03-11,Boone,Missouri,29019,43184,244.0,180463.0
2022-03-12,Boone,Missouri,29019,43184,244.0,180463.0
2022-03-13,Boone,Missouri,29019,43184,244.0,180463.0
2022-03-14,Boone,Missouri,29019,43200,244.0,180463.0
2022-03-15,Boone,Missouri,29019,43226,246.0,180463.0
2022-03-16,Boone,Missouri,29019,43234,246.0,180463.0
2022-03-17,Boone,Missouri,29019,43254,246.0,180463.0
2022-03-18,Boone,Missouri,29019,43265,246.0,180463.0
2022-03-19,Boone,Missouri,29019,43265,246.0,180463.0
2022-03-20,Boone,Missouri,29019,43265,246.0,180463.0
2022-03-21,Boone,Missouri,29019,43269,246.0,180463.0
2022-03-22,Boone,Missouri,29019,43284,246.0,180463.0
2022-03-23,Boone,Missouri,29019,43287,247.0,180463.0
2022-03-24,Boone,Missouri,29019,43297,247.0,180463.0
2022-03-25,Boone,Missouri,29019,43302,247.0,180463.0
2022-03-26,Boone,Missouri,29019,43302,247.0,180463.0
2022-03-27,Boone,Missouri,29019,43302,247.0,180463.0
2022-03-28,Boone,Missouri,29019,43315,247.0,180463.0
2022-03-29,Boone,Missouri,29019,43323,250.0,180463.0
2022-03-30,Boone,Missouri,29019,43333,250.0,180463.0
2022-03-31,Boone,Missouri,29019,43350,250.0,180463.0
2022-04-01,Boone,Missouri,29019,43350,250.0,180463.0
2022-04-02,Boone,Missouri,29019,43350,250.0,180463.0
2022-04-03,Boone,Missouri,29019,43350,250.0,180463.0
2022-04-04,Boone,Missouri,29019,43350,250.0,180463.0
2022-04-05,Boone,Missouri,29019,43350,250.0,180463.0
2022-04-06,Boone,Missouri,29019,43350,250.0,180463.0
2022-04-07,Boone,Missouri,29019,43350,250.0,180463.0
2022-04-08,Boone,Missouri,29019,43350,250.0,180463.0
2022-04-09,Boone,Missouri,29019,43350,250.0,180463.0
2022-04-10,Boone,Missouri,29019,43350,250.0,180463.0
2022-04-11,Boone,Missouri,29019,43350,250.0,180463.0
2022-04-12,Boone,Missouri,29019,43350,250.0,180463.0
2022-04-13,Boone,Missouri,29019,43350,250.0,180463.0
2022-04-14,Boone,Missouri,29019,43350,250.0,180463.0
2022-04-15,Boone,Missouri,29019,43350,250.0,180463.0
2022-04-16,Boone,Missouri,29019,43350,250.0,180463.0
2022-04-17,Boone,Missouri,29019,43350,250.0,180463.0
2022-04-18,Boone,Missouri,29019,43350,250.0,180463.0
2022-04-19,Boone,Missouri,29019,43350,250.0,180463.0
2022-04-20,Boone,Missouri,29019,43350,250.0,180463.0
2022-04-21,Boone,Missouri,29019,43350,250.0,180463.0
2022-04-22,Boone,Missouri,29019,43350,250.0,180463.0
2022-04-23,Boone,Missouri,29019,43350,250.0,180463.0
2022-04-24,Boone,Missouri,29019,43350,250.0,180463.0
2022-04-25,Boone,Missouri,29019,43350,250.0,180463.0
2022-04-26,Boone,Missouri,29019,43350,250.0,180463.0
2022-04-27,Boone,Missouri,29019,43350,250.0,180463.0
2022-04-28,Boone,Missouri,29019,43350,250.0,180463.0
2022-04-29,Boone,Missouri,29019,43350,250.0,180463.0
2022-04-30,Boone,Missouri,29019,43350,250.0,180463.0
2021-12-01,Phelps,Missouri,29161,6738,193.0,44573.0
2021-12-02,Phelps,Missouri,29161,6774,193.0,44573.0
2021-12-03,Phelps,Missouri,29161,6774,193.0,44573.0
2021-12-04,Phelps,Missouri,29161,6820,194.0,44573.0
2021-12-05,Phelps,Missouri,29161,6827,195.0,44573.0
2021-12-06,Phelps,Missouri,29161,6857,195.0,44573.0
2021-12-07,Phelps,Missouri,29161,6882,195.0,44573.0
2021-12-08,Phelps,Missouri,29161,6915,195.0,44573.0
2021-12-09,Phelps,Missouri,29161,6944,195.0,44573.0
2021-12-10,Phelps,Missouri,29161,6970,195.0,44573.0
2021-12-11,Phelps,Missouri,29161,6999,196.0,44573.0
2021-12-12,Phelps,Missouri,29161,7021,196.0,44573.0
2021-12-13,Phelps,Missouri,29161,7027,196.0,44573.0
2021-12-14,Phelps,Missouri,29161,7050,197.0,44573.0
2021-12-15,Phelps,Missouri,29161,7087,197.0,44573.0
2021-12-16,Phelps,Missouri,29161,7132,197.0,44573.0
2021-12-17,Phelps,Missouri,29161,7158,197.0,44573.0
2021-12-18,Phelps,Missouri,29161,7180,197.0,44573.0
2021-12-19,Phelps,Missouri,29161,7198,197.0,44573.0
2021-12-20,Phelps,Missouri,29161,7210,197.0,44573.0
2021-12-21,Phelps,Missouri,29161,7233,198.0,44573.0
2021-12-22,Phelps,Missouri,29161,7269,198.0,44573.0
2021-12-23,Phelps,Missouri,29161,7315,198.0,44573.0
2021-12-24,Phelps,Missouri,29161,7315,198.0,44573.0
2021-12-25,Phelps,Missouri,29161,7315,198.0,44573.0
2021-12-26,Phelps,Missouri,29161,7315,198.0,44573.0
2021-12-27,Phelps,Missouri,29161,7369,199.0,44573.0
2021-12-28,Phelps,Missouri,29161,7389,199.0,44573.0
2021-12-29,Phelps,Missouri,29161,7432,199.0,44573.0
2021-12-30,Phelps,Missouri,29161,7480,201.0,44573.0
2021-12-31,Phelps,Missouri,29161,7480,201.0,44573.0
2022-01-01,Phelps,Missouri,29161,7480,201.0,44573.0
2022-01-02,Phelps,Missouri,29161,7480,201.0,44573.0
2022-01-03,Phelps,Missouri,29161,7605,201.0,44573.0
2022-01-04,Phelps,Missouri,29161,7639,202.0,44573.0
2022-01-05,Phelps,Missouri,29161,7711,204.0,44573.0
2022-01-06,Phelps,Missouri,29161,7790,204.0,44573.0
2022-01-07,Phelps,Missouri,29161,7889,205.0,44573.0
2022-01-08,Phelps,Missouri,29161,8008,205.0,44573.0
2022-01-09,Phelps,Missouri,29161,8014,205.0,44573.0
2022-01-10,Phelps,Missouri,29161,8038,205.0,44573.0
2022-01-11,Phelps,Missouri,29161,8164,207.0,44573.0
2022-01-12,Phelps,Missouri,29161,8258,207.0,44573.0
2022-01-13,Phelps,Missouri,29161,8347,207.0,44573.0
2022-01-14,Phelps,Missouri,29161,8389,208.0,44573.0
2022-01-15,Phelps,Missouri,29161,8542,209.0,44573.0
2022-01-16,Phelps,Missouri,29161,8542,209.0,44573.0
2022-01-17,Phelps,Missouri,29161,8542,209.0,44573.0
2022-01-18,Phelps,Missouri,29161,8689,209.0,44573.0
2022-01-19,Phelps,Missouri,29161,8849,211.0,44573.0
2022-01-20,Phelps,Missouri,29161,8918,211.0,44573.0
2022-01-21,Phelps,Missouri,29161,8938,212.0,44573.0
2022-01-22,Phelps,Missouri,29161,8980,212.0,44573.0
2022-01-23,Phelps,Missouri,29161,9010,212.0,44573.0
2022-01-24,Phelps,Missouri,29161,9046,212.0,44573.0
2022-01-25,Phelps,Missouri,29161,9108,213.0,44573.0
2022-01-26,Phelps,Missouri,29161,9179,213.0,44573.0
2022-01-27,Phelps,Missouri,29161,9269,213.0,44573.0
2022-01-28,Phelps,Missouri,29161,9336,213.0,44573.0
2022-01-29,Phelps,Missouri,29161,9387,213.0,44573.0
2022-01-30,Phelps,Missouri,29161,9399,213.0,44573.0
2022-01-31,Phelps,Missouri,29161,9423,214.0,44573.0
2022-02-01,Phelps,Missouri,29161,9462,214.0,44573.0
2022-02-02,Phelps,Missouri,29161,9549,216.0,44573.0
2022-02-03,Phelps,Missouri,29161,9584,216.0,44573.0
2022-02-04,Phelps,Missouri,29161,9596,216.0,44573.0
2022-02-05,Phelps,Missouri,29161,9621,216.0,44573.0
2022-02-06,Phelps,Missouri,29161,9647,222.0,44573.0
2022-02-07,Phelps,Missouri,29161,9659,222.0,44573.0
2022-02-08,Phelps,Missouri,29161,9686,224.0,44573.0
2022-02-09,Phelps,Missouri,29161,9706,224.0,44573.0
2022-02-10,Phelps,Missouri,29161,9741,224.0,44573.0
2022-02-11,Phelps,Missouri,29161,9741,224.0,44573.0
2022-02-12,Phelps,Missouri,29161,9741,224.0,44573.0
2022-02-13,Phelps,Missouri,29161,9741,224.0,44573.0
2022-02-14,Phelps,Missouri,29161,9785,224.0,44573.0
2022-02-15,Phelps,Missouri,29161,9810,225.0,44573.0
2022-02-16,Phelps,Missouri,29161,9830,225.0,44573.0
2022-02-17,Phelps,Missouri,29161,9854,225.0,44573.0
2022-02-18,Phelps,Missouri,29161,9857,225.0,44573.0
2022-02-19,Phelps,Missouri,29161,9857,225.0,44573.0
2022-02-20,Phelps,Missouri,29161,9857,225.0,44573.0
2022-02-21,Phelps,Missouri,29161,9857,225.0,44573.0
2022-02-22,Phelps,Missouri,29161,9889,226.0,44573.0
2022-02-23,Phelps,Missouri,29161,9918,228.0,44573.0
2022-02-24,Phelps,Missouri,29161,9929,229.0,44573.0
2022-02-25,Phelps,Missouri,29161,9938,229.0,44573.0
2022-02-26,Phelps,Missouri,29161,9938,229.0,44573.0
2022-02-27,Phelps,Missouri,29161,9938,229.0,44573.0
2022-02-28,Phelps,Missouri,29161,9951,229.0,44573.0
2022-03-01,Phelps,Missouri,29161,9962,230.0,44573.0
2022-03-02,Phelps,Missouri,29161,9964,231.0,44573.0
2022-03-03,Phelps,Missouri,29161,9977,231.0,44573.0
2022-03-04,Phelps,Missouri,29161,9987,231.0,44573.0
2022-03-05,Phelps,Missouri,29161,9987,231.0,44573.0
2022-03-06,Phelps,Missouri,29161,9987,231.0,44573.0
2022-03-07,Phelps,Missouri,29161,10015,231.0,44573.0
2022-03-08,Phelps,Missouri,29161,10021,234.0,44573.0
2022-03-09,Phelps,Missouri,29161,10026,234.0,44573.0
2022-03-10,Phelps,Missouri,29161,10050,235.0,44573.0
2022-03-11,Phelps,Missouri,29161,10060,235.0,44573.0
2022-03-12,Phelps,Missouri,29161,10060,235.0,44573.0
2022-03-13,Phelps,Missouri,29161,10060,235.0,44573.0
2022-03-14,Phelps,Missouri,29161,10070,235.0,44573.0
2022-03-15,Phelps,Missouri,29161,10082,236.0,44573.0
2022-03-16,Phelps,Missouri,29161,10104,237.0,44573.0
2022-03-17,Phelps,Missouri,29161,10110,237.0,44573.0
2022-03-18,Phelps,Missouri,29161,10115,237.0,44573.0
2022-03-19,Phelps,Missouri,29161,10115,237.0,44573.0
2022-03-20,Phelps,Missouri,29161,10115,237.0,44573.0
2022-03-21,Phelps,Missouri,29161,10127,237.0,44573.0
2022-03-22,Phelps,Missouri,29161,10131,236.0,44573.0
2022-03-23,Phelps,Missouri,29161,10137,237.0,44573.0
2022-03-24,Phelps,Missouri,29161,10153,237.0,44573.0
2022-03-25,Phelps,Missouri,29161,10158,237.0,44573.0
2022-03-26,Phelps,Missouri,29161,10158,237.0,44573.0
2022-03-27,Phelps,Missouri,29161,10158,237.0,44573.0
2022-03-28,Phelps,Missouri,29161,10173,239.0,44573.0
2022-03-29,Phelps,Missouri,29161,10178,240.0,44573.0
2022-03-30,Phelps,Missouri,29161,10180,240.0,44573.0
2022-03-31,Phelps,Missouri,29161,10185,240.0,44573.0
2022-04-01,Phelps,Missouri,29161,10185,240.0,44573.0
2022-04-02,Phelps,Missouri,29161,10185,240.0,44573.0
2022-04-03,Phelps,Missouri,29161,10185,240.0,44573.0
2022-04-04,Phelps,Missouri,29161,10185,240.0,44573.0
2022-04-05,Phelps,Missouri,29161,10185,240.0,44573.0
2022-04-06,Phelps,Missouri,29161,10185,240.0,44573.0
2022-04-07,Phelps,Missouri,29161,10185,240.0,44573.0
2022-04-08,Phelps,Missouri,29161,10185,240.0,44573.0
2022-04-09,Phelps,Missouri,29161,10185,240.0,44573.0
2022-04-10,Phelps,Missouri,29161,10185,240.0,44573.0
2022-04-11,Phelps,Missouri,29161,10185,240.0,44573.0
2022-04-12,Phelps,Missouri,29161,10185,240.0,44573.0
2022-04-13,Phelps,Missouri,29161,10185,240.0,44573.0
2022-04-14,Phelps,Missouri,29161,10185,240.0,44573.0
2022-04-15,Phelps,Missouri,29161,10185,240.0,44573.0
2022-04-16,Phelps,Missouri,29161,10185,240.0,44573.0
2022-04-17,Phelps,Missouri,29161,10185,240.0,44573.0
2022-04-18,Phelps,Missouri,29161,10185,240.0,44573.0
2022-04-19,Phelps,Missouri,29161,10185,240.0,44573.0
2022-04-20,Phelps,Missouri,29161,10185,240.0,44573.0
2022-04-21,Phelps,Missouri,29161,10185,240.0,44573.0
2022-04-22,Phelps,Missouri,29161,10185,240.0,44573.0
2022-04-23,Phelps,Missouri,29161,10185,240.0,44573.0
2022-04-24,Phelps,Missouri,29161,10185,240.0,44573.0
2022-04-25,Phelps,Missouri,29161,10185,240.0,44573.0
2022-04-26,Phelps,Missouri,29161,10185,240.0,44573.0
2022-04-27,Phelps,Missouri,29161,10185,240.0,44573.0
2022-04-28,Phelps,Missouri,29161,10185,240.0,44573.0
2022-04-29,Phelps,Missouri,29161,10185,240.0,44573.0
2022-04-30,Phelps,Missouri,29161,10185,240.0,44573.0
2021-12-01,Beaverhead,Montana,30001,1579,22.0,9453.0
2021-12-02,Beaverhead,Montana,30001,1581,22.0,9453.0
2021-12-03,Beaverhead,Montana,30001,1582,22.0,9453.0
2021-12-04,Beaverhead,Montana,30001,1582,22.0,9453.0
2021-12-05,Beaverhead,Montana,30001,1582,22.0,9453.0
2021-12-06,Beaverhead,Montana,30001,1582,22.0,9453.0
2021-12-07,Beaverhead,Montana,30001,1590,22.0,9453.0
2021-12-08,Beaverhead,Montana,30001,1592,22.0,9453.0
2021-12-09,Beaverhead,Montana,30001,1591,22.0,9453.0
2021-12-10,Beaverhead,Montana,30001,1592,22.0,9453.0
2021-12-11,Beaverhead,Montana,30001,1592,22.0,9453.0
2021-12-12,Beaverhead,Montana,30001,1592,22.0,9453.0
2021-12-13,Beaverhead,Montana,30001,1592,22.0,9453.0
2021-12-14,Beaverhead,Montana,30001,1592,22.0,9453.0
2021-12-15,Beaverhead,Montana,30001,1591,23.0,9453.0
2021-12-16,Beaverhead,Montana,30001,1593,23.0,9453.0
2021-12-17,Beaverhead,Montana,30001,1594,23.0,9453.0
2021-12-18,Beaverhead,Montana,30001,1594,23.0,9453.0
2021-12-19,Beaverhead,Montana,30001,1594,23.0,9453.0
2021-12-20,Beaverhead,Montana,30001,1595,23.0,9453.0
2021-12-21,Beaverhead,Montana,30001,1595,23.0,9453.0
2021-12-22,Beaverhead,Montana,30001,1601,23.0,9453.0
2021-12-23,Beaverhead,Montana,30001,1600,23.0,9453.0
2021-12-24,Beaverhead,Montana,30001,1600,23.0,9453.0
2021-12-25,Beaverhead,Montana,30001,1600,23.0,9453.0
2021-12-26,Beaverhead,Montana,30001,1600,23.0,9453.0
2021-12-27,Beaverhead,Montana,30001,1601,23.0,9453.0
2021-12-28,Beaverhead,Montana,30001,1601,23.0,9453.0
2021-12-29,Beaverhead,Montana,30001,1609,23.0,9453.0
2021-12-30,Beaverhead,Montana,30001,1611,23.0,9453.0
2021-12-31,Beaverhead,Montana,30001,1611,23.0,9453.0
2022-01-01,Beaverhead,Montana,30001,1611,23.0,9453.0
2022-01-02,Beaverhead,Montana,30001,1611,23.0,9453.0
2022-01-03,Beaverhead,Montana,30001,1615,23.0,9453.0
2022-01-04,Beaverhead,Montana,30001,1624,23.0,9453.0
2022-01-05,Beaverhead,Montana,30001,1630,23.0,9453.0
2022-01-06,Beaverhead,Montana,30001,1642,23.0,9453.0
2022-01-07,Beaverhead,Montana,30001,1647,23.0,9453.0
2022-01-08,Beaverhead,Montana,30001,1647,23.0,9453.0
2022-01-09,Beaverhead,Montana,30001,1647,23.0,9453.0
2022-01-10,Beaverhead,Montana,30001,1652,23.0,9453.0
2022-01-11,Beaverhead,Montana,30001,1670,23.0,9453.0
2022-01-12,Beaverhead,Montana,30001,1677,24.0,9453.0
2022-01-13,Beaverhead,Montana,30001,1688,24.0,9453.0
2022-01-14,Beaverhead,Montana,30001,1699,24.0,9453.0
2022-01-15,Beaverhead,Montana,30001,1699,24.0,9453.0
2022-01-16,Beaverhead,Montana,30001,1699,24.0,9453.0
2022-01-17,Beaverhead,Montana,30001,1699,24.0,9453.0
2022-01-18,Beaverhead,Montana,30001,1706,24.0,9453.0
2022-01-19,Beaverhead,Montana,30001,1745,24.0,9453.0
2022-01-20,Beaverhead,Montana,30001,1778,24.0,9453.0
2022-01-21,Beaverhead,Montana,30001,1809,24.0,9453.0
2022-01-22,Beaverhead,Montana,30001,1809,24.0,9453.0
2022-01-23,Beaverhead,Montana,30001,1809,24.0,9453.0
2022-01-24,Beaverhead,Montana,30001,1834,24.0,9453.0
2022-01-25,Beaverhead,Montana,30001,1855,24.0,9453.0
2022-01-26,Beaverhead,Montana,30001,1889,24.0,9453.0
2022-01-27,Beaverhead,Montana,30001,1938,24.0,9453.0
2022-01-28,Beaverhead,Montana,30001,1953,24.0,9453.0
2022-01-29,Beaverhead,Montana,30001,1953,24.0,9453.0
2022-01-30,Beaverhead,Montana,30001,1953,24.0,9453.0
2022-01-31,Beaverhead,Montana,30001,1974,24.0,9453.0
2022-02-01,Beaverhead,Montana,30001,1977,24.0,9453.0
2022-02-02,Beaverhead,Montana,30001,1982,24.0,9453.0
2022-02-03,Beaverhead,Montana,30001,1985,24.0,9453.0
2022-02-04,Beaverhead,Montana,30001,2020,24.0,9453.0
2022-02-05,Beaverhead,Montana,30001,2020,24.0,9453.0
2022-02-06,Beaverhead,Montana,30001,2020,24.0,9453.0
2022-02-07,Beaverhead,Montana,30001,2035,24.0,9453.0
2022-02-08,Beaverhead,Montana,30001,2046,24.0,9453.0
2022-02-09,Beaverhead,Montana,30001,2059,24.0,9453.0
2022-02-10,Beaverhead,Montana,30001,2064,24.0,9453.0
2022-02-11,Beaverhead,Montana,30001,2065,25.0,9453.0
2022-02-12,Beaverhead,Montana,30001,2065,25.0,9453.0
2022-02-13,Beaverhead,Montana,30001,2065,25.0,9453.0
2022-02-14,Beaverhead,Montana,30001,2068,25.0,9453.0
2022-02-15,Beaverhead,Montana,30001,2071,25.0,9453.0
2022-02-16,Beaverhead,Montana,30001,2075,25.0,9453.0
2022-02-17,Beaverhead,Montana,30001,2078,25.0,9453.0
2022-02-18,Beaverhead,Montana,30001,2093,26.0,9453.0
2022-02-19,Beaverhead,Montana,30001,2093,26.0,9453.0
2022-02-20,Beaverhead,Montana,30001,2093,26.0,9453.0
2022-02-21,Beaverhead,Montana,30001,2093,26.0,9453.0
2022-02-22,Beaverhead,Montana,30001,2096,28.0,9453.0
2022-02-23,Beaverhead,Montana,30001,2102,28.0,9453.0
2022-02-24,Beaverhead,Montana,30001,2103,28.0,9453.0
2022-02-25,Beaverhead,Montana,30001,2104,28.0,9453.0
2022-02-26,Beaverhead,Montana,30001,2104,28.0,9453.0
2022-02-27,Beaverhead,Montana,30001,2104,28.0,9453.0
2022-02-28,Beaverhead,Montana,30001,2106,28.0,9453.0
2022-03-01,Beaverhead,Montana,30001,2109,28.0,9453.0
2022-03-02,Beaverhead,Montana,30001,2111,28.0,9453.0
2022-03-03,Beaverhead,Montana,30001,2112,28.0,9453.0
2022-03-04,Beaverhead,Montana,30001,2116,28.0,9453.0
2022-03-05,Beaverhead,Montana,30001,2116,28.0,9453.0
2022-03-06,Beaverhead,Montana,30001,2116,28.0,9453.0
2022-03-07,Beaverhead,Montana,30001,2117,28.0,9453.0
2022-03-08,Beaverhead,Montana,30001,2117,28.0,9453.0
2022-03-09,Beaverhead,Montana,30001,2118,28.0,9453.0
2022-03-10,Beaverhead,Montana,30001,2118,28.0,9453.0
2022-03-11,Beaverhead,Montana,30001,2118,28.0,9453.0
2022-03-12,Beaverhead,Montana,30001,2118,28.0,9453.0
2022-03-13,Beaverhead,Montana,30001,2118,28.0,9453.0
2022-03-14,Beaverhead,Montana,30001,2119,28.0,9453.0
2022-03-15,Beaverhead,Montana,30001,2120,28.0,9453.0
2022-03-16,Beaverhead,Montana,30001,2120,28.0,9453.0
2022-03-17,Beaverhead,Montana,30001,2120,28.0,9453.0
2022-03-18,Beaverhead,Montana,30001,2122,28.0,9453.0
2022-03-19,Beaverhead,Montana,30001,2122,28.0,9453.0
2022-03-20,Beaverhead,Montana,30001,2122,28.0,9453.0
2022-03-21,Beaverhead,Montana,30001,2123,28.0,9453.0
2022-03-22,Beaverhead,Montana,30001,2124,28.0,9453.0
2022-03-23,Beaverhead,Montana,30001,2125,28.0,9453.0
2022-03-24,Beaverhead,Montana,30001,2127,29.0,9453.0
2022-03-25,Beaverhead,Montana,30001,2127,29.0,9453.0
2022-03-26,Beaverhead,Montana,30001,2127,29.0,9453.0
2022-03-27,Beaverhead,Montana,30001,2127,29.0,9453.0
2022-03-28,Beaverhead,Montana,30001,2127,29.0,9453.0
2022-03-29,Beaverhead,Montana,30001,2128,29.0,9453.0
2022-03-30,Beaverhead,Montana,30001,2130,29.0,9453.0
2022-03-31,Beaverhead,Montana,30001,2130,29.0,9453.0
2022-04-01,Beaverhead,Montana,30001,2131,29.0,9453.0
2022-04-02,Beaverhead,Montana,30001,2131,29.0,9453.0
2022-04-03,Beaverhead,Montana,30001,2131,29.0,9453.0
2022-04-04,Beaverhead,Montana,30001,2131,29.0,9453.0
2022-04-05,Beaverhead,Montana,30001,2131,29.0,9453.0
2022-04-06,Beaverhead,Montana,30001,2131,29.0,9453.0
2022-04-07,Beaverhead,Montana,30001,2131,29.0,9453.0
2022-04-08,Beaverhead,Montana,30001,2131,29.0,9453.0
2022-04-09,Beaverhead,Montana,30001,2131,29.0,9453.0
2022-04-10,Beaverhead,Montana,30001,2131,29.0,9453.0
2022-04-11,Beaverhead,Montana,30001,2131,29.0,9453.0
2022-04-12,Beaverhead,Montana,30001,2131,29.0,9453.0
2022-04-13,Beaverhead,Montana,30001,2131,29.0,9453.0
2022-04-14,Beaverhead,Montana,30001,2131,29.0,9453.0
2022-04-15,Beaverhead,Montana,30001,2131,29.0,9453.0
2022-04-16,Beaverhead,Montana,30001,2131,29.0,9453.0
2022-04-17,Beaverhead,Montana,30001,2131,29.0,9453.0
2022-04-18,Beaverhead,Montana,30001,2131,29.0,9453.0
2022-04-19,Beaverhead,Montana,30001,2131,29.0,9453.0
2022-04-20,Beaverhead,Montana,30001,2132,29.0,9453.0
2022-04-21,Beaverhead,Montana,30001,2132,29.0,9453.0
2022-04-22,Beaverhead,Montana,30001,2132,29.0,9453.0
2022-04-23,Beaverhead,Montana,30001,2132,29.0,9453.0
2022-04-24,Beaverhead,Montana,30001,2132,29.0,9453.0
2022-04-25,Beaverhead,Montana,30001,2132,29.0,9453.0
2022-04-26,Beaverhead,Montana,30001,2133,29.0,9453.0
2022-04-27,Beaverhead,Montana,30001,2133,29.0,9453.0
2022-04-28,Beaverhead,Montana,30001,2135,30.0,9453.0
2022-04-29,Beaverhead,Montana,30001,2135,30.0,9453.0
2022-04-30,Beaverhead,Montana,30001,2135,30.0,9453.0
2021-12-01,Gallatin,Montana,30031,22466,102.0,114434.0
2021-12-02,Gallatin,Montana,30031,22507,102.0,114434.0
2021-12-03,Gallatin,Montana,30031,22567,102.0,114434.0
2021-12-04,Gallatin,Montana,30031,22567,102.0,114434.0
2021-12-05,Gallatin,Montana,30031,22567,102.0,114434.0
2021-12-06,Gallatin,Montana,30031,22609,103.0,114434.0
2021-12-07,Gallatin,Montana,30031,22682,103.0,114434.0
2021-12-08,Gallatin,Montana,30031,22714,103.0,114434.0
2021-12-09,Gallatin,Montana,30031,22751,103.0,114434.0
2021-12-10,Gallatin,Montana,30031,22775,103.0,114434.0
2021-12-11,Gallatin,Montana,30031,22775,103.0,114434.0
2021-12-12,Gallatin,Montana,30031,22775,103.0,114434.0
2021-12-13,Gallatin,Montana,30031,22792,103.0,114434.0
2021-12-14,Gallatin,Montana,30031,22842,103.0,114434.0
2021-12-15,Gallatin,Montana,30031,22888,103.0,114434.0
2021-12-16,Gallatin,Montana,30031,22913,104.0,114434.0
2021-12-17,Gallatin,Montana,30031,22935,104.0,114434.0
2021-12-18,Gallatin,Montana,30031,22935,104.0,114434.0
2021-12-19,Gallatin,Montana,30031,22935,104.0,114434.0
2021-12-20,Gallatin,Montana,30031,22955,104.0,114434.0
2021-12-21,Gallatin,Montana,30031,23021,104.0,114434.0
2021-12-22,Gallatin,Montana,30031,23083,104.0,114434.0
2021-12-23,Gallatin,Montana,30031,23136,104.0,114434.0
2021-12-24,Gallatin,Montana,30031,23136,104.0,114434.0
2021-12-25,Gallatin,Montana,30031,23136,104.0,114434.0
2021-12-26,Gallatin,Montana,30031,23136,104.0,114434.0
2021-12-27,Gallatin,Montana,30031,23214,104.0,114434.0
2021-12-28,Gallatin,Montana,30031,23214,104.0,114434.0
2021-12-29,Gallatin,Montana,30031,23574,104.0,114434.0
2021-12-30,Gallatin,Montana,30031,23574,104.0,114434.0
2021-12-31,Gallatin,Montana,30031,23574,104.0,114434.0
2022-01-01,Gallatin,Montana,30031,23574,104.0,114434.0
2022-01-02,Gallatin,Montana,30031,23574,104.0,114434.0
2022-01-03,Gallatin,Montana,30031,23846,104.0,114434.0
2022-01-04,Gallatin,Montana,30031,24195,104.0,114434.0
2022-01-05,Gallatin,Montana,30031,24465,107.0,114434.0
2022-01-06,Gallatin,Montana,30031,24784,107.0,114434.0
2022-01-07,Gallatin,Montana,30031,25048,107.0,114434.0
2022-01-08,Gallatin,Montana,30031,25048,107.0,114434.0
2022-01-09,Gallatin,Montana,30031,25048,107.0,114434.0
2022-01-10,Gallatin,Montana,30031,25802,107.0,114434.0
2022-01-11,Gallatin,Montana,30031,26334,107.0,114434.0
2022-01-12,Gallatin,Montana,30031,26812,107.0,114434.0
2022-01-13,Gallatin,Montana,30031,27366,107.0,114434.0
2022-01-14,Gallatin,Montana,30031,27839,108.0,114434.0
2022-01-15,Gallatin,Montana,30031,27839,108.0,114434.0
2022-01-16,Gallatin,Montana,30031,27839,108.0,114434.0
2022-01-17,Gallatin,Montana,30031,27839,108.0,114434.0
2022-01-18,Gallatin,Montana,30031,29246,108.0,114434.0
2022-01-19,Gallatin,Montana,30031,29509,108.0,114434.0
2022-01-20,Gallatin,Montana,30031,29976,108.0,114434.0
2022-01-21,Gallatin,Montana,30031,30246,111.0,114434.0
2022-01-22,Gallatin,Montana,30031,30246,111.0,114434.0
2022-01-23,Gallatin,Montana,30031,30246,111.0,114434.0
2022-01-24,Gallatin,Montana,30031,31021,111.0,114434.0
2022-01-25,Gallatin,Montana,30031,31527,111.0,114434.0
2022-01-26,Gallatin,Montana,30031,31583,111.0,114434.0
2022-01-27,Gallatin,Montana,30031,32171,111.0,114434.0
2022-01-28,Gallatin,Montana,30031,32410,113.0,114434.0
2022-01-29,Gallatin,Montana,30031,32410,113.0,114434.0
2022-01-30,Gallatin,Montana,30031,32410,113.0,114434.0
2022-01-31,Gallatin,Montana,30031,32557,113.0,114434.0
2022-02-01,Gallatin,Montana,30031,32651,113.0,114434.0
2022-02-02,Gallatin,Montana,30031,32842,113.0,114434.0
2022-02-03,Gallatin,Montana,30031,32936,113.0,114434.0
2022-02-04,Gallatin,Montana,30031,33171,113.0,114434.0
2022-02-05,Gallatin,Montana,30031,33171,113.0,114434.0
2022-02-06,Gallatin,Montana,30031,33171,113.0,114434.0
2022-02-07,Gallatin,Montana,30031,33285,113.0,114434.0
2022-02-08,Gallatin,Montana,30031,33379,113.0,114434.0
2022-02-09,Gallatin,Montana,30031,33457,113.0,114434.0
2022-02-10,Gallatin,Montana,30031,33539,113.0,114434.0
2022-02-11,Gallatin,Montana,30031,33608,113.0,114434.0
2022-02-12,Gallatin,Montana,30031,33608,113.0,114434.0
2022-02-13,Gallatin,Montana,30031,33608,113.0,114434.0
2022-02-14,Gallatin,Montana,30031,33674,113.0,114434.0
2022-02-15,Gallatin,Montana,30031,33674,113.0,114434.0
2022-02-16,Gallatin,Montana,30031,33762,114.0,114434.0
2022-02-17,Gallatin,Montana,30031,33817,114.0,114434.0
2022-02-18,Gallatin,Montana,30031,33850,114.0,114434.0
2022-02-19,Gallatin,Montana,30031,33850,114.0,114434.0
2022-02-20,Gallatin,Montana,30031,33850,114.0,114434.0
2022-02-21,Gallatin,Montana,30031,33850,114.0,114434.0
2022-02-22,Gallatin,Montana,30031,33927,116.0,114434.0
2022-02-23,Gallatin,Montana,30031,33992,116.0,114434.0
2022-02-24,Gallatin,Montana,30031,34034,116.0,114434.0
2022-02-25,Gallatin,Montana,30031,34045,116.0,114434.0
2022-02-26,Gallatin,Montana,30031,34045,116.0,114434.0
2022-02-27,Gallatin,Montana,30031,34045,116.0,114434.0
2022-02-28,Gallatin,Montana,30031,34089,116.0,114434.0
2022-03-01,Gallatin,Montana,30031,34126,116.0,114434.0
2022-03-02,Gallatin,Montana,30031,34155,116.0,114434.0
2022-03-03,Gallatin,Montana,30031,34168,116.0,114434.0
2022-03-04,Gallatin,Montana,30031,34168,116.0,114434.0
2022-03-05,Gallatin,Montana,30031,34168,116.0,114434.0
2022-03-06,Gallatin,Montana,30031,34168,116.0,114434.0
2022-03-07,Gallatin,Montana,30031,34202,116.0,114434.0
2022-03-08,Gallatin,Montana,30031,34228,116.0,114434.0
2022-03-09,Gallatin,Montana,30031,34253,116.0,114434.0
2022-03-10,Gallatin,Montana,30031,34262,116.0,114434.0
2022-03-11,Gallatin,Montana,30031,34268,116.0,114434.0
2022-03-12,Gallatin,Montana,30031,34268,116.0,114434.0
2022-03-13,Gallatin,Montana,30031,34268,116.0,114434.0
2022-03-14,Gallatin,Montana,30031,34280,116.0,114434.0
2022-03-15,Gallatin,Montana,30031,34298,116.0,114434.0
2022-03-16,Gallatin,Montana,30031,34304,116.0,114434.0
2022-03-17,Gallatin,Montana,30031,34309,116.0,114434.0
2022-03-18,Gallatin,Montana,30031,34313,117.0,114434.0
2022-03-19,Gallatin,Montana,30031,34313,117.0,114434.0
2022-03-20,Gallatin,Montana,30031,34313,117.0,114434.0
2022-03-21,Gallatin,Montana,30031,34323,118.0,114434.0
2022-03-22,Gallatin,Montana,30031,34330,118.0,114434.0
2022-03-23,Gallatin,Montana,30031,34337,118.0,114434.0
2022-03-24,Gallatin,Montana,30031,34339,118.0,114434.0
2022-03-25,Gallatin,Montana,30031,34343,118.0,114434.0
2022-03-26,Gallatin,Montana,30031,34343,118.0,114434.0
2022-03-27,Gallatin,Montana,30031,34343,118.0,114434.0
2022-03-28,Gallatin,Montana,30031,34352,119.0,114434.0
2022-03-29,Gallatin,Montana,30031,34361,119.0,114434.0
2022-03-30,Gallatin,Montana,30031,34370,119.0,114434.0
2022-03-31,Gallatin,Montana,30031,34374,119.0,114434.0
2022-04-01,Gallatin,Montana,30031,34384,119.0,114434.0
2022-04-02,Gallatin,Montana,30031,34384,119.0,114434.0
2022-04-03,Gallatin,Montana,30031,34384,119.0,114434.0
2022-04-04,Gallatin,Montana,30031,34390,119.0,114434.0
2022-04-05,Gallatin,Montana,30031,34397,119.0,114434.0
2022-04-06,Gallatin,Montana,30031,34417,119.0,114434.0
2022-04-07,Gallatin,Montana,30031,34422,119.0,114434.0
2022-04-08,Gallatin,Montana,30031,34424,119.0,114434.0
2022-04-09,Gallatin,Montana,30031,34424,119.0,114434.0
2022-04-10,Gallatin,Montana,30031,34424,119.0,114434.0
2022-04-11,Gallatin,Montana,30031,34436,119.0,114434.0
2022-04-12,Gallatin,Montana,30031,34443,119.0,114434.0
2022-04-13,Gallatin,Montana,30031,34443,119.0,114434.0
2022-04-14,Gallatin,Montana,30031,34449,119.0,114434.0
2022-04-15,Gallatin,Montana,30031,34458,119.0,114434.0
2022-04-16,Gallatin,Montana,30031,34458,119.0,114434.0
2022-04-17,Gallatin,Montana,30031,34458,119.0,114434.0
2022-04-18,Gallatin,Montana,30031,34468,119.0,114434.0
2022-04-19,Gallatin,Montana,30031,34487,119.0,114434.0
2022-04-20,Gallatin,Montana,30031,34503,119.0,114434.0
2022-04-21,Gallatin,Montana,30031,34512,119.0,114434.0
2022-04-22,Gallatin,Montana,30031,34524,119.0,114434.0
2022-04-23,Gallatin,Montana,30031,34524,119.0,114434.0
2022-04-24,Gallatin,Montana,30031,34524,119.0,114434.0
2022-04-25,Gallatin,Montana,30031,34533,119.0,114434.0
2022-04-26,Gallatin,Montana,30031,34549,119.0,114434.0
2022-04-27,Gallatin,Montana,30031,34564,119.0,114434.0
2022-04-28,Gallatin,Montana,30031,34603,119.0,114434.0
2022-04-29,Gallatin,Montana,30031,34625,122.0,114434.0
2022-04-30,Gallatin,Montana,30031,34625,122.0,114434.0
2021-12-01,Washoe,Nevada,32031,68787,972.0,471519.0
2021-12-02,Washoe,Nevada,32031,68892,974.0,471519.0
2021-12-03,Washoe,Nevada,32031,69037,977.0,471519.0
2021-12-04,Washoe,Nevada,32031,69037,977.0,471519.0
2021-12-05,Washoe,Nevada,32031,69037,977.0,471519.0
2021-12-06,Washoe,Nevada,32031,69285,982.0,471519.0
2021-12-07,Washoe,Nevada,32031,69332,982.0,471519.0
2021-12-08,Washoe,Nevada,32031,69422,988.0,471519.0
2021-12-09,Washoe,Nevada,32031,69549,989.0,471519.0
2021-12-10,Washoe,Nevada,32031,69660,996.0,471519.0
2021-12-11,Washoe,Nevada,32031,69660,996.0,471519.0
2021-12-12,Washoe,Nevada,32031,69660,996.0,471519.0
2021-12-13,Washoe,Nevada,32031,69920,997.0,471519.0
2021-12-14,Washoe,Nevada,32031,69978,1002.0,471519.0
2021-12-15,Washoe,Nevada,32031,70049,1002.0,471519.0
2021-12-16,Washoe,Nevada,32031,70141,1003.0,471519.0
2021-12-17,Washoe,Nevada,32031,70241,1003.0,471519.0
2021-12-18,Washoe,Nevada,32031,70241,1003.0,471519.0
2021-12-19,Washoe,Nevada,32031,70241,1003.0,471519.0
2021-12-20,Washoe,Nevada,32031,70489,1006.0,471519.0
2021-12-21,Washoe,Nevada,32031,70549,1010.0,471519.0
2021-12-22,Washoe,Nevada,32031,70653,1011.0,471519.0
2021-12-23,Washoe,Nevada,32031,70772,1013.0,471519.0
2021-12-24,Washoe,Nevada,32031,70772,1013.0,471519.0
2021-12-25,Washoe,Nevada,32031,70772,1013.0,471519.0
2021-12-26,Washoe,Nevada,32031,70772,1013.0,471519.0
2021-12-27,Washoe,Nevada,32031,71116,1015.0,471519.0
2021-12-28,Washoe,Nevada,32031,71286,1015.0,471519.0
2021-12-29,Washoe,Nevada,32031,71546,1015.0,471519.0
2021-12-30,Washoe,Nevada,32031,72020,1016.0,471519.0
2021-12-31,Washoe,Nevada,32031,72020,1016.0,471519.0
2022-01-01,Washoe,Nevada,32031,72020,1016.0,471519.0
2022-01-02,Washoe,Nevada,32031,72020,1016.0,471519.0
2022-01-03,Washoe,Nevada,32031,73008,1020.0,471519.0
2022-01-04,Washoe,Nevada,32031,73298,1020.0,471519.0
2022-01-05,Washoe,Nevada,32031,73731,1025.0,471519.0
2022-01-06,Washoe,Nevada,32031,74304,1025.0,471519.0
2022-01-07,Washoe,Nevada,32031,75399,1027.0,471519.0
2022-01-08,Washoe,Nevada,32031,75399,1027.0,471519.0
2022-01-09,Washoe,Nevada,32031,75399,1027.0,471519.0
2022-01-10,Washoe,Nevada,32031,77315,1030.0,471519.0
2022-01-11,Washoe,Nevada,32031,78412,1030.0,471519.0
2022-01-12,Washoe,Nevada,32031,79094,1033.0,471519.0
2022-01-13,Washoe,Nevada,32031,79923,1036.0,471519.0
2022-01-14,Washoe,Nevada,32031,81129,1036.0,471519.0
2022-01-15,Washoe,Nevada,32031,81129,1036.0,471519.0
2022-01-16,Washoe,Nevada,32031,81129,1036.0,471519.0
2022-01-17,Washoe,Nevada,32031,81129,1036.0,471519.0
2022-01-18,Washoe,Nevada,32031,84877,1040.0,471519.0
2022-01-19,Washoe,Nevada,32031,85778,1041.0,471519.0
2022-01-20,Washoe,Nevada,32031,87021,1041.0,471519.0
2022-01-21,Washoe,Nevada,32031,88651,1044.0,471519.0
2022-01-22,Washoe,Nevada,32031,88651,1044.0,471519.0
2022-01-23,Washoe,Nevada,32031,88651,1044.0,471519.0
2022-01-24,Washoe,Nevada,32031,91631,1047.0,471519.0
2022-01-25,Washoe,Nevada,32031,92547,1050.0,471519.0
2022-01-26,Washoe,Nevada,32031,93212,1052.0,471519.0
2022-01-27,Washoe,Nevada,32031,94280,1055.0,471519.0
2022-01-28,Washoe,Nevada,32031,95261,1059.0,471519.0
2022-01-29,Washoe,Nevada,32031,95261,1059.0,471519.0
2022-01-30,Washoe,Nevada,32031,95261,1059.0,471519.0
2022-01-31,Washoe,Nevada,32031,96999,1065.0,471519.0
2022-02-01,Washoe,Nevada,32031,97267,1068.0,471519.0
2022-02-02,Washoe,Nevada,32031,97894,1078.0,471519.0
2022-02-03,Washoe,Nevada,32031,98428,1088.0,471519.0
2022-02-04,Washoe,Nevada,32031,98818,1093.0,471519.0
2022-02-05,Washoe,Nevada,32031,98818,1093.0,471519.0
2022-02-06,Washoe,Nevada,32031,98818,1093.0,471519.0
2022-02-07,Washoe,Nevada,32031,99614,1102.0,471519.0
2022-02-08,Washoe,Nevada,32031,99837,1106.0,471519.0
2022-02-09,Washoe,Nevada,32031,100144,1107.0,471519.0
2022-02-10,Washoe,Nevada,32031,100446,1109.0,471519.0
2022-02-11,Washoe,Nevada,32031,100673,1111.0,471519.0
2022-02-12,Washoe,Nevada,32031,100673,1111.0,471519.0
2022-02-13,Washoe,Nevada,32031,100673,1111.0,471519.0
2022-02-14,Washoe,Nevada,32031,101074,1112.0,471519.0
2022-02-15,Washoe,Nevada,32031,101128,1118.0,471519.0
2022-02-16,Washoe,Nevada,32031,101260,1120.0,471519.0
2022-02-17,Washoe,Nevada,32031,101322,1128.0,471519.0
2022-02-18,Washoe,Nevada,32031,101471,1128.0,471519.0
2022-02-19,Washoe,Nevada,32031,101471,1128.0,471519.0
2022-02-20,Washoe,Nevada,32031,101471,1128.0,471519.0
2022-02-21,Washoe,Nevada,32031,101471,1128.0,471519.0
2022-02-22,Washoe,Nevada,32031,101752,1134.0,471519.0
2022-02-23,Washoe,Nevada,32031,101745,1136.0,471519.0
2022-02-24,Washoe,Nevada,32031,102092,1142.0,471519.0
2022-02-25,Washoe,Nevada,32031,102276,1143.0,471519.0
2022-02-26,Washoe,Nevada,32031,102276,1143.0,471519.0
2022-02-27,Washoe,Nevada,32031,102276,1143.0,471519.0
2022-02-28,Washoe,Nevada,32031,102400,1147.0,471519.0
2022-03-01,Washoe,Nevada,32031,102416,1147.0,471519.0
2022-03-02,Washoe,Nevada,32031,102524,1147.0,471519.0
2022-03-03,Washoe,Nevada,32031,102641,1150.0,471519.0
2022-03-04,Washoe,Nevada,32031,102671,1157.0,471519.0
2022-03-05,Washoe,Nevada,32031,102671,1157.0,471519.0
2022-03-06,Washoe,Nevada,32031,102671,1157.0,471519.0
2022-03-07,Washoe,Nevada,32031,102716,1159.0,471519.0
2022-03-08,Washoe,Nevada,32031,102717,1162.0,471519.0
2022-03-09,Washoe,Nevada,32031,102736,1164.0,471519.0
2022-03-10,Washoe,Nevada,32031,102749,1165.0,471519.0
2022-03-11,Washoe,Nevada,32031,102747,1167.0,471519.0
2022-03-12,Washoe,Nevada,32031,102747,1167.0,471519.0
2022-03-13,Washoe,Nevada,32031,102747,1167.0,471519.0
2022-03-14,Washoe,Nevada,32031,102747,1167.0,471519.0
2022-03-15,Washoe,Nevada,32031,102747,1167.0,471519.0
2022-03-16,Washoe,Nevada,32031,104065,1169.0,471519.0
2022-03-17,Washoe,Nevada,32031,104065,1169.0,471519.0
2022-03-18,Washoe,Nevada,32031,104065,1169.0,471519.0
2022-03-19,Washoe,Nevada,32031,104065,1169.0,471519.0
2022-03-20,Washoe,Nevada,32031,104065,1169.0,471519.0
2022-03-21,Washoe,Nevada,32031,104065,1169.0,471519.0
2022-03-22,Washoe,Nevada,32031,104065,1169.0,471519.0
2022-03-23,Washoe,Nevada,32031,104188,1177.0,471519.0
2022-03-24,Washoe,Nevada,32031,104188,1177.0,471519.0
2022-03-25,Washoe,Nevada,32031,104188,1177.0,471519.0
2022-03-26,Washoe,Nevada,32031,104188,1177.0,471519.0
2022-03-27,Washoe,Nevada,32031,104188,1177.0,471519.0
2022-03-28,Washoe,Nevada,32031,104188,1177.0,471519.0
2022-03-29,Washoe,Nevada,32031,104188,1177.0,471519.0
2022-03-30,Washoe,Nevada,32031,104346,1179.0,471519.0
2022-03-31,Washoe,Nevada,32031,104346,1179.0,471519.0
2022-04-01,Washoe,Nevada,32031,104346,1179.0,471519.0
2022-04-02,Washoe,Nevada,32031,104346,1179.0,471519.0
2022-04-03,Washoe,Nevada,32031,104346,1179.0,471519.0
2022-04-04,Washoe,Nevada,32031,104346,1179.0,471519.0
2022-04-05,Washoe,Nevada,32031,104346,1179.0,471519.0
2022-04-06,Washoe,Nevada,32031,104517,1184.0,471519.0
2022-04-07,Washoe,Nevada,32031,104517,1184.0,471519.0
2022-04-08,Washoe,Nevada,32031,104517,1184.0,471519.0
2022-04-09,Washoe,Nevada,32031,104517,1184.0,471519.0
2022-04-10,Washoe,Nevada,32031,104517,1184.0,471519.0
2022-04-11,Washoe,Nevada,32031,104517,1184.0,471519.0
2022-04-12,Washoe,Nevada,32031,104517,1184.0,471519.0
2022-04-13,Washoe,Nevada,32031,104684,1192.0,471519.0
2022-04-14,Washoe,Nevada,32031,104684,1192.0,471519.0
2022-04-15,Washoe,Nevada,32031,104684,1192.0,471519.0
2022-04-16,Washoe,Nevada,32031,104684,1192.0,471519.0
2022-04-17,Washoe,Nevada,32031,104684,1192.0,471519.0
2022-04-18,Washoe,Nevada,32031,104684,1192.0,471519.0
2022-04-19,Washoe,Nevada,32031,104684,1192.0,471519.0
2022-04-20,Washoe,Nevada,32031,104836,1193.0,471519.0
2022-04-21,Washoe,Nevada,32031,104836,1193.0,471519.0
2022-04-22,Washoe,Nevada,32031,104836,1193.0,471519.0
2022-04-23,Washoe,Nevada,32031,104836,1193.0,471519.0
2022-04-24,Washoe,Nevada,32031,104836,1193.0,471519.0
2022-04-25,Washoe,Nevada,32031,104836,1193.0,471519.0
2022-04-26,Washoe,Nevada,32031,104836,1193.0,471519.0
2022-04-27,Washoe,Nevada,32031,105094,1195.0,471519.0
2022-04-28,Washoe,Nevada,32031,105094,1195.0,471519.0
2022-04-29,Washoe,Nevada,32031,105094,1195.0,471519.0
2022-04-30,Washoe,Nevada,32031,105094,1195.0,471519.0
2021-12-01,Essex,New Jersey,34013,109956,3180.0,798975.0
2021-12-02,Essex,New Jersey,34013,110247,3180.0,798975.0
2021-12-03,Essex,New Jersey,34013,110553,3180.0,798975.0
2021-12-04,Essex,New Jersey,34013,110843,3180.0,798975.0
2021-12-05,Essex,New Jersey,34013,111007,3180.0,798975.0
2021-12-06,Essex,New Jersey,34013,111165,3180.0,798975.0
2021-12-07,Essex,New Jersey,34013,111461,3182.0,798975.0
2021-12-08,Essex,New Jersey,34013,111764,3182.0,798975.0
2021-12-09,Essex,New Jersey,34013,112155,3182.0,798975.0
2021-12-10,Essex,New Jersey,34013,112607,3182.0,798975.0
2021-12-11,Essex,New Jersey,34013,112889,3183.0,798975.0
2021-12-12,Essex,New Jersey,34013,113256,3183.0,798975.0
2021-12-13,Essex,New Jersey,34013,113555,3184.0,798975.0
2021-12-14,Essex,New Jersey,34013,113901,3184.0,798975.0
2021-12-15,Essex,New Jersey,34013,114324,3190.0,798975.0
2021-12-16,Essex,New Jersey,34013,115110,3191.0,798975.0
2021-12-17,Essex,New Jersey,34013,115900,3192.0,798975.0
2021-12-18,Essex,New Jersey,34013,117063,3194.0,798975.0
2021-12-19,Essex,New Jersey,34013,118190,3195.0,798975.0
2021-12-20,Essex,New Jersey,34013,119389,3197.0,798975.0
2021-12-21,Essex,New Jersey,34013,120592,3199.0,798975.0
2021-12-22,Essex,New Jersey,34013,122618,3200.0,798975.0
2021-12-23,Essex,New Jersey,34013,125770,3203.0,798975.0
2021-12-24,Essex,New Jersey,34013,128827,3203.0,798975.0
2021-12-25,Essex,New Jersey,34013,132320,3204.0,798975.0
2021-12-26,Essex,New Jersey,34013,134967,3204.0,798975.0
2021-12-27,Essex,New Jersey,34013,136288,3203.0,798975.0
2021-12-28,Essex,New Jersey,34013,138474,3204.0,798975.0
2021-12-29,Essex,New Jersey,34013,141881,3210.0,798975.0
2021-12-30,Essex,New Jersey,34013,147588,3212.0,798975.0
2021-12-31,Essex,New Jersey,34013,151892,3212.0,798975.0
2022-01-01,Essex,New Jersey,34013,156341,3212.0,798975.0
2022-01-02,Essex,New Jersey,34013,160249,3212.0,798975.0
2022-01-03,Essex,New Jersey,34013,163322,3213.0,798975.0
2022-01-04,Essex,New Jersey,34013,166712,3216.0,798975.0
2022-01-05,Essex,New Jersey,34013,170220,3219.0,798975.0
2022-01-06,Essex,New Jersey,34013,173220,3229.0,798975.0
2022-01-07,Essex,New Jersey,34013,177129,3234.0,798975.0
2022-01-08,Essex,New Jersey,34013,180218,3244.0,798975.0
2022-01-09,Essex,New Jersey,34013,183325,3245.0,798975.0
2022-01-10,Essex,New Jersey,34013,185276,3245.0,798975.0
2022-01-11,Essex,New Jersey,34013,187866,3257.0,798975.0
2022-01-12,Essex,New Jersey,34013,189925,3274.0,798975.0
2022-01-13,Essex,New Jersey,34013,192332,3288.0,798975.0
2022-01-14,Essex,New Jersey,34013,194269,3295.0,798975.0
2022-01-15,Essex,New Jersey,34013,195604,3305.0,798975.0
2022-01-16,Essex,New Jersey,34013,196998,3306.0,798975.0
2022-01-17,Essex,New Jersey,34013,197824,3308.0,798975.0
2022-01-18,Essex,New Jersey,34013,198794,3307.0,798975.0
2022-01-19,Essex,New Jersey,34013,199815,3328.0,798975.0
2022-01-20,Essex,New Jersey,34013,200614,3348.0,798975.0
2022-01-21,Essex,New Jersey,34013,201485,3368.0,798975.0
2022-01-22,Essex,New Jersey,34013,202007,3380.0,798975.0
2022-01-23,Essex,New Jersey,34013,202653,3380.0,798975.0
2022-01-24,Essex,New Jersey,34013,203037,3380.0,798975.0
2022-01-25,Essex,New Jersey,34013,203352,3397.0,798975.0
2022-01-26,Essex,New Jersey,34013,203789,3421.0,798975.0
2022-01-27,Essex,New Jersey,34013,204254,3433.0,798975.0
2022-01-28,Essex,New Jersey,34013,204653,3440.0,798975.0
2022-01-29,Essex,New Jersey,34013,205016,3444.0,798975.0
2022-01-30,Essex,New Jersey,34013,205097,3444.0,798975.0
2022-01-31,Essex,New Jersey,34013,205202,3445.0,798975.0
2022-02-01,Essex,New Jersey,34013,205394,3453.0,798975.0
2022-02-02,Essex,New Jersey,34013,205644,3468.0,798975.0
2022-02-03,Essex,New Jersey,34013,205976,3472.0,798975.0
2022-02-04,Essex,New Jersey,34013,206149,3479.0,798975.0
2022-02-05,Essex,New Jersey,34013,206309,3490.0,798975.0
2022-02-06,Essex,New Jersey,34013,206434,3491.0,798975.0
2022-02-07,Essex,New Jersey,34013,206450,3493.0,798975.0
2022-02-08,Essex,New Jersey,34013,206534,3501.0,798975.0
2022-02-09,Essex,New Jersey,34013,206682,3511.0,798975.0
2022-02-10,Essex,New Jersey,34013,206962,3519.0,798975.0
2022-02-11,Essex,New Jersey,34013,207128,3524.0,798975.0
2022-02-12,Essex,New Jersey,34013,207221,3526.0,798975.0
2022-02-13,Essex,New Jersey,34013,207297,3527.0,798975.0
2022-02-14,Essex,New Jersey,34013,207375,3529.0,798975.0
2022-02-15,Essex,New Jersey,34013,207506,3532.0,798975.0
2022-02-16,Essex,New Jersey,34013,207671,3536.0,798975.0
2022-02-17,Essex,New Jersey,34013,207838,3539.0,798975.0
2022-02-18,Essex,New Jersey,34013,208065,3542.0,798975.0
2022-02-19,Essex,New Jersey,34013,208150,3547.0,798975.0
2022-02-20,Essex,New Jersey,34013,208314,3549.0,798975.0
2022-02-21,Essex,New Jersey,34013,208366,3552.0,798975.0
2022-02-22,Essex,New Jersey,34013,208455,3552.0,798975.0
2022-02-23,Essex,New Jersey,34013,208566,3556.0,798975.0
2022-02-24,Essex,New Jersey,34013,208715,3560.0,798975.0
2022-02-25,Essex,New Jersey,34013,208831,3562.0,798975.0
2022-02-26,Essex,New Jersey,34013,208917,3563.0,798975.0
2022-02-27,Essex,New Jersey,34013,209003,3566.0,798975.0
2022-02-28,Essex,New Jersey,34013,209068,3566.0,798975.0
2022-03-01,Essex,New Jersey,34013,209147,3568.0,798975.0
2022-03-02,Essex,New Jersey,34013,209272,3571.0,798975.0
2022-03-03,Essex,New Jersey,34013,209367,3572.0,798975.0
2022-03-04,Essex,New Jersey,34013,209470,3572.0,798975.0
2022-03-05,Essex,New Jersey,34013,209547,3572.0,798975.0
2022-03-06,Essex,New Jersey,34013,209609,3572.0,798975.0
2022-03-07,Essex,New Jersey,34013,209714,3573.0,798975.0
2022-03-08,Essex,New Jersey,34013,209817,3574.0,798975.0
2022-03-09,Essex,New Jersey,34013,209933,3577.0,798975.0
2022-03-10,Essex,New Jersey,34013,210034,3578.0,798975.0
2022-03-11,Essex,New Jersey,34013,210190,3581.0,798975.0
2022-03-12,Essex,New Jersey,34013,210190,3581.0,798975.0
2022-03-13,Essex,New Jersey,34013,210274,3584.0,798975.0
2022-03-14,Essex,New Jersey,34013,210309,3586.0,798975.0
2022-03-15,Essex,New Jersey,34013,210392,3586.0,798975.0
2022-03-16,Essex,New Jersey,34013,210566,3586.0,798975.0
2022-03-17,Essex,New Jersey,34013,210663,3588.0,798975.0
2022-03-18,Essex,New Jersey,34013,210817,3588.0,798975.0
2022-03-19,Essex,New Jersey,34013,210873,3589.0,798975.0
2022-03-20,Essex,New Jersey,34013,210918,3590.0,798975.0
2022-03-21,Essex,New Jersey,34013,210971,3591.0,798975.0
2022-03-22,Essex,New Jersey,34013,210981,3592.0,798975.0
2022-03-23,Essex,New Jersey,34013,211125,3592.0,798975.0
2022-03-24,Essex,New Jersey,34013,211272,3592.0,798975.0
2022-03-25,Essex,New Jersey,34013,211374,3593.0,798975.0
2022-03-26,Essex,New Jersey,34013,211467,3593.0,798975.0
2022-03-27,Essex,New Jersey,34013,211554,3593.0,798975.0
2022-03-28,Essex,New Jersey,34013,211625,3593.0,798975.0
2022-03-29,Essex,New Jersey,34013,211693,3593.0,798975.0
2022-03-30,Essex,New Jersey,34013,211827,3593.0,798975.0
2022-03-31,Essex,New Jersey,34013,211952,3593.0,798975.0
2022-04-01,Essex,New Jersey,34013,212094,3594.0,798975.0
2022-04-02,Essex,New Jersey,34013,212234,3594.0,798975.0
2022-04-03,Essex,New Jersey,34013,212335,3594.0,798975.0
2022-04-04,Essex,New Jersey,34013,212437,3595.0,798975.0
2022-04-05,Essex,New Jersey,34013,212590,3594.0,798975.0
2022-04-06,Essex,New Jersey,34013,212763,3595.0,798975.0
2022-04-07,Essex,New Jersey,34013,212946,3596.0,798975.0
2022-04-08,Essex,New Jersey,34013,213147,3597.0,798975.0
2022-04-09,Essex,New Jersey,34013,213301,3597.0,798975.0
2022-04-10,Essex,New Jersey,34013,213485,3597.0,798975.0
2022-04-11,Essex,New Jersey,34013,213607,3598.0,798975.0
2022-04-12,Essex,New Jersey,34013,213770,3598.0,798975.0
2022-04-13,Essex,New Jersey,34013,213994,3598.0,798975.0
2022-04-14,Essex,New Jersey,34013,214304,3599.0,798975.0
2022-04-15,Essex,New Jersey,34013,214304,3599.0,798975.0
2022-04-16,Essex,New Jersey,34013,214767,3600.0,798975.0
2022-04-17,Essex,New Jersey,34013,214933,3600.0,798975.0
2022-04-18,Essex,New Jersey,34013,215010,3598.0,798975.0
2022-04-19,Essex,New Jersey,34013,215155,3600.0,798975.0
2022-04-20,Essex,New Jersey,34013,215359,3600.0,798975.0
2022-04-21,Essex,New Jersey,34013,215585,3601.0,798975.0
2022-04-22,Essex,New Jersey,34013,215839,3601.0,798975.0
2022-04-23,Essex,New Jersey,34013,216059,3602.0,798975.0
2022-04-24,Essex,New Jersey,34013,216241,3602.0,798975.0
2022-04-25,Essex,New Jersey,34013,216385,3603.0,798975.0
2022-04-26,Essex,New Jersey,34013,216680,3603.0,798975.0
2022-04-27,Essex,New Jersey,34013,216999,3604.0,798975.0
2022-04-28,Essex,New Jersey,34013,217255,3604.0,798975.0
2022-04-29,Essex,New Jersey,34013,217586,3604.0,798975.0
2022-04-30,Essex,New Jersey,34013,217910,3604.0,798975.0
2021-12-01,Mercer,New Jersey,34021,41834,1033.0,367430.0
2021-12-02,Mercer,New Jersey,34021,41999,1034.0,367430.0
2021-12-03,Mercer,New Jersey,34021,42155,1037.0,367430.0
2021-12-04,Mercer,New Jersey,34021,42309,1037.0,367430.0
2021-12-05,Mercer,New Jersey,34021,42410,1037.0,367430.0
2021-12-06,Mercer,New Jersey,34021,42518,1038.0,367430.0
2021-12-07,Mercer,New Jersey,34021,42640,1041.0,367430.0
2021-12-08,Mercer,New Jersey,34021,42810,1043.0,367430.0
2021-12-09,Mercer,New Jersey,34021,42997,1043.0,367430.0
2021-12-10,Mercer,New Jersey,34021,43178,1048.0,367430.0
2021-12-11,Mercer,New Jersey,34021,43348,1048.0,367430.0
2021-12-12,Mercer,New Jersey,34021,43493,1048.0,367430.0
2021-12-13,Mercer,New Jersey,34021,43619,1049.0,367430.0
2021-12-14,Mercer,New Jersey,34021,43744,1049.0,367430.0
2021-12-15,Mercer,New Jersey,34021,43918,1053.0,367430.0
2021-12-16,Mercer,New Jersey,34021,44148,1054.0,367430.0
2021-12-17,Mercer,New Jersey,34021,44380,1054.0,367430.0
2021-12-18,Mercer,New Jersey,34021,44572,1059.0,367430.0
2021-12-19,Mercer,New Jersey,34021,44798,1059.0,367430.0
2021-12-20,Mercer,New Jersey,34021,45010,1060.0,367430.0
2021-12-21,Mercer,New Jersey,34021,45231,1062.0,367430.0
2021-12-22,Mercer,New Jersey,34021,45565,1063.0,367430.0
2021-12-23,Mercer,New Jersey,34021,46062,1063.0,367430.0
2021-12-24,Mercer,New Jersey,34021,46601,1064.0,367430.0
2021-12-25,Mercer,New Jersey,34021,47018,1064.0,367430.0
2021-12-26,Mercer,New Jersey,34021,47355,1064.0,367430.0
2021-12-27,Mercer,New Jersey,34021,47645,1063.0,367430.0
2021-12-28,Mercer,New Jersey,34021,48073,1065.0,367430.0
2021-12-29,Mercer,New Jersey,34021,48851,1067.0,367430.0
2021-12-30,Mercer,New Jersey,34021,50027,1069.0,367430.0
2021-12-31,Mercer,New Jersey,34021,51226,1072.0,367430.0
2022-01-01,Mercer,New Jersey,34021,52396,1074.0,367430.0
2022-01-02,Mercer,New Jersey,34021,53265,1075.0,367430.0
2022-01-03,Mercer,New Jersey,34021,53771,1075.0,367430.0
2022-01-04,Mercer,New Jersey,34021,54761,1079.0,367430.0
2022-01-05,Mercer,New Jersey,34021,56241,1082.0,367430.0
2022-01-06,Mercer,New Jersey,34021,57431,1084.0,367430.0
2022-01-07,Mercer,New Jersey,34021,58851,1086.0,367430.0
2022-01-08,Mercer,New Jersey,34021,60064,1090.0,367430.0
2022-01-09,Mercer,New Jersey,34021,61101,1090.0,367430.0
2022-01-10,Mercer,New Jersey,34021,62012,1090.0,367430.0
2022-01-11,Mercer,New Jersey,34021,63104,1097.0,367430.0
2022-01-12,Mercer,New Jersey,34021,64033,1103.0,367430.0
2022-01-13,Mercer,New Jersey,34021,65039,1113.0,367430.0
2022-01-14,Mercer,New Jersey,34021,65987,1115.0,367430.0
2022-01-15,Mercer,New Jersey,34021,66737,1120.0,367430.0
2022-01-16,Mercer,New Jersey,34021,67499,1121.0,367430.0
2022-01-17,Mercer,New Jersey,34021,67859,1121.0,367430.0
2022-01-18,Mercer,New Jersey,34021,68463,1127.0,367430.0
2022-01-19,Mercer,New Jersey,34021,68799,1136.0,367430.0
2022-01-20,Mercer,New Jersey,34021,69332,1142.0,367430.0
2022-01-21,Mercer,New Jersey,34021,69857,1143.0,367430.0
2022-01-22,Mercer,New Jersey,34021,70243,1149.0,367430.0
2022-01-23,Mercer,New Jersey,34021,70560,1149.0,367430.0
2022-01-24,Mercer,New Jersey,34021,70774,1150.0,367430.0
2022-01-25,Mercer,New Jersey,34021,71037,1159.0,367430.0
2022-01-26,Mercer,New Jersey,34021,71310,1164.0,367430.0
2022-01-27,Mercer,New Jersey,34021,71604,1170.0,367430.0
2022-01-28,Mercer,New Jersey,34021,71915,1176.0,367430.0
2022-01-29,Mercer,New Jersey,34021,72111,1178.0,367430.0
2022-01-30,Mercer,New Jersey,34021,72207,1178.0,367430.0
2022-01-31,Mercer,New Jersey,34021,72305,1178.0,367430.0
2022-02-01,Mercer,New Jersey,34021,72444,1183.0,367430.0
2022-02-02,Mercer,New Jersey,34021,72633,1185.0,367430.0
2022-02-03,Mercer,New Jersey,34021,72830,1191.0,367430.0
2022-02-04,Mercer,New Jersey,34021,73004,1198.0,367430.0
2022-02-05,Mercer,New Jersey,34021,73129,1201.0,367430.0
2022-02-06,Mercer,New Jersey,34021,73201,1202.0,367430.0
2022-02-07,Mercer,New Jersey,34021,73269,1200.0,367430.0
2022-02-08,Mercer,New Jersey,34021,73365,1205.0,367430.0
2022-02-09,Mercer,New Jersey,34021,73423,1210.0,367430.0
2022-02-10,Mercer,New Jersey,34021,73554,1215.0,367430.0
2022-02-11,Mercer,New Jersey,34021,73663,1222.0,367430.0
2022-02-12,Mercer,New Jersey,34021,73744,1226.0,367430.0
2022-02-13,Mercer,New Jersey,34021,73805,1225.0,367430.0
2022-02-14,Mercer,New Jersey,34021,73851,1224.0,367430.0
2022-02-15,Mercer,New Jersey,34021,73931,1226.0,367430.0
2022-02-16,Mercer,New Jersey,34021,74010,1231.0,367430.0
2022-02-17,Mercer,New Jersey,34021,74095,1237.0,367430.0
2022-02-18,Mercer,New Jersey,34021,74196,1237.0,367430.0
2022-02-19,Mercer,New Jersey,34021,74244,1237.0,367430.0
2022-02-20,Mercer,New Jersey,34021,74291,1237.0,367430.0
2022-02-21,Mercer,New Jersey,34021,74314,1238.0,367430.0
2022-02-22,Mercer,New Jersey,34021,74347,1238.0,367430.0
2022-02-23,Mercer,New Jersey,34021,74373,1240.0,367430.0
2022-02-24,Mercer,New Jersey,34021,74412,1242.0,367430.0
2022-02-25,Mercer,New Jersey,34021,74454,1241.0,367430.0
2022-02-26,Mercer,New Jersey,34021,74494,1243.0,367430.0
2022-02-27,Mercer,New Jersey,34021,74517,1241.0,367430.0
2022-02-28,Mercer,New Jersey,34021,74537,1241.0,367430.0
2022-03-01,Mercer,New Jersey,34021,74570,1243.0,367430.0
2022-03-02,Mercer,New Jersey,34021,74641,1244.0,367430.0
2022-03-03,Mercer,New Jersey,34021,74687,1245.0,367430.0
2022-03-04,Mercer,New Jersey,34021,74741,1247.0,367430.0
2022-03-05,Mercer,New Jersey,34021,74794,1248.0,367430.0
2022-03-06,Mercer,New Jersey,34021,74820,1248.0,367430.0
2022-03-07,Mercer,New Jersey,34021,74848,1248.0,367430.0
2022-03-08,Mercer,New Jersey,34021,74892,1250.0,367430.0
2022-03-09,Mercer,New Jersey,34021,74944,1250.0,367430.0
2022-03-10,Mercer,New Jersey,34021,74990,1250.0,367430.0
2022-03-11,Mercer,New Jersey,34021,75032,1251.0,367430.0
2022-03-12,Mercer,New Jersey,34021,75032,1251.0,367430.0
2022-03-13,Mercer,New Jersey,34021,75114,1252.0,367430.0
2022-03-14,Mercer,New Jersey,34021,75143,1252.0,367430.0
2022-03-15,Mercer,New Jersey,34021,75192,1251.0,367430.0
2022-03-16,Mercer,New Jersey,34021,75236,1251.0,367430.0
2022-03-17,Mercer,New Jersey,34021,75274,1251.0,367430.0
2022-03-18,Mercer,New Jersey,34021,75304,1253.0,367430.0
2022-03-19,Mercer,New Jersey,34021,75339,1253.0,367430.0
2022-03-20,Mercer,New Jersey,34021,75360,1253.0,367430.0
2022-03-21,Mercer,New Jersey,34021,75374,1253.0,367430.0
2022-03-22,Mercer,New Jersey,34021,75401,1253.0,367430.0
2022-03-23,Mercer,New Jersey,34021,75443,1253.0,367430.0
2022-03-24,Mercer,New Jersey,34021,75498,1253.0,367430.0
2022-03-25,Mercer,New Jersey,34021,75558,1253.0,367430.0
2022-03-26,Mercer,New Jersey,34021,75620,1253.0,367430.0
2022-03-27,Mercer,New Jersey,34021,75681,1254.0,367430.0
2022-03-28,Mercer,New Jersey,34021,75704,1254.0,367430.0
2022-03-29,Mercer,New Jersey,34021,75762,1255.0,367430.0
2022-03-30,Mercer,New Jersey,34021,75813,1255.0,367430.0
2022-03-31,Mercer,New Jersey,34021,75869,1255.0,367430.0
2022-04-01,Mercer,New Jersey,34021,75940,1255.0,367430.0
2022-04-02,Mercer,New Jersey,34021,75975,1255.0,367430.0
2022-04-03,Mercer,New Jersey,34021,76024,1255.0,367430.0
2022-04-04,Mercer,New Jersey,34021,76063,1256.0,367430.0
2022-04-05,Mercer,New Jersey,34021,76126,1256.0,367430.0
2022-04-06,Mercer,New Jersey,34021,76208,1256.0,367430.0
2022-04-07,Mercer,New Jersey,34021,76314,1256.0,367430.0
2022-04-08,Mercer,New Jersey,34021,76400,1256.0,367430.0
2022-04-09,Mercer,New Jersey,34021,76475,1256.0,367430.0
2022-04-10,Mercer,New Jersey,34021,76546,1256.0,367430.0
2022-04-11,Mercer,New Jersey,34021,76573,1256.0,367430.0
2022-04-12,Mercer,New Jersey,34021,76674,1256.0,367430.0
2022-04-13,Mercer,New Jersey,34021,76765,1256.0,367430.0
2022-04-14,Mercer,New Jersey,34021,76882,1256.0,367430.0
2022-04-15,Mercer,New Jersey,34021,76882,1256.0,367430.0
2022-04-16,Mercer,New Jersey,34021,77087,1256.0,367430.0
2022-04-17,Mercer,New Jersey,34021,77159,1256.0,367430.0
2022-04-18,Mercer,New Jersey,34021,77167,1256.0,367430.0
2022-04-19,Mercer,New Jersey,34021,77225,1255.0,367430.0
2022-04-20,Mercer,New Jersey,34021,77303,1255.0,367430.0
2022-04-21,Mercer,New Jersey,34021,77759,1255.0,367430.0
2022-04-22,Mercer,New Jersey,34021,77888,1255.0,367430.0
2022-04-23,Mercer,New Jersey,34021,78003,1255.0,367430.0
2022-04-24,Mercer,New Jersey,34021,78090,1255.0,367430.0
2022-04-25,Mercer,New Jersey,34021,78153,1256.0,367430.0
2022-04-26,Mercer,New Jersey,34021,78273,1256.0,367430.0
2022-04-27,Mercer,New Jersey,34021,78380,1256.0,367430.0
2022-04-28,Mercer,New Jersey,34021,78509,1257.0,367430.0
2022-04-29,Mercer,New Jersey,34021,78635,1257.0,367430.0
2022-04-30,Mercer,New Jersey,34021,78785,1257.0,367430.0
2021-12-01,Doña Ana,New Mexico,35013,36854,558.0,218195.0
2021-12-02,Doña Ana,New Mexico,35013,37147,560.0,218195.0
2021-12-03,Doña Ana,New Mexico,35013,37469,560.0,218195.0
2021-12-04,Doña Ana,New Mexico,35013,37469,560.0,218195.0
2021-12-05,Doña Ana,New Mexico,35013,37469,560.0,218195.0
2021-12-06,Doña Ana,New Mexico,35013,38073,561.0,218195.0
2021-12-07,Doña Ana,New Mexico,35013,38170,562.0,218195.0
2021-12-08,Doña Ana,New Mexico,35013,38383,565.0,218195.0
2021-12-09,Doña Ana,New Mexico,35013,38599,566.0,218195.0
2021-12-10,Doña Ana,New Mexico,35013,38784,567.0,218195.0
2021-12-11,Doña Ana,New Mexico,35013,38784,567.0,218195.0
2021-12-12,Doña Ana,New Mexico,35013,38784,567.0,218195.0
2021-12-13,Doña Ana,New Mexico,35013,39029,569.0,218195.0
2021-12-14,Doña Ana,New Mexico,35013,39122,570.0,218195.0
2021-12-15,Doña Ana,New Mexico,35013,39295,572.0,218195.0
2021-12-16,Doña Ana,New Mexico,35013,39481,574.0,218195.0
2021-12-17,Doña Ana,New Mexico,35013,39621,577.0,218195.0
2021-12-18,Doña Ana,New Mexico,35013,39621,577.0,218195.0
2021-12-19,Doña Ana,New Mexico,35013,39621,577.0,218195.0
2021-12-20,Doña Ana,New Mexico,35013,39999,581.0,218195.0
2021-12-21,Doña Ana,New Mexico,35013,40061,585.0,218195.0
2021-12-22,Doña Ana,New Mexico,35013,40153,590.0,218195.0
2021-12-23,Doña Ana,New Mexico,35013,40274,593.0,218195.0
2021-12-24,Doña Ana,New Mexico,35013,40274,593.0,218195.0
2021-12-25,Doña Ana,New Mexico,35013,40274,593.0,218195.0
2021-12-26,Doña Ana,New Mexico,35013,40274,593.0,218195.0
2021-12-27,Doña Ana,New Mexico,35013,40548,595.0,218195.0
2021-12-28,Doña Ana,New Mexico,35013,40580,598.0,218195.0
2021-12-29,Doña Ana,New Mexico,35013,40785,601.0,218195.0
2021-12-30,Doña Ana,New Mexico,35013,41044,603.0,218195.0
2021-12-31,Doña Ana,New Mexico,35013,41044,603.0,218195.0
2022-01-01,Doña Ana,New Mexico,35013,41044,603.0,218195.0
2022-01-02,Doña Ana,New Mexico,35013,41044,603.0,218195.0
2022-01-03,Doña Ana,New Mexico,35013,42010,604.0,218195.0
2022-01-04,Doña Ana,New Mexico,35013,42173,605.0,218195.0
2022-01-05,Doña Ana,New Mexico,35013,42319,609.0,218195.0
2022-01-06,Doña Ana,New Mexico,35013,42566,613.0,218195.0
2022-01-07,Doña Ana,New Mexico,35013,43274,614.0,218195.0
2022-01-08,Doña Ana,New Mexico,35013,43274,614.0,218195.0
2022-01-09,Doña Ana,New Mexico,35013,43274,614.0,218195.0
2022-01-10,Doña Ana,New Mexico,35013,44307,619.0,218195.0
2022-01-11,Doña Ana,New Mexico,35013,44610,621.0,218195.0
2022-01-12,Doña Ana,New Mexico,35013,45623,623.0,218195.0
2022-01-13,Doña Ana,New Mexico,35013,46617,630.0,218195.0
2022-01-14,Doña Ana,New Mexico,35013,47253,635.0,218195.0
2022-01-15,Doña Ana,New Mexico,35013,47253,635.0,218195.0
2022-01-16,Doña Ana,New Mexico,35013,47253,635.0,218195.0
2022-01-17,Doña Ana,New Mexico,35013,47253,635.0,218195.0
2022-01-18,Doña Ana,New Mexico,35013,50111,637.0,218195.0
2022-01-19,Doña Ana,New Mexico,35013,50955,641.0,218195.0
2022-01-20,Doña Ana,New Mexico,35013,51544,643.0,218195.0
2022-01-21,Doña Ana,New Mexico,35013,52476,650.0,218195.0
2022-01-22,Doña Ana,New Mexico,35013,52476,650.0,218195.0
2022-01-23,Doña Ana,New Mexico,35013,52476,650.0,218195.0
2022-01-24,Doña Ana,New Mexico,35013,54495,652.0,218195.0
2022-01-25,Doña Ana,New Mexico,35013,54912,654.0,218195.0
2022-01-26,Doña Ana,New Mexico,35013,55295,657.0,218195.0
2022-01-27,Doña Ana,New Mexico,35013,56294,660.0,218195.0
2022-01-28,Doña Ana,New Mexico,35013,56964,663.0,218195.0
2022-01-29,Doña Ana,New Mexico,35013,56964,663.0,218195.0
2022-01-30,Doña Ana,New Mexico,35013,56964,663.0,218195.0
2022-01-31,Doña Ana,New Mexico,35013,58314,666.0,218195.0
2022-02-01,Doña Ana,New Mexico,35013,58482,667.0,218195.0
2022-02-02,Doña Ana,New Mexico,35013,58840,667.0,218195.0
2022-02-03,Doña Ana,New Mexico,35013,59317,671.0,218195.0
2022-02-04,Doña Ana,New Mexico,35013,59729,674.0,218195.0
2022-02-05,Doña Ana,New Mexico,35013,59729,674.0,218195.0
2022-02-06,Doña Ana,New Mexico,35013,59729,674.0,218195.0
2022-02-07,Doña Ana,New Mexico,35013,60520,675.0,218195.0
2022-02-08,Doña Ana,New Mexico,35013,60825,675.0,218195.0
2022-02-09,Doña Ana,New Mexico,35013,61093,677.0,218195.0
2022-02-10,Doña Ana,New Mexico,35013,61330,678.0,218195.0
2022-02-11,Doña Ana,New Mexico,35013,61406,683.0,218195.0
2022-02-12,Doña Ana,New Mexico,35013,61406,683.0,218195.0
2022-02-13,Doña Ana,New Mexico,35013,61406,683.0,218195.0
2022-02-14,Doña Ana,New Mexico,35013,61650,684.0,218195.0
2022-02-15,Doña Ana,New Mexico,35013,61682,685.0,218195.0
2022-02-16,Doña Ana,New Mexico,35013,61803,689.0,218195.0
2022-02-17,Doña Ana,New Mexico,35013,61897,690.0,218195.0
2022-02-18,Doña Ana,New Mexico,35013,62072,693.0,218195.0
2022-02-19,Doña Ana,New Mexico,35013,62072,693.0,218195.0
2022-02-20,Doña Ana,New Mexico,35013,62072,693.0,218195.0
2022-02-21,Doña Ana,New Mexico,35013,62281,694.0,218195.0
2022-02-22,Doña Ana,New Mexico,35013,62300,697.0,218195.0
2022-02-23,Doña Ana,New Mexico,35013,62339,698.0,218195.0
2022-02-24,Doña Ana,New Mexico,35013,62425,703.0,218195.0
2022-02-25,Doña Ana,New Mexico,35013,62450,706.0,218195.0
2022-02-26,Doña Ana,New Mexico,35013,62450,706.0,218195.0
2022-02-27,Doña Ana,New Mexico,35013,62450,706.0,218195.0
2022-02-28,Doña Ana,New Mexico,35013,62505,707.0,218195.0
2022-03-01,Doña Ana,New Mexico,35013,62569,707.0,218195.0
2022-03-02,Doña Ana,New Mexico,35013,62596,707.0,218195.0
2022-03-03,Doña Ana,New Mexico,35013,62624,710.0,218195.0
2022-03-04,Doña Ana,New Mexico,35013,62672,710.0,218195.0
2022-03-05,Doña Ana,New Mexico,35013,62672,710.0,218195.0
2022-03-06,Doña Ana,New Mexico,35013,62672,710.0,218195.0
2022-03-07,Doña Ana,New Mexico,35013,62740,711.0,218195.0
2022-03-08,Doña Ana,New Mexico,35013,62758,712.0,218195.0
2022-03-09,Doña Ana,New Mexico,35013,62796,715.0,218195.0
2022-03-10,Doña Ana,New Mexico,35013,62816,716.0,218195.0
2022-03-11,Doña Ana,New Mexico,35013,62849,716.0,218195.0
2022-03-12,Doña Ana,New Mexico,35013,62849,716.0,218195.0
2022-03-13,Doña Ana,New Mexico,35013,62849,716.0,218195.0
2022-03-14,Doña Ana,New Mexico,35013,62890,717.0,218195.0
2022-03-15,Doña Ana,New Mexico,35013,62893,719.0,218195.0
2022-03-16,Doña Ana,New Mexico,35013,62929,719.0,218195.0
2022-03-17,Doña Ana,New Mexico,35013,62945,720.0,218195.0
2022-03-18,Doña Ana,New Mexico,35013,62945,720.0,218195.0
2022-03-19,Doña Ana,New Mexico,35013,62945,720.0,218195.0
2022-03-20,Doña Ana,New Mexico,35013,62959,721.0,218195.0
2022-03-21,Doña Ana,New Mexico,35013,62983,723.0,218195.0
2022-03-22,Doña Ana,New Mexico,35013,62986,725.0,218195.0
2022-03-23,Doña Ana,New Mexico,35013,63041,726.0,218195.0
2022-03-24,Doña Ana,New Mexico,35013,63066,729.0,218195.0
2022-03-25,Doña Ana,New Mexico,35013,63076,729.0,218195.0
2022-03-26,Doña Ana,New Mexico,35013,63076,729.0,218195.0
2022-03-27,Doña Ana,New Mexico,35013,63076,729.0,218195.0
2022-03-28,Doña Ana,New Mexico,35013,63091,732.0,218195.0
2022-03-29,Doña Ana,New Mexico,35013,63094,732.0,218195.0
2022-03-30,Doña Ana,New Mexico,35013,63105,735.0,218195.0
2022-03-31,Doña Ana,New Mexico,35013,63117,736.0,218195.0
2022-04-01,Doña Ana,New Mexico,35013,63124,736.0,218195.0
2022-04-02,Doña Ana,New Mexico,35013,63124,736.0,218195.0
2022-04-03,Doña Ana,New Mexico,35013,63124,736.0,218195.0
2022-04-04,Doña Ana,New Mexico,35013,63287,737.0,218195.0
2022-04-05,Doña Ana,New Mexico,35013,63291,739.0,218195.0
2022-04-06,Doña Ana,New Mexico,35013,63300,740.0,218195.0
2022-04-07,Doña Ana,New Mexico,35013,63304,742.0,218195.0
2022-04-08,Doña Ana,New Mexico,35013,63313,743.0,218195.0
2022-04-09,Doña Ana,New Mexico,35013,63313,743.0,218195.0
2022-04-10,Doña Ana,New Mexico,35013,63313,743.0,218195.0
2022-04-11,Doña Ana,New Mexico,35013,63334,745.0,218195.0
2022-04-12,Doña Ana,New Mexico,35013,63334,746.0,218195.0
2022-04-13,Doña Ana,New Mexico,35013,63341,748.0,218195.0
2022-04-14,Doña Ana,New Mexico,35013,63356,750.0,218195.0
2022-04-15,Doña Ana,New Mexico,35013,63365,750.0,218195.0
2022-04-16,Doña Ana,New Mexico,35013,63365,750.0,218195.0
2022-04-17,Doña Ana,New Mexico,35013,63365,750.0,218195.0
2022-04-18,Doña Ana,New Mexico,35013,63396,750.0,218195.0
2022-04-19,Doña Ana,New Mexico,35013,63404,751.0,218195.0
2022-04-20,Doña Ana,New Mexico,35013,63423,751.0,218195.0
2022-04-21,Doña Ana,New Mexico,35013,63447,751.0,218195.0
2022-04-22,Doña Ana,New Mexico,35013,63460,752.0,218195.0
2022-04-23,Doña Ana,New Mexico,35013,63460,752.0,218195.0
2022-04-24,Doña Ana,New Mexico,35013,63460,752.0,218195.0
2022-04-25,Doña Ana,New Mexico,35013,63501,752.0,218195.0
2022-04-26,Doña Ana,New Mexico,35013,63501,752.0,218195.0
2022-04-27,Doña Ana,New Mexico,35013,63501,752.0,218195.0
2022-04-28,Doña Ana,New Mexico,35013,63577,759.0,218195.0
2022-04-29,Doña Ana,New Mexico,35013,63598,765.0,218195.0
2022-04-30,Doña Ana,New Mexico,35013,63598,765.0,218195.0
2021-12-01,Cortland,New York,36023,6113,89.0,47581.0
2021-12-02,Cortland,New York,36023,6134,89.0,47581.0
2021-12-03,Cortland,New York,36023,6164,89.0,47581.0
2021-12-04,Cortland,New York,36023,6194,89.0,47581.0
2021-12-05,Cortland,New York,36023,6242,89.0,47581.0
2021-12-06,Cortland,New York,36023,6257,89.0,47581.0
2021-12-07,Cortland,New York,36023,6280,89.0,47581.0
2021-12-08,Cortland,New York,36023,6308,89.0,47581.0
2021-12-09,Cortland,New York,36023,6373,89.0,47581.0
2021-12-10,Cortland,New York,36023,6422,89.0,47581.0
2021-12-11,Cortland,New York,36023,6464,89.0,47581.0
2021-12-12,Cortland,New York,36023,6501,89.0,47581.0
2021-12-13,Cortland,New York,36023,6515,90.0,47581.0
2021-12-14,Cortland,New York,36023,6538,90.0,47581.0
2021-12-15,Cortland,New York,36023,6559,90.0,47581.0
2021-12-16,Cortland,New York,36023,6604,90.0,47581.0
2021-12-17,Cortland,New York,36023,6641,90.0,47581.0
2021-12-18,Cortland,New York,36023,6679,90.0,47581.0
2021-12-19,Cortland,New York,36023,6719,90.0,47581.0
2021-12-20,Cortland,New York,36023,6740,90.0,47581.0
2021-12-21,Cortland,New York,36023,6761,90.0,47581.0
2021-12-22,Cortland,New York,36023,6792,90.0,47581.0
2021-12-23,Cortland,New York,36023,6854,90.0,47581.0
2021-12-24,Cortland,New York,36023,6913,90.0,47581.0
2021-12-25,Cortland,New York,36023,6913,90.0,47581.0
2021-12-26,Cortland,New York,36023,6999,90.0,47581.0
2021-12-27,Cortland,New York,36023,7009,91.0,47581.0
2021-12-28,Cortland,New York,36023,7024,91.0,47581.0
2021-12-29,Cortland,New York,36023,7075,91.0,47581.0
2021-12-30,Cortland,New York,36023,7164,91.0,47581.0
2021-12-31,Cortland,New York,36023,7256,92.0,47581.0
2022-01-01,Cortland,New York,36023,7377,92.0,47581.0
2022-01-02,Cortland,New York,36023,7444,92.0,47581.0
2022-01-03,Cortland,New York,36023,7495,92.0,47581.0
2022-01-04,Cortland,New York,36023,7531,92.0,47581.0
2022-01-05,Cortland,New York,36023,7613,92.0,47581.0
2022-01-06,Cortland,New York,36023,7729,92.0,47581.0
2022-01-07,Cortland,New York,36023,7836,92.0,47581.0
2022-01-08,Cortland,New York,36023,8012,93.0,47581.0
2022-01-09,Cortland,New York,36023,8160,93.0,47581.0
2022-01-10,Cortland,New York,36023,8220,93.0,47581.0
2022-01-11,Cortland,New York,36023,8262,93.0,47581.0
2022-01-12,Cortland,New York,36023,8373,93.0,47581.0
2022-01-13,Cortland,New York,36023,8490,93.0,47581.0
2022-01-14,Cortland,New York,36023,8619,93.0,47581.0
2022-01-15,Cortland,New York,36023,8731,93.0,47581.0
2022-01-16,Cortland,New York,36023,8868,93.0,47581.0
2022-01-17,Cortland,New York,36023,8954,94.0,47581.0
2022-01-18,Cortland,New York,36023,8998,95.0,47581.0
2022-01-19,Cortland,New York,36023,9052,95.0,47581.0
2022-01-20,Cortland,New York,36023,9145,95.0,47581.0
2022-01-21,Cortland,New York,36023,9260,96.0,47581.0
2022-01-22,Cortland,New York,36023,9331,100.0,47581.0
2022-01-23,Cortland,New York,36023,9383,101.0,47581.0
2022-01-24,Cortland,New York,36023,9419,102.0,47581.0
2022-01-25,Cortland,New York,36023,9461,102.0,47581.0
2022-01-26,Cortland,New York,36023,9514,103.0,47581.0
2022-01-27,Cortland,New York,36023,9584,104.0,47581.0
2022-01-28,Cortland,New York,36023,9651,104.0,47581.0
2022-01-29,Cortland,New York,36023,9712,106.0,47581.0
2022-01-30,Cortland,New York,36023,9754,106.0,47581.0
2022-01-31,Cortland,New York,36023,9798,106.0,47581.0
2022-02-01,Cortland,New York,36023,9821,106.0,47581.0
2022-02-02,Cortland,New York,36023,9855,108.0,47581.0
2022-02-03,Cortland,New York,36023,9915,108.0,47581.0
2022-02-04,Cortland,New York,36023,9943,109.0,47581.0
2022-02-05,Cortland,New York,36023,9971,109.0,47581.0
2022-02-06,Cortland,New York,36023,9993,109.0,47581.0
2022-02-07,Cortland,New York,36023,10004,110.0,47581.0
2022-02-08,Cortland,New York,36023,10006,110.0,47581.0
2022-02-09,Cortland,New York,36023,10028,111.0,47581.0
2022-02-10,Cortland,New York,36023,10065,111.0,47581.0
2022-02-11,Cortland,New York,36023,10089,111.0,47581.0
2022-02-12,Cortland,New York,36023,10118,111.0,47581.0
2022-02-13,Cortland,New York,36023,10136,111.0,47581.0
2022-02-14,Cortland,New York,36023,10143,111.0,47581.0
2022-02-15,Cortland,New York,36023,10149,111.0,47581.0
2022-02-16,Cortland,New York,36023,10164,111.0,47581.0
2022-02-17,Cortland,New York,36023,10189,111.0,47581.0
2022-02-18,Cortland,New York,36023,10206,111.0,47581.0
2022-02-19,Cortland,New York,36023,10214,111.0,47581.0
2022-02-20,Cortland,New York,36023,10228,112.0,47581.0
2022-02-21,Cortland,New York,36023,10234,113.0,47581.0
2022-02-22,Cortland,New York,36023,10235,113.0,47581.0
2022-02-23,Cortland,New York,36023,10247,113.0,47581.0
2022-02-24,Cortland,New York,36023,10255,113.0,47581.0
2022-02-25,Cortland,New York,36023,10265,113.0,47581.0
2022-02-26,Cortland,New York,36023,10278,113.0,47581.0
2022-02-27,Cortland,New York,36023,10283,113.0,47581.0
2022-02-28,Cortland,New York,36023,10286,113.0,47581.0
2022-03-01,Cortland,New York,36023,10288,113.0,47581.0
2022-03-02,Cortland,New York,36023,10301,113.0,47581.0
2022-03-03,Cortland,New York,36023,10306,113.0,47581.0
2022-03-04,Cortland,New York,36023,10306,114.0,47581.0
2022-03-05,Cortland,New York,36023,10316,114.0,47581.0
2022-03-06,Cortland,New York,36023,10326,114.0,47581.0
2022-03-07,Cortland,New York,36023,10331,114.0,47581.0
2022-03-08,Cortland,New York,36023,10334,114.0,47581.0
2022-03-09,Cortland,New York,36023,10338,114.0,47581.0
2022-03-10,Cortland,New York,36023,10339,114.0,47581.0
2022-03-11,Cortland,New York,36023,10346,114.0,47581.0
2022-03-12,Cortland,New York,36023,10353,114.0,47581.0
2022-03-13,Cortland,New York,36023,10357,114.0,47581.0
2022-03-14,Cortland,New York,36023,10361,115.0,47581.0
2022-03-15,Cortland,New York,36023,10369,116.0,47581.0
2022-03-16,Cortland,New York,36023,10375,116.0,47581.0
2022-03-17,Cortland,New York,36023,10389,116.0,47581.0
2022-03-18,Cortland,New York,36023,10396,116.0,47581.0
2022-03-19,Cortland,New York,36023,10412,116.0,47581.0
2022-03-20,Cortland,New York,36023,10418,116.0,47581.0
2022-03-21,Cortland,New York,36023,10427,116.0,47581.0
2022-03-22,Cortland,New York,36023,10436,116.0,47581.0
2022-03-23,Cortland,New York,36023,10453,116.0,47581.0
2022-03-24,Cortland,New York,36023,10481,116.0,47581.0
2022-03-25,Cortland,New York,36023,10495,116.0,47581.0
2022-03-26,Cortland,New York,36023,10515,116.0,47581.0
2022-03-27,Cortland,New York,36023,10523,116.0,47581.0
2022-03-28,Cortland,New York,36023,10527,116.0,47581.0
2022-03-29,Cortland,New York,36023,10540,116.0,47581.0
2022-03-30,Cortland,New York,36023,10551,116.0,47581.0
2022-03-31,Cortland,New York,36023,10569,116.0,47581.0
2022-04-01,Cortland,New York,36023,10592,116.0,47581.0
2022-04-02,Cortland,New York,36023,10612,116.0,47581.0
2022-04-03,Cortland,New York,36023,10627,116.0,47581.0
2022-04-04,Cortland,New York,36023,10633,116.0,47581.0
2022-04-05,Cortland,New York,36023,10644,116.0,47581.0
2022-04-06,Cortland,New York,36023,10672,116.0,47581.0
2022-04-07,Cortland,New York,36023,10703,116.0,47581.0
2022-04-08,Cortland,New York,36023,10723,116.0,47581.0
2022-04-09,Cortland,New York,36023,10757,116.0,47581.0
2022-04-10,Cortland,New York,36023,10776,116.0,47581.0
2022-04-11,Cortland,New York,36023,10791,116.0,47581.0
2022-04-12,Cortland,New York,36023,10803,116.0,47581.0
2022-04-13,Cortland,New York,36023,10816,116.0,47581.0
2022-04-14,Cortland,New York,36023,10841,116.0,47581.0
2022-04-15,Cortland,New York,36023,10859,116.0,47581.0
2022-04-16,Cortland,New York,36023,10888,116.0,47581.0
2022-04-17,Cortland,New York,36023,10909,116.0,47581.0
2022-04-18,Cortland,New York,36023,10918,116.0,47581.0
2022-04-19,Cortland,New York,36023,10923,116.0,47581.0
2022-04-20,Cortland,New York,36023,10946,117.0,47581.0
2022-04-21,Cortland,New York,36023,10969,118.0,47581.0
2022-04-22,Cortland,New York,36023,10997,118.0,47581.0
2022-04-23,Cortland,New York,36023,11025,118.0,47581.0
2022-04-24,Cortland,New York,36023,11043,118.0,47581.0
2022-04-25,Cortland,New York,36023,11068,118.0,47581.0
2022-04-26,Cortland,New York,36023,11078,118.0,47581.0
2022-04-27,Cortland,New York,36023,11093,118.0,47581.0
2022-04-28,Cortland,New York,36023,11123,118.0,47581.0
2022-04-29,Cortland,New York,36023,11139,118.0,47581.0
2022-04-30,Cortland,New York,36023,11159,119.0,47581.0
2021-12-01,Erie,New York,36029,125685,2060.0,918702.0
2021-12-02,Erie,New York,36029,126611,2064.0,918702.0
2021-12-03,Erie,New York,36029,127410,2074.0,918702.0
2021-12-04,Erie,New York,36029,128371,2079.0,918702.0
2021-12-05,Erie,New York,36029,129064,2084.0,918702.0
2021-12-06,Erie,New York,36029,129728,2092.0,918702.0
2021-12-07,Erie,New York,36029,130221,2100.0,918702.0
2021-12-08,Erie,New York,36029,130859,2108.0,918702.0
2021-12-09,Erie,New York,36029,131586,2113.0,918702.0
2021-12-10,Erie,New York,36029,132352,2120.0,918702.0
2021-12-11,Erie,New York,36029,132934,2131.0,918702.0
2021-12-12,Erie,New York,36029,133442,2139.0,918702.0
2021-12-13,Erie,New York,36029,133831,2143.0,918702.0
2021-12-14,Erie,New York,36029,134255,2151.0,918702.0
2021-12-15,Erie,New York,36029,134688,2158.0,918702.0
2021-12-16,Erie,New York,36029,135342,2165.0,918702.0
2021-12-17,Erie,New York,36029,135926,2170.0,918702.0
2021-12-18,Erie,New York,36029,136422,2177.0,918702.0
2021-12-19,Erie,New York,36029,136795,2182.0,918702.0
2021-12-20,Erie,New York,36029,137207,2186.0,918702.0
2021-12-21,Erie,New York,36029,137716,2189.0,918702.0
2021-12-22,Erie,New York,36029,138305,2195.0,918702.0
2021-12-23,Erie,New York,36029,139128,2204.0,918702.0
2021-12-24,Erie,New York,36029,139793,2208.0,918702.0
2021-12-25,Erie,New York,36029,139793,2208.0,918702.0
2021-12-26,Erie,New York,36029,141578,2213.0,918702.0
2021-12-27,Erie,New York,36029,142067,2222.0,918702.0
2021-12-28,Erie,New York,36029,142843,2226.0,918702.0
2021-12-29,Erie,New York,36029,144455,2236.0,918702.0
2021-12-30,Erie,New York,36029,146707,2240.0,918702.0
2021-12-31,Erie,New York,36029,148889,2241.0,918702.0
2022-01-01,Erie,New York,36029,151262,2244.0,918702.0
2022-01-02,Erie,New York,36029,152780,2247.0,918702.0
2022-01-03,Erie,New York,36029,154817,2251.0,918702.0
2022-01-04,Erie,New York,36029,156851,2258.0,918702.0
2022-01-05,Erie,New York,36029,159282,2261.0,918702.0
2022-01-06,Erie,New York,36029,161690,2271.0,918702.0
2022-01-07,Erie,New York,36029,165133,2279.0,918702.0
2022-01-08,Erie,New York,36029,168530,2289.0,918702.0
2022-01-09,Erie,New York,36029,171021,2295.0,918702.0
2022-01-10,Erie,New York,36029,172693,2300.0,918702.0
2022-01-11,Erie,New York,36029,174624,2307.0,918702.0
2022-01-12,Erie,New York,36029,177332,2314.0,918702.0
2022-01-13,Erie,New York,36029,179275,2321.0,918702.0
2022-01-14,Erie,New York,36029,182253,2328.0,918702.0
2022-01-15,Erie,New York,36029,184143,2334.0,918702.0
2022-01-16,Erie,New York,36029,185913,2338.0,918702.0
2022-01-17,Erie,New York,36029,187260,2346.0,918702.0
2022-01-18,Erie,New York,36029,188389,2354.0,918702.0
2022-01-19,Erie,New York,36029,189318,2361.0,918702.0
2022-01-20,Erie,New York,36029,190704,2367.0,918702.0
2022-01-21,Erie,New York,36029,191950,2384.0,918702.0
2022-01-22,Erie,New York,36029,193127,2394.0,918702.0
2022-01-23,Erie,New York,36029,194133,2397.0,918702.0
2022-01-24,Erie,New York,36029,194842,2407.0,918702.0
2022-01-25,Erie,New York,36029,196101,2417.0,918702.0
2022-01-26,Erie,New York,36029,196975,2429.0,918702.0
2022-01-27,Erie,New York,36029,197793,2439.0,918702.0
2022-01-28,Erie,New York,36029,198463,2449.0,918702.0
2022-01-29,Erie,New York,36029,199134,2455.0,918702.0
2022-01-30,Erie,New York,36029,199585,2458.0,918702.0
2022-01-31,Erie,New York,36029,199981,2464.0,918702.0
2022-02-01,Erie,New York,36029,200464,2471.0,918702.0
2022-02-02,Erie,New York,36029,200898,2481.0,918702.0
2022-02-03,Erie,New York,36029,201442,2485.0,918702.0
2022-02-04,Erie,New York,36029,201820,2493.0,918702.0
2022-02-05,Erie,New York,36029,202208,2498.0,918702.0
2022-02-06,Erie,New York,36029,202405,2503.0,918702.0
2022-02-07,Erie,New York,36029,202610,2506.0,918702.0
2022-02-08,Erie,New York,36029,202785,2513.0,918702.0
2022-02-09,Erie,New York,36029,203068,2520.0,918702.0
2022-02-10,Erie,New York,36029,203336,2523.0,918702.0
2022-02-11,Erie,New York,36029,203560,2528.0,918702.0
2022-02-12,Erie,New York,36029,203777,2528.0,918702.0
2022-02-13,Erie,New York,36029,203945,2537.0,918702.0
2022-02-14,Erie,New York,36029,204072,2545.0,918702.0
2022-02-15,Erie,New York,36029,204219,2553.0,918702.0
2022-02-16,Erie,New York,36029,204352,2558.0,918702.0
2022-02-17,Erie,New York,36029,204513,2560.0,918702.0
2022-02-18,Erie,New York,36029,204731,2564.0,918702.0
2022-02-19,Erie,New York,36029,204871,2566.0,918702.0
2022-02-20,Erie,New York,36029,205027,2569.0,918702.0
2022-02-21,Erie,New York,36029,205086,2570.0,918702.0
2022-02-22,Erie,New York,36029,205168,2572.0,918702.0
2022-02-23,Erie,New York,36029,205280,2575.0,918702.0
2022-02-24,Erie,New York,36029,205386,2578.0,918702.0
2022-02-25,Erie,New York,36029,205500,2580.0,918702.0
2022-02-26,Erie,New York,36029,205584,2582.0,918702.0
2022-02-27,Erie,New York,36029,205629,2582.0,918702.0
2022-02-28,Erie,New York,36029,205702,2583.0,918702.0
2022-03-01,Erie,New York,36029,205766,2583.0,918702.0
2022-03-02,Erie,New York,36029,205863,2583.0,918702.0
2022-03-03,Erie,New York,36029,205953,2585.0,918702.0
2022-03-04,Erie,New York,36029,205953,2586.0,918702.0
2022-03-05,Erie,New York,36029,206126,2589.0,918702.0
2022-03-06,Erie,New York,36029,206187,2591.0,918702.0
2022-03-07,Erie,New York,36029,206235,2591.0,918702.0
2022-03-08,Erie,New York,36029,206287,2593.0,918702.0
2022-03-09,Erie,New York,36029,206348,2593.0,918702.0
2022-03-10,Erie,New York,36029,206391,2594.0,918702.0
2022-03-11,Erie,New York,36029,206470,2596.0,918702.0
2022-03-12,Erie,New York,36029,206530,2596.0,918702.0
2022-03-13,Erie,New York,36029,206602,2598.0,918702.0
2022-03-14,Erie,New York,36029,206636,2599.0,918702.0
2022-03-15,Erie,New York,36029,206707,2599.0,918702.0
2022-03-16,Erie,New York,36029,206779,2600.0,918702.0
2022-03-17,Erie,New York,36029,206859,2601.0,918702.0
2022-03-18,Erie,New York,36029,206954,2602.0,918702.0
2022-03-19,Erie,New York,36029,207048,2603.0,918702.0
2022-03-20,Erie,New York,36029,207109,2603.0,918702.0
2022-03-21,Erie,New York,36029,207147,2603.0,918702.0
2022-03-22,Erie,New York,36029,207216,2604.0,918702.0
2022-03-23,Erie,New York,36029,207328,2604.0,918702.0
2022-03-24,Erie,New York,36029,207427,2604.0,918702.0
2022-03-25,Erie,New York,36029,207516,2605.0,918702.0
2022-03-26,Erie,New York,36029,207626,2606.0,918702.0
2022-03-27,Erie,New York,36029,207702,2607.0,918702.0
2022-03-28,Erie,New York,36029,207777,2608.0,918702.0
2022-03-29,Erie,New York,36029,207877,2608.0,918702.0
2022-03-30,Erie,New York,36029,207998,2608.0,918702.0
2022-03-31,Erie,New York,36029,208149,2608.0,918702.0
2022-04-01,Erie,New York,36029,208297,2608.0,918702.0
2022-04-02,Erie,New York,36029,208479,2608.0,918702.0
2022-04-03,Erie,New York,36029,208616,2608.0,918702.0
2022-04-04,Erie,New York,36029,208720,2608.0,918702.0
2022-04-05,Erie,New York,36029,208861,2609.0,918702.0
2022-04-06,Erie,New York,36029,209046,2609.0,918702.0
2022-04-07,Erie,New York,36029,209268,2609.0,918702.0
2022-04-08,Erie,New York,36029,209576,2610.0,918702.0
2022-04-09,Erie,New York,36029,209842,2611.0,918702.0
2022-04-10,Erie,New York,36029,210033,2614.0,918702.0
2022-04-11,Erie,New York,36029,210225,2614.0,918702.0
2022-04-12,Erie,New York,36029,210498,2617.0,918702.0
2022-04-13,Erie,New York,36029,210854,2617.0,918702.0
2022-04-14,Erie,New York,36029,211259,2617.0,918702.0
2022-04-15,Erie,New York,36029,211622,2618.0,918702.0
2022-04-16,Erie,New York,36029,212123,2618.0,918702.0
2022-04-17,Erie,New York,36029,212390,2618.0,918702.0
2022-04-18,Erie,New York,36029,212720,2618.0,918702.0
2022-04-19,Erie,New York,36029,213043,2618.0,918702.0
2022-04-20,Erie,New York,36029,213525,2619.0,918702.0
2022-04-21,Erie,New York,36029,214114,2619.0,918702.0
2022-04-22,Erie,New York,36029,214686,2619.0,918702.0
2022-04-23,Erie,New York,36029,215251,2619.0,918702.0
2022-04-24,Erie,New York,36029,215677,2620.0,918702.0
2022-04-25,Erie,New York,36029,216136,2620.0,918702.0
2022-04-26,Erie,New York,36029,216625,2620.0,918702.0
2022-04-27,Erie,New York,36029,217263,2623.0,918702.0
2022-04-28,Erie,New York,36029,218133,2624.0,918702.0
2022-04-29,Erie,New York,36029,218865,2626.0,918702.0
2022-04-30,Erie,New York,36029,219524,2627.0,918702.0
2021-12-01,Suffolk,New York,36103,256329,3692.0,1476601.0
2021-12-02,Suffolk,New York,36103,257408,3694.0,1476601.0
2021-12-03,Suffolk,New York,36103,258510,3695.0,1476601.0
2021-12-04,Suffolk,New York,36103,259340,3697.0,1476601.0
2021-12-05,Suffolk,New York,36103,260452,3698.0,1476601.0
2021-12-06,Suffolk,New York,36103,260951,3701.0,1476601.0
2021-12-07,Suffolk,New York,36103,261883,3704.0,1476601.0
2021-12-08,Suffolk,New York,36103,262900,3705.0,1476601.0
2021-12-09,Suffolk,New York,36103,264032,3707.0,1476601.0
2021-12-10,Suffolk,New York,36103,265204,3710.0,1476601.0
2021-12-11,Suffolk,New York,36103,266425,3711.0,1476601.0
2021-12-12,Suffolk,New York,36103,267652,3712.0,1476601.0
2021-12-13,Suffolk,New York,36103,268570,3717.0,1476601.0
2021-12-14,Suffolk,New York,36103,269284,3721.0,1476601.0
2021-12-15,Suffolk,New York,36103,270596,3726.0,1476601.0
2021-12-16,Suffolk,New York,36103,272396,3731.0,1476601.0
2021-12-17,Suffolk,New York,36103,274373,3735.0,1476601.0
2021-12-18,Suffolk,New York,36103,276158,3740.0,1476601.0
2021-12-19,Suffolk,New York,36103,278108,3744.0,1476601.0
2021-12-20,Suffolk,New York,36103,279804,3751.0,1476601.0
2021-12-21,Suffolk,New York,36103,281474,3756.0,1476601.0
2021-12-22,Suffolk,New York,36103,283612,3758.0,1476601.0
2021-12-23,Suffolk,New York,36103,286880,3761.0,1476601.0
2021-12-24,Suffolk,New York,36103,290639,3768.0,1476601.0
2021-12-25,Suffolk,New York,36103,290639,3768.0,1476601.0
2021-12-26,Suffolk,New York,36103,298430,3771.0,1476601.0
2021-12-27,Suffolk,New York,36103,300528,3783.0,1476601.0
2021-12-28,Suffolk,New York,36103,303339,3790.0,1476601.0
2021-12-29,Suffolk,New York,36103,307916,3795.0,1476601.0
2021-12-30,Suffolk,New York,36103,313688,3802.0,1476601.0
2021-12-31,Suffolk,New York,36103,320235,3805.0,1476601.0
2022-01-01,Suffolk,New York,36103,327038,3813.0,1476601.0
2022-01-02,Suffolk,New York,36103,332956,3813.0,1476601.0
2022-01-03,Suffolk,New York,36103,337149,3834.0,1476601.0
2022-01-04,Suffolk,New York,36103,340955,3845.0,1476601.0
2022-01-05,Suffolk,New York,36103,347300,3861.0,1476601.0
2022-01-06,Suffolk,New York,36103,354277,3877.0,1476601.0
2022-01-07,Suffolk,New York,36103,359671,3890.0,1476601.0
2022-01-08,Suffolk,New York,36103,366663,3909.0,1476601.0
2022-01-09,Suffolk,New York,36103,373459,3922.0,1476601.0
2022-01-10,Suffolk,New York,36103,376745,3932.0,1476601.0
2022-01-11,Suffolk,New York,36103,379874,3945.0,1476601.0
2022-01-12,Suffolk,New York,36103,383816,3962.0,1476601.0
2022-01-13,Suffolk,New York,36103,388229,3974.0,1476601.0
2022-01-14,Suffolk,New York,36103,391571,3990.0,1476601.0
2022-01-15,Suffolk,New York,36103,395134,4006.0,1476601.0
2022-01-16,Suffolk,New York,36103,398049,4019.0,1476601.0
2022-01-17,Suffolk,New York,36103,399673,4030.0,1476601.0
2022-01-18,Suffolk,New York,36103,401099,4047.0,1476601.0
2022-01-19,Suffolk,New York,36103,402658,4062.0,1476601.0
2022-01-20,Suffolk,New York,36103,404714,4086.0,1476601.0
2022-01-21,Suffolk,New York,36103,406417,4097.0,1476601.0
2022-01-22,Suffolk,New York,36103,407837,4107.0,1476601.0
2022-01-23,Suffolk,New York,36103,409007,4118.0,1476601.0
2022-01-24,Suffolk,New York,36103,409795,4127.0,1476601.0
2022-01-25,Suffolk,New York,36103,410532,4146.0,1476601.0
2022-01-26,Suffolk,New York,36103,411909,4158.0,1476601.0
2022-01-27,Suffolk,New York,36103,413080,4166.0,1476601.0
2022-01-28,Suffolk,New York,36103,413996,4179.0,1476601.0
2022-01-29,Suffolk,New York,36103,414679,4190.0,1476601.0
2022-01-30,Suffolk,New York,36103,415142,4204.0,1476601.0
2022-01-31,Suffolk,New York,36103,415352,4208.0,1476601.0
2022-02-01,Suffolk,New York,36103,416036,4218.0,1476601.0
2022-02-02,Suffolk,New York,36103,416562,4224.0,1476601.0
2022-02-03,Suffolk,New York,36103,417188,4232.0,1476601.0
2022-02-04,Suffolk,New York,36103,417634,4245.0,1476601.0
2022-02-05,Suffolk,New York,36103,418144,4251.0,1476601.0
2022-02-06,Suffolk,New York,36103,418536,4255.0,1476601.0
2022-02-07,Suffolk,New York,36103,418796,4267.0,1476601.0
2022-02-08,Suffolk,New York,36103,419040,4276.0,1476601.0
2022-02-09,Suffolk,New York,36103,419316,4285.0,1476601.0
2022-02-10,Suffolk,New York,36103,419658,4288.0,1476601.0
2022-02-11,Suffolk,New York,36103,419954,4292.0,1476601.0
2022-02-12,Suffolk,New York,36103,420205,4292.0,1476601.0
2022-02-13,Suffolk,New York,36103,420424,4301.0,1476601.0
2022-02-14,Suffolk,New York,36103,420599,4301.0,1476601.0
2022-02-15,Suffolk,New York,36103,420752,4303.0,1476601.0
2022-02-16,Suffolk,New York,36103,420923,4304.0,1476601.0
2022-02-17,Suffolk,New York,36103,421124,4310.0,1476601.0
2022-02-18,Suffolk,New York,36103,421351,4318.0,1476601.0
2022-02-19,Suffolk,New York,36103,421494,4321.0,1476601.0
2022-02-20,Suffolk,New York,36103,421646,4325.0,1476601.0
2022-02-21,Suffolk,New York,36103,421752,4327.0,1476601.0
2022-02-22,Suffolk,New York,36103,421863,4328.0,1476601.0
2022-02-23,Suffolk,New York,36103,422039,4331.0,1476601.0
2022-02-24,Suffolk,New York,36103,422158,4333.0,1476601.0
2022-02-25,Suffolk,New York,36103,422288,4335.0,1476601.0
2022-02-26,Suffolk,New York,36103,422402,4336.0,1476601.0
2022-02-27,Suffolk,New York,36103,422503,4338.0,1476601.0
2022-02-28,Suffolk,New York,36103,422575,4338.0,1476601.0
2022-03-01,Suffolk,New York,36103,422642,4340.0,1476601.0
2022-03-02,Suffolk,New York,36103,422746,4341.0,1476601.0
2022-03-03,Suffolk,New York,36103,422911,4342.0,1476601.0
2022-03-04,Suffolk,New York,36103,422911,4342.0,1476601.0
2022-03-05,Suffolk,New York,36103,423073,4343.0,1476601.0
2022-03-06,Suffolk,New York,36103,423166,4344.0,1476601.0
2022-03-07,Suffolk,New York,36103,423224,4346.0,1476601.0
2022-03-08,Suffolk,New York,36103,423258,4346.0,1476601.0
2022-03-09,Suffolk,New York,36103,423368,4349.0,1476601.0
2022-03-10,Suffolk,New York,36103,423513,4351.0,1476601.0
2022-03-11,Suffolk,New York,36103,423580,4353.0,1476601.0
2022-03-12,Suffolk,New York,36103,423673,4353.0,1476601.0
2022-03-13,Suffolk,New York,36103,423774,4355.0,1476601.0
2022-03-14,Suffolk,New York,36103,423828,4355.0,1476601.0
2022-03-15,Suffolk,New York,36103,423929,4355.0,1476601.0
2022-03-16,Suffolk,New York,36103,424029,4355.0,1476601.0
2022-03-17,Suffolk,New York,36103,424109,4355.0,1476601.0
2022-03-18,Suffolk,New York,36103,424214,4357.0,1476601.0
2022-03-19,Suffolk,New York,36103,424357,4357.0,1476601.0
2022-03-20,Suffolk,New York,36103,424453,4357.0,1476601.0
2022-03-21,Suffolk,New York,36103,424512,4358.0,1476601.0
2022-03-22,Suffolk,New York,36103,424558,4358.0,1476601.0
2022-03-23,Suffolk,New York,36103,424691,4358.0,1476601.0
2022-03-24,Suffolk,New York,36103,424819,4358.0,1476601.0
2022-03-25,Suffolk,New York,36103,424974,4359.0,1476601.0
2022-03-26,Suffolk,New York,36103,425132,4359.0,1476601.0
2022-03-27,Suffolk,New York,36103,425268,4359.0,1476601.0
2022-03-28,Suffolk,New York,36103,425373,4359.0,1476601.0
2022-03-29,Suffolk,New York,36103,425479,4361.0,1476601.0
2022-03-30,Suffolk,New York,36103,425609,4363.0,1476601.0
2022-03-31,Suffolk,New York,36103,425814,4363.0,1476601.0
2022-04-01,Suffolk,New York,36103,426007,4364.0,1476601.0
2022-04-02,Suffolk,New York,36103,426256,4364.0,1476601.0
2022-04-03,Suffolk,New York,36103,426418,4365.0,1476601.0
2022-04-04,Suffolk,New York,36103,426561,4367.0,1476601.0
2022-04-05,Suffolk,New York,36103,426649,4367.0,1476601.0
2022-04-06,Suffolk,New York,36103,426827,4367.0,1476601.0
2022-04-07,Suffolk,New York,36103,427155,4367.0,1476601.0
2022-04-08,Suffolk,New York,36103,427403,4367.0,1476601.0
2022-04-09,Suffolk,New York,36103,427647,4367.0,1476601.0
2022-04-10,Suffolk,New York,36103,428105,4367.0,1476601.0
2022-04-11,Suffolk,New York,36103,428448,4368.0,1476601.0
2022-04-12,Suffolk,New York,36103,428621,4368.0,1476601.0
2022-04-13,Suffolk,New York,36103,429021,4368.0,1476601.0
2022-04-14,Suffolk,New York,36103,429501,4369.0,1476601.0
2022-04-15,Suffolk,New York,36103,429977,4369.0,1476601.0
2022-04-16,Suffolk,New York,36103,430385,4369.0,1476601.0
2022-04-17,Suffolk,New York,36103,430671,4369.0,1476601.0
2022-04-18,Suffolk,New York,36103,430998,4369.0,1476601.0
2022-04-19,Suffolk,New York,36103,431321,4373.0,1476601.0
2022-04-20,Suffolk,New York,36103,431734,4374.0,1476601.0
2022-04-21,Suffolk,New York,36103,432103,4375.0,1476601.0
2022-04-22,Suffolk,New York,36103,432774,4375.0,1476601.0
2022-04-23,Suffolk,New York,36103,433103,4375.0,1476601.0
2022-04-24,Suffolk,New York,36103,433514,4377.0,1476601.0
2022-04-25,Suffolk,New York,36103,433824,4378.0,1476601.0
2022-04-26,Suffolk,New York,36103,434072,4379.0,1476601.0
2022-04-27,Suffolk,New York,36103,434601,4380.0,1476601.0
2022-04-28,Suffolk,New York,36103,435366,4380.0,1476601.0
2022-04-29,Suffolk,New York,36103,435968,4380.0,1476601.0
2022-04-30,Suffolk,New York,36103,436536,4382.0,1476601.0
2021-12-01,Tompkins,New York,36109,7431,61.0,102180.0
2021-12-02,Tompkins,New York,36109,7501,61.0,102180.0
2021-12-03,Tompkins,New York,36109,7557,61.0,102180.0
2021-12-04,Tompkins,New York,36109,7625,61.0,102180.0
2021-12-05,Tompkins,New York,36109,7693,61.0,102180.0
2021-12-06,Tompkins,New York,36109,7704,61.0,102180.0
2021-12-07,Tompkins,New York,36109,7741,61.0,102180.0
2021-12-08,Tompkins,New York,36109,7773,61.0,102180.0
2021-12-09,Tompkins,New York,36109,7846,61.0,102180.0
2021-12-10,Tompkins,New York,36109,7949,63.0,102180.0
2021-12-11,Tompkins,New York,36109,8058,65.0,102180.0
2021-12-12,Tompkins,New York,36109,8377,65.0,102180.0
2021-12-13,Tompkins,New York,36109,8423,66.0,102180.0
2021-12-14,Tompkins,New York,36109,8605,66.0,102180.0
2021-12-15,Tompkins,New York,36109,8843,67.0,102180.0
2021-12-16,Tompkins,New York,36109,9234,67.0,102180.0
2021-12-17,Tompkins,New York,36109,9550,67.0,102180.0
2021-12-18,Tompkins,New York,36109,9765,67.0,102180.0
2021-12-19,Tompkins,New York,36109,10321,67.0,102180.0
2021-12-20,Tompkins,New York,36109,10343,69.0,102180.0
2021-12-21,Tompkins,New York,36109,10469,69.0,102180.0
2021-12-22,Tompkins,New York,36109,10511,70.0,102180.0
2021-12-23,Tompkins,New York,36109,10694,70.0,102180.0
2021-12-24,Tompkins,New York,36109,10812,70.0,102180.0
2021-12-25,Tompkins,New York,36109,10812,70.0,102180.0
2021-12-26,Tompkins,New York,36109,10997,70.0,102180.0
2021-12-27,Tompkins,New York,36109,11010,70.0,102180.0
2021-12-28,Tompkins,New York,36109,11030,70.0,102180.0
2021-12-29,Tompkins,New York,36109,11134,71.0,102180.0
2021-12-30,Tompkins,New York,36109,11325,71.0,102180.0
2021-12-31,Tompkins,New York,36109,11545,71.0,102180.0
2022-01-01,Tompkins,New York,36109,11711,71.0,102180.0
2022-01-02,Tompkins,New York,36109,11888,71.0,102180.0
2022-01-03,Tompkins,New York,36109,11932,72.0,102180.0
2022-01-04,Tompkins,New York,36109,11963,72.0,102180.0
2022-01-05,Tompkins,New York,36109,12168,73.0,102180.0
2022-01-06,Tompkins,New York,36109,12531,73.0,102180.0
2022-01-07,Tompkins,New York,36109,12813,73.0,102180.0
2022-01-08,Tompkins,New York,36109,13097,74.0,102180.0
2022-01-09,Tompkins,New York,36109,13387,74.0,102180.0
2022-01-10,Tompkins,New York,36109,13432,74.0,102180.0
2022-01-11,Tompkins,New York,36109,13502,74.0,102180.0
2022-01-12,Tompkins,New York,36109,13721,74.0,102180.0
2022-01-13,Tompkins,New York,36109,14013,74.0,102180.0
2022-01-14,Tompkins,New York,36109,14223,74.0,102180.0
2022-01-15,Tompkins,New York,36109,14460,74.0,102180.0
2022-01-16,Tompkins,New York,36109,14695,74.0,102180.0
2022-01-17,Tompkins,New York,36109,14770,74.0,102180.0
2022-01-18,Tompkins,New York,36109,14864,74.0,102180.0
2022-01-19,Tompkins,New York,36109,14923,75.0,102180.0
2022-01-20,Tompkins,New York,36109,15124,75.0,102180.0
2022-01-21,Tompkins,New York,36109,15315,75.0,102180.0
2022-01-22,Tompkins,New York,36109,15408,75.0,102180.0
2022-01-23,Tompkins,New York,36109,15546,75.0,102180.0
2022-01-24,Tompkins,New York,36109,15629,75.0,102180.0
2022-01-25,Tompkins,New York,36109,15715,75.0,102180.0
2022-01-26,Tompkins,New York,36109,15847,75.0,102180.0
2022-01-27,Tompkins,New York,36109,15981,75.0,102180.0
2022-01-28,Tompkins,New York,36109,16081,76.0,102180.0
2022-01-29,Tompkins,New York,36109,16215,76.0,102180.0
2022-01-30,Tompkins,New York,36109,16282,76.0,102180.0
2022-01-31,Tompkins,New York,36109,16349,77.0,102180.0
2022-02-01,Tompkins,New York,36109,16383,77.0,102180.0
2022-02-02,Tompkins,New York,36109,16468,77.0,102180.0
2022-02-03,Tompkins,New York,36109,16534,77.0,102180.0
2022-02-04,Tompkins,New York,36109,16631,77.0,102180.0
2022-02-05,Tompkins,New York,36109,16678,77.0,102180.0
2022-02-06,Tompkins,New York,36109,16709,77.0,102180.0
2022-02-07,Tompkins,New York,36109,16721,79.0,102180.0
2022-02-08,Tompkins,New York,36109,16743,79.0,102180.0
2022-02-09,Tompkins,New York,36109,16745,79.0,102180.0
2022-02-10,Tompkins,New York,36109,16870,79.0,102180.0
2022-02-11,Tompkins,New York,36109,16910,79.0,102180.0
2022-02-12,Tompkins,New York,36109,16958,79.0,102180.0
2022-02-13,Tompkins,New York,36109,17004,79.0,102180.0
2022-02-14,Tompkins,New York,36109,17011,79.0,102180.0
2022-02-15,Tompkins,New York,36109,17034,79.0,102180.0
2022-02-16,Tompkins,New York,36109,17062,80.0,102180.0
2022-02-17,Tompkins,New York,36109,17100,81.0,102180.0
2022-02-18,Tompkins,New York,36109,17156,81.0,102180.0
2022-02-19,Tompkins,New York,36109,17181,81.0,102180.0
2022-02-20,Tompkins,New York,36109,17235,81.0,102180.0
2022-02-21,Tompkins,New York,36109,17236,81.0,102180.0
2022-02-22,Tompkins,New York,36109,17255,81.0,102180.0
2022-02-23,Tompkins,New York,36109,17279,81.0,102180.0
2022-02-24,Tompkins,New York,36109,17296,81.0,102180.0
2022-02-25,Tompkins,New York,36109,17323,81.0,102180.0
2022-02-26,Tompkins,New York,36109,17361,81.0,102180.0
2022-02-27,Tompkins,New York,36109,17395,82.0,102180.0
2022-02-28,Tompkins,New York,36109,17396,82.0,102180.0
2022-03-01,Tompkins,New York,36109,17418,82.0,102180.0
2022-03-02,Tompkins,New York,36109,17446,82.0,102180.0
2022-03-03,Tompkins,New York,36109,17472,82.0,102180.0
2022-03-04,Tompkins,New York,36109,17472,82.0,102180.0
2022-03-05,Tompkins,New York,36109,17564,82.0,102180.0
2022-03-06,Tompkins,New York,36109,17580,82.0,102180.0
2022-03-07,Tompkins,New York,36109,17584,82.0,102180.0
2022-03-08,Tompkins,New York,36109,17596,82.0,102180.0
2022-03-09,Tompkins,New York,36109,17634,82.0,102180.0
2022-03-10,Tompkins,New York,36109,17664,82.0,102180.0
2022-03-11,Tompkins,New York,36109,17704,82.0,102180.0
2022-03-12,Tompkins,New York,36109,17730,82.0,102180.0
2022-03-13,Tompkins,New York,36109,17753,82.0,102180.0
2022-03-14,Tompkins,New York,36109,17756,82.0,102180.0
2022-03-15,Tompkins,New York,36109,17777,82.0,102180.0
2022-03-16,Tompkins,New York,36109,17822,82.0,102180.0
2022-03-17,Tompkins,New York,36109,17853,82.0,102180.0
2022-03-18,Tompkins,New York,36109,17883,83.0,102180.0
2022-03-19,Tompkins,New York,36109,17923,83.0,102180.0
2022-03-20,Tompkins,New York,36109,17939,83.0,102180.0
2022-03-21,Tompkins,New York,36109,17943,83.0,102180.0
2022-03-22,Tompkins,New York,36109,17966,83.0,102180.0
2022-03-23,Tompkins,New York,36109,18022,83.0,102180.0
2022-03-24,Tompkins,New York,36109,18125,83.0,102180.0
2022-03-25,Tompkins,New York,36109,18272,83.0,102180.0
2022-03-26,Tompkins,New York,36109,18342,83.0,102180.0
2022-03-27,Tompkins,New York,36109,18417,83.0,102180.0
2022-03-28,Tompkins,New York,36109,18423,83.0,102180.0
2022-03-29,Tompkins,New York,36109,18463,83.0,102180.0
2022-03-30,Tompkins,New York,36109,18529,83.0,102180.0
2022-03-31,Tompkins,New York,36109,18601,84.0,102180.0
2022-04-01,Tompkins,New York,36109,18679,84.0,102180.0
2022-04-02,Tompkins,New York,36109,18733,84.0,102180.0
2022-04-03,Tompkins,New York,36109,18775,84.0,102180.0
2022-04-04,Tompkins,New York,36109,18783,84.0,102180.0
2022-04-05,Tompkins,New York,36109,18826,84.0,102180.0
2022-04-06,Tompkins,New York,36109,18887,84.0,102180.0
2022-04-07,Tompkins,New York,36109,18938,84.0,102180.0
2022-04-08,Tompkins,New York,36109,18992,84.0,102180.0
2022-04-09,Tompkins,New York,36109,19052,84.0,102180.0
2022-04-10,Tompkins,New York,36109,19101,84.0,102180.0
2022-04-11,Tompkins,New York,36109,19113,84.0,102180.0
2022-04-12,Tompkins,New York,36109,19181,84.0,102180.0
2022-04-13,Tompkins,New York,36109,19275,84.0,102180.0
2022-04-14,Tompkins,New York,36109,19343,84.0,102180.0
2022-04-15,Tompkins,New York,36109,19401,84.0,102180.0
2022-04-16,Tompkins,New York,36109,19447,84.0,102180.0
2022-04-17,Tompkins,New York,36109,19488,84.0,102180.0
2022-04-18,Tompkins,New York,36109,19500,84.0,102180.0
2022-04-19,Tompkins,New York,36109,19539,84.0,102180.0
2022-04-20,Tompkins,New York,36109,19626,84.0,102180.0
2022-04-21,Tompkins,New York,36109,19700,84.0,102180.0
2022-04-22,Tompkins,New York,36109,19775,84.0,102180.0
2022-04-23,Tompkins,New York,36109,19855,84.0,102180.0
2022-04-24,Tompkins,New York,36109,19922,84.0,102180.0
2022-04-25,Tompkins,New York,36109,19933,84.0,102180.0
2022-04-26,Tompkins,New York,36109,19990,84.0,102180.0
2022-04-27,Tompkins,New York,36109,20087,84.0,102180.0
2022-04-28,Tompkins,New York,36109,20178,84.0,102180.0
2022-04-29,Tompkins,New York,36109,20263,84.0,102180.0
2022-04-30,Tompkins,New York,36109,20334,84.0,102180.0
2021-12-01,Durham,North Carolina,37063,36220,265.0,321488.0
2021-12-02,Durham,North Carolina,37063,36276,266.0,321488.0
2021-12-03,Durham,North Carolina,37063,36358,266.0,321488.0
2021-12-04,Durham,North Carolina,37063,36358,266.0,321488.0
2021-12-05,Durham,North Carolina,37063,36358,266.0,321488.0
2021-12-06,Durham,North Carolina,37063,36633,266.0,321488.0
2021-12-07,Durham,North Carolina,37063,36633,266.0,321488.0
2021-12-08,Durham,North Carolina,37063,36690,267.0,321488.0
2021-12-09,Durham,North Carolina,37063,36769,267.0,321488.0
2021-12-10,Durham,North Carolina,37063,36907,267.0,321488.0
2021-12-11,Durham,North Carolina,37063,36907,267.0,321488.0
2021-12-12,Durham,North Carolina,37063,36907,267.0,321488.0
2021-12-13,Durham,North Carolina,37063,37060,267.0,321488.0
2021-12-14,Durham,North Carolina,37063,37060,267.0,321488.0
2021-12-15,Durham,North Carolina,37063,37112,267.0,321488.0
2021-12-16,Durham,North Carolina,37063,37172,269.0,321488.0
2021-12-17,Durham,North Carolina,37063,37252,269.0,321488.0
2021-12-18,Durham,North Carolina,37063,37346,269.0,321488.0
2021-12-19,Durham,North Carolina,37063,37346,269.0,321488.0
2021-12-20,Durham,North Carolina,37063,37346,269.0,321488.0
2021-12-21,Durham,North Carolina,37063,37346,269.0,321488.0
2021-12-22,Durham,North Carolina,37063,37787,269.0,321488.0
2021-12-23,Durham,North Carolina,37063,37787,269.0,321488.0
2021-12-24,Durham,North Carolina,37063,37787,269.0,321488.0
2021-12-25,Durham,North Carolina,37063,37787,269.0,321488.0
2021-12-26,Durham,North Carolina,37063,37787,269.0,321488.0
2021-12-27,Durham,North Carolina,37063,37787,269.0,321488.0
2021-12-28,Durham,North Carolina,37063,39060,269.0,321488.0
2021-12-29,Durham,North Carolina,37063,39060,269.0,321488.0
2021-12-30,Durham,North Carolina,37063,39360,269.0,321488.0
2021-12-31,Durham,North Carolina,37063,40468,269.0,321488.0
2022-01-01,Durham,North Carolina,37063,40468,269.0,321488.0
2022-01-02,Durham,North Carolina,37063,40468,269.0,321488.0
2022-01-03,Durham,North Carolina,37063,42635,269.0,321488.0
2022-01-04,Durham,North Carolina,37063,43246,269.0,321488.0
2022-01-05,Durham,North Carolina,37063,43246,269.0,321488.0
2022-01-06,Durham,North Carolina,37063,43956,269.0,321488.0
2022-01-07,Durham,North Carolina,37063,45095,269.0,321488.0
2022-01-08,Durham,North Carolina,37063,45400,269.0,321488.0
2022-01-09,Durham,North Carolina,37063,45400,269.0,321488.0
2022-01-10,Durham,North Carolina,37063,47975,271.0,321488.0
2022-01-11,Durham,North Carolina,37063,48700,271.0,321488.0
2022-01-12,Durham,North Carolina,37063,49393,273.0,321488.0
2022-01-13,Durham,North Carolina,37063,51636,275.0,321488.0
2022-01-14,Durham,North Carolina,37063,53128,275.0,321488.0
2022-01-15,Durham,North Carolina,37063,54519,275.0,321488.0
2022-01-16,Durham,North Carolina,37063,54519,275.0,321488.0
2022-01-17,Durham,North Carolina,37063,54519,275.0,321488.0
2022-01-18,Durham,North Carolina,37063,57650,275.0,321488.0
2022-01-19,Durham,North Carolina,37063,58900,276.0,321488.0
2022-01-20,Durham,North Carolina,37063,60014,276.0,321488.0
2022-01-21,Durham,North Carolina,37063,60014,276.0,321488.0
2022-01-22,Durham,North Carolina,37063,60014,276.0,321488.0
2022-01-23,Durham,North Carolina,37063,60014,276.0,321488.0
2022-01-24,Durham,North Carolina,37063,62510,277.0,321488.0
2022-01-25,Durham,North Carolina,37063,63064,278.0,321488.0
2022-01-26,Durham,North Carolina,37063,63666,283.0,321488.0
2022-01-27,Durham,North Carolina,37063,64214,284.0,321488.0
2022-01-28,Durham,North Carolina,37063,64739,285.0,321488.0
2022-01-29,Durham,North Carolina,37063,64739,285.0,321488.0
2022-01-30,Durham,North Carolina,37063,64739,285.0,321488.0
2022-01-31,Durham,North Carolina,37063,65715,285.0,321488.0
2022-02-01,Durham,North Carolina,37063,66127,285.0,321488.0
2022-02-02,Durham,North Carolina,37063,66578,289.0,321488.0
2022-02-03,Durham,North Carolina,37063,66989,290.0,321488.0
2022-02-04,Durham,North Carolina,37063,67203,290.0,321488.0
2022-02-05,Durham,North Carolina,37063,67203,290.0,321488.0
2022-02-06,Durham,North Carolina,37063,67203,290.0,321488.0
2022-02-07,Durham,North Carolina,37063,67802,291.0,321488.0
2022-02-08,Durham,North Carolina,37063,68069,291.0,321488.0
2022-02-09,Durham,North Carolina,37063,68388,293.0,321488.0
2022-02-10,Durham,North Carolina,37063,68642,294.0,321488.0
2022-02-11,Durham,North Carolina,37063,68857,294.0,321488.0
2022-02-12,Durham,North Carolina,37063,68857,294.0,321488.0
2022-02-13,Durham,North Carolina,37063,68857,294.0,321488.0
2022-02-14,Durham,North Carolina,37063,69272,295.0,321488.0
2022-02-15,Durham,North Carolina,37063,69329,295.0,321488.0
2022-02-16,Durham,North Carolina,37063,69483,295.0,321488.0
2022-02-17,Durham,North Carolina,37063,69682,295.0,321488.0
2022-02-18,Durham,North Carolina,37063,69850,297.0,321488.0
2022-02-19,Durham,North Carolina,37063,69850,297.0,321488.0
2022-02-20,Durham,North Carolina,37063,69850,297.0,321488.0
2022-02-21,Durham,North Carolina,37063,69850,298.0,321488.0
2022-02-22,Durham,North Carolina,37063,70345,298.0,321488.0
2022-02-23,Durham,North Carolina,37063,70458,298.0,321488.0
2022-02-24,Durham,North Carolina,37063,70576,298.0,321488.0
2022-02-25,Durham,North Carolina,37063,70646,298.0,321488.0
2022-02-26,Durham,North Carolina,37063,70646,298.0,321488.0
2022-02-27,Durham,North Carolina,37063,70646,298.0,321488.0
2022-02-28,Durham,North Carolina,37063,70822,298.0,321488.0
2022-03-01,Durham,North Carolina,37063,70812,298.0,321488.0
2022-03-02,Durham,North Carolina,37063,70812,298.0,321488.0
2022-03-03,Durham,North Carolina,37063,70910,298.0,321488.0
2022-03-04,Durham,North Carolina,37063,71068,298.0,321488.0
2022-03-05,Durham,North Carolina,37063,71068,298.0,321488.0
2022-03-06,Durham,North Carolina,37063,71068,298.0,321488.0
2022-03-07,Durham,North Carolina,37063,71113,298.0,321488.0
2022-03-08,Durham,North Carolina,37063,71257,298.0,321488.0
2022-03-09,Durham,North Carolina,37063,71257,298.0,321488.0
2022-03-10,Durham,North Carolina,37063,71296,298.0,321488.0
2022-03-11,Durham,North Carolina,37063,71449,298.0,321488.0
2022-03-12,Durham,North Carolina,37063,71449,298.0,321488.0
2022-03-13,Durham,North Carolina,37063,71449,298.0,321488.0
2022-03-14,Durham,North Carolina,37063,71538,298.0,321488.0
2022-03-15,Durham,North Carolina,37063,71538,298.0,321488.0
2022-03-16,Durham,North Carolina,37063,71594,298.0,321488.0
2022-03-17,Durham,North Carolina,37063,71648,298.0,321488.0
2022-03-18,Durham,North Carolina,37063,71815,298.0,321488.0
2022-03-19,Durham,North Carolina,37063,71815,298.0,321488.0
2022-03-20,Durham,North Carolina,37063,71815,298.0,321488.0
2022-03-21,Durham,North Carolina,37063,71873,298.0,321488.0
2022-03-22,Durham,North Carolina,37063,71873,298.0,321488.0
2022-03-23,Durham,North Carolina,37063,71873,298.0,321488.0
2022-03-24,Durham,North Carolina,37063,72109,298.0,321488.0
2022-03-25,Durham,North Carolina,37063,72184,298.0,321488.0
2022-03-26,Durham,North Carolina,37063,72184,298.0,321488.0
2022-03-27,Durham,North Carolina,37063,72184,298.0,321488.0
2022-03-28,Durham,North Carolina,37063,72273,298.0,321488.0
2022-03-29,Durham,North Carolina,37063,72307,298.0,321488.0
2022-03-30,Durham,North Carolina,37063,72131,298.0,321488.0
2022-03-31,Durham,North Carolina,37063,72209,298.0,321488.0
2022-04-01,Durham,North Carolina,37063,72249,298.0,321488.0
2022-04-02,Durham,North Carolina,37063,72249,298.0,321488.0
2022-04-03,Durham,North Carolina,37063,72249,298.0,321488.0
2022-04-04,Durham,North Carolina,37063,72347,298.0,321488.0
2022-04-05,Durham,North Carolina,37063,72347,298.0,321488.0
2022-04-06,Durham,North Carolina,37063,72485,298.0,321488.0
2022-04-07,Durham,North Carolina,37063,72485,298.0,321488.0
2022-04-08,Durham,North Carolina,37063,72660,299.0,321488.0
2022-04-09,Durham,North Carolina,37063,72660,299.0,321488.0
2022-04-10,Durham,North Carolina,37063,72660,299.0,321488.0
2022-04-11,Durham,North Carolina,37063,72789,299.0,321488.0
2022-04-12,Durham,North Carolina,37063,72902,299.0,321488.0
2022-04-13,Durham,North Carolina,37063,72997,300.0,321488.0
2022-04-14,Durham,North Carolina,37063,72997,300.0,321488.0
2022-04-15,Durham,North Carolina,37063,72997,300.0,321488.0
2022-04-16,Durham,North Carolina,37063,72997,300.0,321488.0
2022-04-17,Durham,North Carolina,37063,72997,300.0,321488.0
2022-04-18,Durham,North Carolina,37063,73477,300.0,321488.0
2022-04-19,Durham,North Carolina,37063,73521,300.0,321488.0
2022-04-20,Durham,North Carolina,37063,73719,300.0,321488.0
2022-04-21,Durham,North Carolina,37063,73886,300.0,321488.0
2022-04-22,Durham,North Carolina,37063,74025,300.0,321488.0
2022-04-23,Durham,North Carolina,37063,74025,300.0,321488.0
2022-04-24,Durham,North Carolina,37063,74025,300.0,321488.0
2022-04-25,Durham,North Carolina,37063,74213,300.0,321488.0
2022-04-26,Durham,North Carolina,37063,74442,300.0,321488.0
2022-04-27,Durham,North Carolina,37063,74595,300.0,321488.0
2022-04-28,Durham,North Carolina,37063,74595,300.0,321488.0
2022-04-29,Durham,North Carolina,37063,74958,300.0,321488.0
2022-04-30,Durham,North Carolina,37063,74958,300.0,321488.0
2021-12-01,Guilford,North Carolina,37081,70723,924.0,537174.0
2021-12-02,Guilford,North Carolina,37081,70916,925.0,537174.0
2021-12-03,Guilford,North Carolina,37081,71076,925.0,537174.0
2021-12-04,Guilford,North Carolina,37081,71076,925.0,537174.0
2021-12-05,Guilford,North Carolina,37081,71076,925.0,537174.0
2021-12-06,Guilford,North Carolina,37081,71476,925.0,537174.0
2021-12-07,Guilford,North Carolina,37081,71601,925.0,537174.0
2021-12-08,Guilford,North Carolina,37081,71726,929.0,537174.0
2021-12-09,Guilford,North Carolina,37081,71892,929.0,537174.0
2021-12-10,Guilford,North Carolina,37081,72045,929.0,537174.0
2021-12-11,Guilford,North Carolina,37081,72045,929.0,537174.0
2021-12-12,Guilford,North Carolina,37081,72045,929.0,537174.0
2021-12-13,Guilford,North Carolina,37081,72471,929.0,537174.0
2021-12-14,Guilford,North Carolina,37081,72566,932.0,537174.0
2021-12-15,Guilford,North Carolina,37081,72787,932.0,537174.0
2021-12-16,Guilford,North Carolina,37081,72981,932.0,537174.0
2021-12-17,Guilford,North Carolina,37081,73138,932.0,537174.0
2021-12-18,Guilford,North Carolina,37081,73138,932.0,537174.0
2021-12-19,Guilford,North Carolina,37081,73138,932.0,537174.0
2021-12-20,Guilford,North Carolina,37081,73685,936.0,537174.0
2021-12-21,Guilford,North Carolina,37081,73826,936.0,537174.0
2021-12-22,Guilford,North Carolina,37081,74053,936.0,537174.0
2021-12-23,Guilford,North Carolina,37081,74053,936.0,537174.0
2021-12-24,Guilford,North Carolina,37081,74053,936.0,537174.0
2021-12-25,Guilford,North Carolina,37081,74053,936.0,537174.0
2021-12-26,Guilford,North Carolina,37081,74053,936.0,537174.0
2021-12-27,Guilford,North Carolina,37081,74053,936.0,537174.0
2021-12-28,Guilford,North Carolina,37081,75651,937.0,537174.0
2021-12-29,Guilford,North Carolina,37081,76072,937.0,537174.0
2021-12-30,Guilford,North Carolina,37081,76722,943.0,537174.0
2021-12-31,Guilford,North Carolina,37081,77557,947.0,537174.0
2022-01-01,Guilford,North Carolina,37081,77557,947.0,537174.0
2022-01-02,Guilford,North Carolina,37081,77557,947.0,537174.0
2022-01-03,Guilford,North Carolina,37081,79667,947.0,537174.0
2022-01-04,Guilford,North Carolina,37081,80005,947.0,537174.0
2022-01-05,Guilford,North Carolina,37081,80654,947.0,537174.0
2022-01-06,Guilford,North Carolina,37081,81576,950.0,537174.0
2022-01-07,Guilford,North Carolina,37081,82668,950.0,537174.0
2022-01-08,Guilford,North Carolina,37081,82668,950.0,537174.0
2022-01-09,Guilford,North Carolina,37081,82668,950.0,537174.0
2022-01-10,Guilford,North Carolina,37081,85477,955.0,537174.0
2022-01-11,Guilford,North Carolina,37081,86252,955.0,537174.0
2022-01-12,Guilford,North Carolina,37081,87716,957.0,537174.0
2022-01-13,Guilford,North Carolina,37081,88802,962.0,537174.0
2022-01-14,Guilford,North Carolina,37081,90012,964.0,537174.0
2022-01-15,Guilford,North Carolina,37081,90012,964.0,537174.0
2022-01-16,Guilford,North Carolina,37081,90012,964.0,537174.0
2022-01-17,Guilford,North Carolina,37081,90012,964.0,537174.0
2022-01-18,Guilford,North Carolina,37081,96669,975.0,537174.0
2022-01-19,Guilford,North Carolina,37081,97389,975.0,537174.0
2022-01-20,Guilford,North Carolina,37081,98121,980.0,537174.0
2022-01-21,Guilford,North Carolina,37081,99325,983.0,537174.0
2022-01-22,Guilford,North Carolina,37081,99325,983.0,537174.0
2022-01-23,Guilford,North Carolina,37081,99325,983.0,537174.0
2022-01-24,Guilford,North Carolina,37081,103041,986.0,537174.0
2022-01-25,Guilford,North Carolina,37081,103880,986.0,537174.0
2022-01-26,Guilford,North Carolina,37081,104506,986.0,537174.0
2022-01-27,Guilford,North Carolina,37081,105316,986.0,537174.0
2022-01-28,Guilford,North Carolina,37081,105961,986.0,537174.0
2022-01-29,Guilford,North Carolina,37081,105961,986.0,537174.0
2022-01-30,Guilford,North Carolina,37081,105961,986.0,537174.0
2022-01-31,Guilford,North Carolina,37081,107857,994.0,537174.0
2022-02-01,Guilford,North Carolina,37081,108255,994.0,537174.0
2022-02-02,Guilford,North Carolina,37081,108642,998.0,537174.0
2022-02-03,Guilford,North Carolina,37081,109130,1004.0,537174.0
2022-02-04,Guilford,North Carolina,37081,109610,1012.0,537174.0
2022-02-05,Guilford,North Carolina,37081,109610,1012.0,537174.0
2022-02-06,Guilford,North Carolina,37081,109610,1012.0,537174.0
2022-02-07,Guilford,North Carolina,37081,110512,1012.0,537174.0
2022-02-08,Guilford,North Carolina,37081,110680,1013.0,537174.0
2022-02-09,Guilford,North Carolina,37081,110987,1025.0,537174.0
2022-02-10,Guilford,North Carolina,37081,111250,1026.0,537174.0
2022-02-11,Guilford,North Carolina,37081,111548,1032.0,537174.0
2022-02-12,Guilford,North Carolina,37081,111548,1032.0,537174.0
2022-02-13,Guilford,North Carolina,37081,111548,1032.0,537174.0
2022-02-14,Guilford,North Carolina,37081,112159,1046.0,537174.0
2022-02-15,Guilford,North Carolina,37081,112294,1048.0,537174.0
2022-02-16,Guilford,North Carolina,37081,112510,1054.0,537174.0
2022-02-17,Guilford,North Carolina,37081,112690,1060.0,537174.0
2022-02-18,Guilford,North Carolina,37081,112988,1068.0,537174.0
2022-02-19,Guilford,North Carolina,37081,112988,1068.0,537174.0
2022-02-20,Guilford,North Carolina,37081,112988,1068.0,537174.0
2022-02-21,Guilford,North Carolina,37081,113421,1071.0,537174.0
2022-02-22,Guilford,North Carolina,37081,113522,1073.0,537174.0
2022-02-23,Guilford,North Carolina,37081,113756,1081.0,537174.0
2022-02-24,Guilford,North Carolina,37081,113940,1092.0,537174.0
2022-02-25,Guilford,North Carolina,37081,114179,1093.0,537174.0
2022-02-26,Guilford,North Carolina,37081,114179,1093.0,537174.0
2022-02-27,Guilford,North Carolina,37081,114179,1093.0,537174.0
2022-02-28,Guilford,North Carolina,37081,114598,1096.0,537174.0
2022-03-01,Guilford,North Carolina,37081,114656,1096.0,537174.0
2022-03-02,Guilford,North Carolina,37081,114741,1096.0,537174.0
2022-03-03,Guilford,North Carolina,37081,114839,1102.0,537174.0
2022-03-04,Guilford,North Carolina,37081,114953,1108.0,537174.0
2022-03-05,Guilford,North Carolina,37081,114953,1108.0,537174.0
2022-03-06,Guilford,North Carolina,37081,114953,1108.0,537174.0
2022-03-07,Guilford,North Carolina,37081,115110,1108.0,537174.0
2022-03-08,Guilford,North Carolina,37081,115121,1109.0,537174.0
2022-03-09,Guilford,North Carolina,37081,115213,1115.0,537174.0
2022-03-10,Guilford,North Carolina,37081,115316,1120.0,537174.0
2022-03-11,Guilford,North Carolina,37081,115467,1129.0,537174.0
2022-03-12,Guilford,North Carolina,37081,115467,1129.0,537174.0
2022-03-13,Guilford,North Carolina,37081,115467,1129.0,537174.0
2022-03-14,Guilford,North Carolina,37081,115645,1133.0,537174.0
2022-03-15,Guilford,North Carolina,37081,115686,1132.0,537174.0
2022-03-16,Guilford,North Carolina,37081,115742,1132.0,537174.0
2022-03-17,Guilford,North Carolina,37081,115770,1134.0,537174.0
2022-03-18,Guilford,North Carolina,37081,115857,1144.0,537174.0
2022-03-19,Guilford,North Carolina,37081,115857,1144.0,537174.0
2022-03-20,Guilford,North Carolina,37081,115857,1144.0,537174.0
2022-03-21,Guilford,North Carolina,37081,115952,1149.0,537174.0
2022-03-22,Guilford,North Carolina,37081,115979,1149.0,537174.0
2022-03-23,Guilford,North Carolina,37081,116035,1153.0,537174.0
2022-03-24,Guilford,North Carolina,37081,116127,1154.0,537174.0
2022-03-25,Guilford,North Carolina,37081,116190,1156.0,537174.0
2022-03-26,Guilford,North Carolina,37081,116190,1156.0,537174.0
2022-03-27,Guilford,North Carolina,37081,116190,1156.0,537174.0
2022-03-28,Guilford,North Carolina,37081,116251,1157.0,537174.0
2022-03-29,Guilford,North Carolina,37081,116275,1157.0,537174.0
2022-03-30,Guilford,North Carolina,37081,116317,1157.0,537174.0
2022-03-31,Guilford,North Carolina,37081,116383,1157.0,537174.0
2022-04-01,Guilford,North Carolina,37081,116527,1157.0,537174.0
2022-04-02,Guilford,North Carolina,37081,116527,1157.0,537174.0
2022-04-03,Guilford,North Carolina,37081,116527,1157.0,537174.0
2022-04-04,Guilford,North Carolina,37081,116718,1159.0,537174.0
2022-04-05,Guilford,North Carolina,37081,116792,1159.0,537174.0
2022-04-06,Guilford,North Carolina,37081,116888,1159.0,537174.0
2022-04-07,Guilford,North Carolina,37081,116888,1159.0,537174.0
2022-04-08,Guilford,North Carolina,37081,116888,1159.0,537174.0
2022-04-09,Guilford,North Carolina,37081,116888,1159.0,537174.0
2022-04-10,Guilford,North Carolina,37081,116888,1159.0,537174.0
2022-04-11,Guilford,North Carolina,37081,116888,1159.0,537174.0
2022-04-12,Guilford,North Carolina,37081,116888,1159.0,537174.0
2022-04-13,Guilford,North Carolina,37081,117311,1159.0,537174.0
2022-04-14,Guilford,North Carolina,37081,117311,1159.0,537174.0
2022-04-15,Guilford,North Carolina,37081,117311,1159.0,537174.0
2022-04-16,Guilford,North Carolina,37081,117311,1159.0,537174.0
2022-04-17,Guilford,North Carolina,37081,117311,1159.0,537174.0
2022-04-18,Guilford,North Carolina,37081,117311,1159.0,537174.0
2022-04-19,Guilford,North Carolina,37081,117311,1159.0,537174.0
2022-04-20,Guilford,North Carolina,37081,118055,1163.0,537174.0
2022-04-21,Guilford,North Carolina,37081,118055,1163.0,537174.0
2022-04-22,Guilford,North Carolina,37081,118055,1163.0,537174.0
2022-04-23,Guilford,North Carolina,37081,118055,1163.0,537174.0
2022-04-24,Guilford,North Carolina,37081,118055,1163.0,537174.0
2022-04-25,Guilford,North Carolina,37081,118055,1163.0,537174.0
2022-04-26,Guilford,North Carolina,37081,118055,1163.0,537174.0
2022-04-27,Guilford,North Carolina,37081,118963,1169.0,537174.0
2022-04-28,Guilford,North Carolina,37081,118963,1169.0,537174.0
2022-04-29,Guilford,North Carolina,37081,118963,1169.0,537174.0
2022-04-30,Guilford,North Carolina,37081,118963,1169.0,537174.0
2021-12-01,Jackson,North Carolina,37099,5935,72.0,43938.0
2021-12-02,Jackson,North Carolina,37099,5961,72.0,43938.0
2021-12-03,Jackson,North Carolina,37099,5972,72.0,43938.0
2021-12-04,Jackson,North Carolina,37099,5972,72.0,43938.0
2021-12-05,Jackson,North Carolina,37099,5972,72.0,43938.0
2021-12-06,Jackson,North Carolina,37099,6003,72.0,43938.0
2021-12-07,Jackson,North Carolina,37099,6022,72.0,43938.0
2021-12-08,Jackson,North Carolina,37099,6036,72.0,43938.0
2021-12-09,Jackson,North Carolina,37099,6043,72.0,43938.0
2021-12-10,Jackson,North Carolina,37099,6057,72.0,43938.0
2021-12-11,Jackson,North Carolina,37099,6057,72.0,43938.0
2021-12-12,Jackson,North Carolina,37099,6057,72.0,43938.0
2021-12-13,Jackson,North Carolina,37099,6084,73.0,43938.0
2021-12-14,Jackson,North Carolina,37099,6098,73.0,43938.0
2021-12-15,Jackson,North Carolina,37099,6103,73.0,43938.0
2021-12-16,Jackson,North Carolina,37099,6112,74.0,43938.0
2021-12-17,Jackson,North Carolina,37099,6128,74.0,43938.0
2021-12-18,Jackson,North Carolina,37099,6128,74.0,43938.0
2021-12-19,Jackson,North Carolina,37099,6128,74.0,43938.0
2021-12-20,Jackson,North Carolina,37099,6143,74.0,43938.0
2021-12-21,Jackson,North Carolina,37099,6160,74.0,43938.0
2021-12-22,Jackson,North Carolina,37099,6175,76.0,43938.0
2021-12-23,Jackson,North Carolina,37099,6175,76.0,43938.0
2021-12-24,Jackson,North Carolina,37099,6175,76.0,43938.0
2021-12-25,Jackson,North Carolina,37099,6175,76.0,43938.0
2021-12-26,Jackson,North Carolina,37099,6175,76.0,43938.0
2021-12-27,Jackson,North Carolina,37099,6175,76.0,43938.0
2021-12-28,Jackson,North Carolina,37099,6236,79.0,43938.0
2021-12-29,Jackson,North Carolina,37099,6266,79.0,43938.0
2021-12-30,Jackson,North Carolina,37099,6296,79.0,43938.0
2021-12-31,Jackson,North Carolina,37099,6327,79.0,43938.0
2022-01-01,Jackson,North Carolina,37099,6327,79.0,43938.0
2022-01-02,Jackson,North Carolina,37099,6327,79.0,43938.0
2022-01-03,Jackson,North Carolina,37099,6415,79.0,43938.0
2022-01-04,Jackson,North Carolina,37099,6459,79.0,43938.0
2022-01-05,Jackson,North Carolina,37099,6494,79.0,43938.0
2022-01-06,Jackson,North Carolina,37099,6550,79.0,43938.0
2022-01-07,Jackson,North Carolina,37099,6611,79.0,43938.0
2022-01-08,Jackson,North Carolina,37099,6611,79.0,43938.0
2022-01-09,Jackson,North Carolina,37099,6611,79.0,43938.0
2022-01-10,Jackson,North Carolina,37099,6750,80.0,43938.0
2022-01-11,Jackson,North Carolina,37099,6847,80.0,43938.0
2022-01-12,Jackson,North Carolina,37099,6929,80.0,43938.0
2022-01-13,Jackson,North Carolina,37099,7033,80.0,43938.0
2022-01-14,Jackson,North Carolina,37099,7135,80.0,43938.0
2022-01-15,Jackson,North Carolina,37099,7135,80.0,43938.0
2022-01-16,Jackson,North Carolina,37099,7135,80.0,43938.0
2022-01-17,Jackson,North Carolina,37099,7135,80.0,43938.0
2022-01-18,Jackson,North Carolina,37099,7460,80.0,43938.0
2022-01-19,Jackson,North Carolina,37099,7529,80.0,43938.0
2022-01-20,Jackson,North Carolina,37099,7636,80.0,43938.0
2022-01-21,Jackson,North Carolina,37099,7703,80.0,43938.0
2022-01-22,Jackson,North Carolina,37099,7703,80.0,43938.0
2022-01-23,Jackson,North Carolina,37099,7703,80.0,43938.0
2022-01-24,Jackson,North Carolina,37099,7951,80.0,43938.0
2022-01-25,Jackson,North Carolina,37099,8012,80.0,43938.0
2022-01-26,Jackson,North Carolina,37099,8111,80.0,43938.0
2022-01-27,Jackson,North Carolina,37099,8206,80.0,43938.0
2022-01-28,Jackson,North Carolina,37099,8283,80.0,43938.0
2022-01-29,Jackson,North Carolina,37099,8283,80.0,43938.0
2022-01-30,Jackson,North Carolina,37099,8283,80.0,43938.0
2022-01-31,Jackson,North Carolina,37099,8401,81.0,43938.0
2022-02-01,Jackson,North Carolina,37099,8438,81.0,43938.0
2022-02-02,Jackson,North Carolina,37099,8542,81.0,43938.0
2022-02-03,Jackson,North Carolina,37099,8597,83.0,43938.0
2022-02-04,Jackson,North Carolina,37099,8667,83.0,43938.0
2022-02-05,Jackson,North Carolina,37099,8667,83.0,43938.0
2022-02-06,Jackson,North Carolina,37099,8667,83.0,43938.0
2022-02-07,Jackson,North Carolina,37099,8745,83.0,43938.0
2022-02-08,Jackson,North Carolina,37099,8785,83.0,43938.0
2022-02-09,Jackson,North Carolina,37099,8813,83.0,43938.0
2022-02-10,Jackson,North Carolina,37099,8840,83.0,43938.0
2022-02-11,Jackson,North Carolina,37099,8875,83.0,43938.0
2022-02-12,Jackson,North Carolina,37099,8875,83.0,43938.0
2022-02-13,Jackson,North Carolina,37099,8875,83.0,43938.0
2022-02-14,Jackson,North Carolina,37099,8928,83.0,43938.0
2022-02-15,Jackson,North Carolina,37099,8938,83.0,43938.0
2022-02-16,Jackson,North Carolina,37099,8956,83.0,43938.0
2022-02-17,Jackson,North Carolina,37099,8988,83.0,43938.0
2022-02-18,Jackson,North Carolina,37099,9016,83.0,43938.0
2022-02-19,Jackson,North Carolina,37099,9016,83.0,43938.0
2022-02-20,Jackson,North Carolina,37099,9016,83.0,43938.0
2022-02-21,Jackson,North Carolina,37099,9066,83.0,43938.0
2022-02-22,Jackson,North Carolina,37099,9074,83.0,43938.0
2022-02-23,Jackson,North Carolina,37099,9107,83.0,43938.0
2022-02-24,Jackson,North Carolina,37099,9121,84.0,43938.0
2022-02-25,Jackson,North Carolina,37099,9141,84.0,43938.0
2022-02-26,Jackson,North Carolina,37099,9141,84.0,43938.0
2022-02-27,Jackson,North Carolina,37099,9141,84.0,43938.0
2022-02-28,Jackson,North Carolina,37099,9159,84.0,43938.0
2022-03-01,Jackson,North Carolina,37099,9164,84.0,43938.0
2022-03-02,Jackson,North Carolina,37099,9178,84.0,43938.0
2022-03-03,Jackson,North Carolina,37099,9190,85.0,43938.0
2022-03-04,Jackson,North Carolina,37099,9198,85.0,43938.0
2022-03-05,Jackson,North Carolina,37099,9198,85.0,43938.0
2022-03-06,Jackson,North Carolina,37099,9198,85.0,43938.0
2022-03-07,Jackson,North Carolina,37099,9216,85.0,43938.0
2022-03-08,Jackson,North Carolina,37099,9220,86.0,43938.0
2022-03-09,Jackson,North Carolina,37099,9232,86.0,43938.0
2022-03-10,Jackson,North Carolina,37099,9234,86.0,43938.0
2022-03-11,Jackson,North Carolina,37099,9236,86.0,43938.0
2022-03-12,Jackson,North Carolina,37099,9236,86.0,43938.0
2022-03-13,Jackson,North Carolina,37099,9236,86.0,43938.0
2022-03-14,Jackson,North Carolina,37099,9259,86.0,43938.0
2022-03-15,Jackson,North Carolina,37099,9259,86.0,43938.0
2022-03-16,Jackson,North Carolina,37099,9263,86.0,43938.0
2022-03-17,Jackson,North Carolina,37099,9266,86.0,43938.0
2022-03-18,Jackson,North Carolina,37099,9274,86.0,43938.0
2022-03-19,Jackson,North Carolina,37099,9274,86.0,43938.0
2022-03-20,Jackson,North Carolina,37099,9274,86.0,43938.0
2022-03-21,Jackson,North Carolina,37099,9277,86.0,43938.0
2022-03-22,Jackson,North Carolina,37099,9279,86.0,43938.0
2022-03-23,Jackson,North Carolina,37099,9282,86.0,43938.0
2022-03-24,Jackson,North Carolina,37099,9293,86.0,43938.0
2022-03-25,Jackson,North Carolina,37099,9302,86.0,43938.0
2022-03-26,Jackson,North Carolina,37099,9302,86.0,43938.0
2022-03-27,Jackson,North Carolina,37099,9302,86.0,43938.0
2022-03-28,Jackson,North Carolina,37099,9315,86.0,43938.0
2022-03-29,Jackson,North Carolina,37099,9319,86.0,43938.0
2022-03-30,Jackson,North Carolina,37099,9329,86.0,43938.0
2022-03-31,Jackson,North Carolina,37099,9333,86.0,43938.0
2022-04-01,Jackson,North Carolina,37099,9340,86.0,43938.0
2022-04-02,Jackson,North Carolina,37099,9340,86.0,43938.0
2022-04-03,Jackson,North Carolina,37099,9340,86.0,43938.0
2022-04-04,Jackson,North Carolina,37099,9353,86.0,43938.0
2022-04-05,Jackson,North Carolina,37099,9368,86.0,43938.0
2022-04-06,Jackson,North Carolina,37099,9374,86.0,43938.0
2022-04-07,Jackson,North Carolina,37099,9374,86.0,43938.0
2022-04-08,Jackson,North Carolina,37099,9374,86.0,43938.0
2022-04-09,Jackson,North Carolina,37099,9374,86.0,43938.0
2022-04-10,Jackson,North Carolina,37099,9374,86.0,43938.0
2022-04-11,Jackson,North Carolina,37099,9374,86.0,43938.0
2022-04-12,Jackson,North Carolina,37099,9374,86.0,43938.0
2022-04-13,Jackson,North Carolina,37099,9390,86.0,43938.0
2022-04-14,Jackson,North Carolina,37099,9390,86.0,43938.0
2022-04-15,Jackson,North Carolina,37099,9390,86.0,43938.0
2022-04-16,Jackson,North Carolina,37099,9390,86.0,43938.0
2022-04-17,Jackson,North Carolina,37099,9390,86.0,43938.0
2022-04-18,Jackson,North Carolina,37099,9390,86.0,43938.0
2022-04-19,Jackson,North Carolina,37099,9390,86.0,43938.0
2022-04-20,Jackson,North Carolina,37099,9423,86.0,43938.0
2022-04-21,Jackson,North Carolina,37099,9423,86.0,43938.0
2022-04-22,Jackson,North Carolina,37099,9423,86.0,43938.0
2022-04-23,Jackson,North Carolina,37099,9423,86.0,43938.0
2022-04-24,Jackson,North Carolina,37099,9423,86.0,43938.0
2022-04-25,Jackson,North Carolina,37099,9423,86.0,43938.0
2022-04-26,Jackson,North Carolina,37099,9423,86.0,43938.0
2022-04-27,Jackson,North Carolina,37099,9545,86.0,43938.0
2022-04-28,Jackson,North Carolina,37099,9545,86.0,43938.0
2022-04-29,Jackson,North Carolina,37099,9545,86.0,43938.0
2022-04-30,Jackson,North Carolina,37099,9545,86.0,43938.0
2021-12-01,New Hanover,North Carolina,37129,29385,296.0,234473.0
2021-12-02,New Hanover,North Carolina,37129,29433,296.0,234473.0
2021-12-03,New Hanover,North Carolina,37129,29466,296.0,234473.0
2021-12-04,New Hanover,North Carolina,37129,29466,296.0,234473.0
2021-12-05,New Hanover,North Carolina,37129,29466,296.0,234473.0
2021-12-06,New Hanover,North Carolina,37129,29552,297.0,234473.0
2021-12-07,New Hanover,North Carolina,37129,29579,297.0,234473.0
2021-12-08,New Hanover,North Carolina,37129,29641,297.0,234473.0
2021-12-09,New Hanover,North Carolina,37129,29682,297.0,234473.0
2021-12-10,New Hanover,North Carolina,37129,29728,298.0,234473.0
2021-12-11,New Hanover,North Carolina,37129,29728,298.0,234473.0
2021-12-12,New Hanover,North Carolina,37129,29728,298.0,234473.0
2021-12-13,New Hanover,North Carolina,37129,29836,298.0,234473.0
2021-12-14,New Hanover,North Carolina,37129,29853,298.0,234473.0
2021-12-15,New Hanover,North Carolina,37129,29880,298.0,234473.0
2021-12-16,New Hanover,North Carolina,37129,29927,298.0,234473.0
2021-12-17,New Hanover,North Carolina,37129,29975,298.0,234473.0
2021-12-18,New Hanover,North Carolina,37129,29975,298.0,234473.0
2021-12-19,New Hanover,North Carolina,37129,29975,298.0,234473.0
2021-12-20,New Hanover,North Carolina,37129,30117,299.0,234473.0
2021-12-21,New Hanover,North Carolina,37129,30188,299.0,234473.0
2021-12-22,New Hanover,North Carolina,37129,30247,300.0,234473.0
2021-12-23,New Hanover,North Carolina,37129,30247,300.0,234473.0
2021-12-24,New Hanover,North Carolina,37129,30247,300.0,234473.0
2021-12-25,New Hanover,North Carolina,37129,30247,300.0,234473.0
2021-12-26,New Hanover,North Carolina,37129,30247,300.0,234473.0
2021-12-27,New Hanover,North Carolina,37129,30247,300.0,234473.0
2021-12-28,New Hanover,North Carolina,37129,30876,300.0,234473.0
2021-12-29,New Hanover,North Carolina,37129,30938,300.0,234473.0
2021-12-30,New Hanover,North Carolina,37129,31348,300.0,234473.0
2021-12-31,New Hanover,North Carolina,37129,31696,300.0,234473.0
2022-01-01,New Hanover,North Carolina,37129,31696,300.0,234473.0
2022-01-02,New Hanover,North Carolina,37129,31696,300.0,234473.0
2022-01-03,New Hanover,North Carolina,37129,32557,300.0,234473.0
2022-01-04,New Hanover,North Carolina,37129,32728,300.0,234473.0
2022-01-05,New Hanover,North Carolina,37129,32991,300.0,234473.0
2022-01-06,New Hanover,North Carolina,37129,33371,301.0,234473.0
2022-01-07,New Hanover,North Carolina,37129,33702,303.0,234473.0
2022-01-08,New Hanover,North Carolina,37129,33702,303.0,234473.0
2022-01-09,New Hanover,North Carolina,37129,33702,303.0,234473.0
2022-01-10,New Hanover,North Carolina,37129,35103,305.0,234473.0
2022-01-11,New Hanover,North Carolina,37129,35455,306.0,234473.0
2022-01-12,New Hanover,North Carolina,37129,35867,308.0,234473.0
2022-01-13,New Hanover,North Carolina,37129,36418,310.0,234473.0
2022-01-14,New Hanover,North Carolina,37129,36954,313.0,234473.0
2022-01-15,New Hanover,North Carolina,37129,36954,313.0,234473.0
2022-01-16,New Hanover,North Carolina,37129,36954,313.0,234473.0
2022-01-17,New Hanover,North Carolina,37129,36954,313.0,234473.0
2022-01-18,New Hanover,North Carolina,37129,38989,315.0,234473.0
2022-01-19,New Hanover,North Carolina,37129,39500,316.0,234473.0
2022-01-20,New Hanover,North Carolina,37129,39792,320.0,234473.0
2022-01-21,New Hanover,North Carolina,37129,40543,320.0,234473.0
2022-01-22,New Hanover,North Carolina,37129,40543,320.0,234473.0
2022-01-23,New Hanover,North Carolina,37129,40543,320.0,234473.0
2022-01-24,New Hanover,North Carolina,37129,42302,320.0,234473.0
2022-01-25,New Hanover,North Carolina,37129,42592,320.0,234473.0
2022-01-26,New Hanover,North Carolina,37129,42907,321.0,234473.0
2022-01-27,New Hanover,North Carolina,37129,43315,325.0,234473.0
2022-01-28,New Hanover,North Carolina,37129,43804,325.0,234473.0
2022-01-29,New Hanover,North Carolina,37129,43804,325.0,234473.0
2022-01-30,New Hanover,North Carolina,37129,43804,325.0,234473.0
2022-01-31,New Hanover,North Carolina,37129,44833,325.0,234473.0
2022-02-01,New Hanover,North Carolina,37129,45029,326.0,234473.0
2022-02-02,New Hanover,North Carolina,37129,45223,328.0,234473.0
2022-02-03,New Hanover,North Carolina,37129,45553,329.0,234473.0
2022-02-04,New Hanover,North Carolina,37129,45795,330.0,234473.0
2022-02-05,New Hanover,North Carolina,37129,45795,330.0,234473.0
2022-02-06,New Hanover,North Carolina,37129,45795,330.0,234473.0
2022-02-07,New Hanover,North Carolina,37129,46364,338.0,234473.0
2022-02-08,New Hanover,North Carolina,37129,46425,340.0,234473.0
2022-02-09,New Hanover,North Carolina,37129,46669,343.0,234473.0
2022-02-10,New Hanover,North Carolina,37129,46909,343.0,234473.0
2022-02-11,New Hanover,North Carolina,37129,47052,347.0,234473.0
2022-02-12,New Hanover,North Carolina,37129,47052,347.0,234473.0
2022-02-13,New Hanover,North Carolina,37129,47052,347.0,234473.0
2022-02-14,New Hanover,North Carolina,37129,47306,348.0,234473.0
2022-02-15,New Hanover,North Carolina,37129,47374,350.0,234473.0
2022-02-16,New Hanover,North Carolina,37129,47491,351.0,234473.0
2022-02-17,New Hanover,North Carolina,37129,47581,351.0,234473.0
2022-02-18,New Hanover,North Carolina,37129,47661,351.0,234473.0
2022-02-19,New Hanover,North Carolina,37129,47661,351.0,234473.0
2022-02-20,New Hanover,North Carolina,37129,47661,351.0,234473.0
2022-02-21,New Hanover,North Carolina,37129,47828,351.0,234473.0
2022-02-22,New Hanover,North Carolina,37129,47877,356.0,234473.0
2022-02-23,New Hanover,North Carolina,37129,47954,360.0,234473.0
2022-02-24,New Hanover,North Carolina,37129,48033,363.0,234473.0
2022-02-25,New Hanover,North Carolina,37129,48745,363.0,234473.0
2022-02-26,New Hanover,North Carolina,37129,48745,363.0,234473.0
2022-02-27,New Hanover,North Carolina,37129,48745,363.0,234473.0
2022-02-28,New Hanover,North Carolina,37129,48916,368.0,234473.0
2022-03-01,New Hanover,North Carolina,37129,48948,368.0,234473.0
2022-03-02,New Hanover,North Carolina,37129,49046,372.0,234473.0
2022-03-03,New Hanover,North Carolina,37129,49131,376.0,234473.0
2022-03-04,New Hanover,North Carolina,37129,49222,377.0,234473.0
2022-03-05,New Hanover,North Carolina,37129,49222,377.0,234473.0
2022-03-06,New Hanover,North Carolina,37129,49222,377.0,234473.0
2022-03-07,New Hanover,North Carolina,37129,49321,377.0,234473.0
2022-03-08,New Hanover,North Carolina,37129,49341,378.0,234473.0
2022-03-09,New Hanover,North Carolina,37129,49382,378.0,234473.0
2022-03-10,New Hanover,North Carolina,37129,49438,379.0,234473.0
2022-03-11,New Hanover,North Carolina,37129,49514,379.0,234473.0
2022-03-12,New Hanover,North Carolina,37129,49514,379.0,234473.0
2022-03-13,New Hanover,North Carolina,37129,49514,379.0,234473.0
2022-03-14,New Hanover,North Carolina,37129,49628,380.0,234473.0
2022-03-15,New Hanover,North Carolina,37129,49657,380.0,234473.0
2022-03-16,New Hanover,North Carolina,37129,49731,382.0,234473.0
2022-03-17,New Hanover,North Carolina,37129,49810,382.0,234473.0
2022-03-18,New Hanover,North Carolina,37129,49858,383.0,234473.0
2022-03-19,New Hanover,North Carolina,37129,49858,383.0,234473.0
2022-03-20,New Hanover,North Carolina,37129,49858,383.0,234473.0
2022-03-21,New Hanover,North Carolina,37129,49909,383.0,234473.0
2022-03-22,New Hanover,North Carolina,37129,49933,384.0,234473.0
2022-03-23,New Hanover,North Carolina,37129,49989,385.0,234473.0
2022-03-24,New Hanover,North Carolina,37129,50044,385.0,234473.0
2022-03-25,New Hanover,North Carolina,37129,50095,384.0,234473.0
2022-03-26,New Hanover,North Carolina,37129,50095,384.0,234473.0
2022-03-27,New Hanover,North Carolina,37129,50095,384.0,234473.0
2022-03-28,New Hanover,North Carolina,37129,50193,384.0,234473.0
2022-03-29,New Hanover,North Carolina,37129,50222,385.0,234473.0
2022-03-30,New Hanover,North Carolina,37129,50299,385.0,234473.0
2022-03-31,New Hanover,North Carolina,37129,50356,385.0,234473.0
2022-04-01,New Hanover,North Carolina,37129,50420,385.0,234473.0
2022-04-02,New Hanover,North Carolina,37129,50420,385.0,234473.0
2022-04-03,New Hanover,North Carolina,37129,50420,385.0,234473.0
2022-04-04,New Hanover,North Carolina,37129,50476,385.0,234473.0
2022-04-05,New Hanover,North Carolina,37129,50485,385.0,234473.0
2022-04-06,New Hanover,North Carolina,37129,50497,385.0,234473.0
2022-04-07,New Hanover,North Carolina,37129,50497,385.0,234473.0
2022-04-08,New Hanover,North Carolina,37129,50497,385.0,234473.0
2022-04-09,New Hanover,North Carolina,37129,50497,385.0,234473.0
2022-04-10,New Hanover,North Carolina,37129,50497,385.0,234473.0
2022-04-11,New Hanover,North Carolina,37129,50497,385.0,234473.0
2022-04-12,New Hanover,North Carolina,37129,50497,385.0,234473.0
2022-04-13,New Hanover,North Carolina,37129,50622,388.0,234473.0
2022-04-14,New Hanover,North Carolina,37129,50622,388.0,234473.0
2022-04-15,New Hanover,North Carolina,37129,50622,388.0,234473.0
2022-04-16,New Hanover,North Carolina,37129,50622,388.0,234473.0
2022-04-17,New Hanover,North Carolina,37129,50622,388.0,234473.0
2022-04-18,New Hanover,North Carolina,37129,50622,388.0,234473.0
2022-04-19,New Hanover,North Carolina,37129,50622,388.0,234473.0
2022-04-20,New Hanover,North Carolina,37129,50729,388.0,234473.0
2022-04-21,New Hanover,North Carolina,37129,50729,388.0,234473.0
2022-04-22,New Hanover,North Carolina,37129,50729,388.0,234473.0
2022-04-23,New Hanover,North Carolina,37129,50729,388.0,234473.0
2022-04-24,New Hanover,North Carolina,37129,50729,388.0,234473.0
2022-04-25,New Hanover,North Carolina,37129,50729,388.0,234473.0
2022-04-26,New Hanover,North Carolina,37129,50729,388.0,234473.0
2022-04-27,New Hanover,North Carolina,37129,50916,388.0,234473.0
2022-04-28,New Hanover,North Carolina,37129,50916,388.0,234473.0
2022-04-29,New Hanover,North Carolina,37129,50916,388.0,234473.0
2022-04-30,New Hanover,North Carolina,37129,50916,388.0,234473.0
2021-12-01,Orange,North Carolina,37135,12278,110.0,148476.0
2021-12-02,Orange,North Carolina,37135,12321,110.0,148476.0
2021-12-03,Orange,North Carolina,37135,12354,110.0,148476.0
2021-12-04,Orange,North Carolina,37135,12354,110.0,148476.0
2021-12-05,Orange,North Carolina,37135,12354,110.0,148476.0
2021-12-06,Orange,North Carolina,37135,12424,110.0,148476.0
2021-12-07,Orange,North Carolina,37135,12437,110.0,148476.0
2021-12-08,Orange,North Carolina,37135,12473,111.0,148476.0
2021-12-09,Orange,North Carolina,37135,12493,111.0,148476.0
2021-12-10,Orange,North Carolina,37135,12526,111.0,148476.0
2021-12-11,Orange,North Carolina,37135,12526,111.0,148476.0
2021-12-12,Orange,North Carolina,37135,12526,111.0,148476.0
2021-12-13,Orange,North Carolina,37135,12596,111.0,148476.0
2021-12-14,Orange,North Carolina,37135,12606,111.0,148476.0
2021-12-15,Orange,North Carolina,37135,12618,111.0,148476.0
2021-12-16,Orange,North Carolina,37135,12660,111.0,148476.0
2021-12-17,Orange,North Carolina,37135,12689,111.0,148476.0
2021-12-18,Orange,North Carolina,37135,12689,111.0,148476.0
2021-12-19,Orange,North Carolina,37135,12689,111.0,148476.0
2021-12-20,Orange,North Carolina,37135,12818,111.0,148476.0
2021-12-21,Orange,North Carolina,37135,12836,112.0,148476.0
2021-12-22,Orange,North Carolina,37135,12893,112.0,148476.0
2021-12-23,Orange,North Carolina,37135,12893,112.0,148476.0
2021-12-24,Orange,North Carolina,37135,12893,112.0,148476.0
2021-12-25,Orange,North Carolina,37135,12893,112.0,148476.0
2021-12-26,Orange,North Carolina,37135,12893,112.0,148476.0
2021-12-27,Orange,North Carolina,37135,12893,112.0,148476.0
2021-12-28,Orange,North Carolina,37135,13392,112.0,148476.0
2021-12-29,Orange,North Carolina,37135,13485,112.0,148476.0
2021-12-30,Orange,North Carolina,37135,13679,112.0,148476.0
2021-12-31,Orange,North Carolina,37135,13918,112.0,148476.0
2022-01-01,Orange,North Carolina,37135,13918,112.0,148476.0
2022-01-02,Orange,North Carolina,37135,13918,112.0,148476.0
2022-01-03,Orange,North Carolina,37135,14424,112.0,148476.0
2022-01-04,Orange,North Carolina,37135,14579,112.0,148476.0
2022-01-05,Orange,North Carolina,37135,14740,112.0,148476.0
2022-01-06,Orange,North Carolina,37135,15020,113.0,148476.0
2022-01-07,Orange,North Carolina,37135,15386,113.0,148476.0
2022-01-08,Orange,North Carolina,37135,15386,113.0,148476.0
2022-01-09,Orange,North Carolina,37135,15386,113.0,148476.0
2022-01-10,Orange,North Carolina,37135,16292,113.0,148476.0
2022-01-11,Orange,North Carolina,37135,16478,113.0,148476.0
2022-01-12,Orange,North Carolina,37135,16740,113.0,148476.0
2022-01-13,Orange,North Carolina,37135,17342,113.0,148476.0
2022-01-14,Orange,North Carolina,37135,17711,113.0,148476.0
2022-01-15,Orange,North Carolina,37135,17711,113.0,148476.0
2022-01-16,Orange,North Carolina,37135,17711,113.0,148476.0
2022-01-17,Orange,North Carolina,37135,17711,113.0,148476.0
2022-01-18,Orange,North Carolina,37135,19105,113.0,148476.0
2022-01-19,Orange,North Carolina,37135,19291,113.0,148476.0
2022-01-20,Orange,North Carolina,37135,19647,114.0,148476.0
2022-01-21,Orange,North Carolina,37135,20125,114.0,148476.0
2022-01-22,Orange,North Carolina,37135,20125,114.0,148476.0
2022-01-23,Orange,North Carolina,37135,20125,114.0,148476.0
2022-01-24,Orange,North Carolina,37135,21049,114.0,148476.0
2022-01-25,Orange,North Carolina,37135,21419,114.0,148476.0
2022-01-26,Orange,North Carolina,37135,21774,115.0,148476.0
2022-01-27,Orange,North Carolina,37135,22169,116.0,148476.0
2022-01-28,Orange,North Carolina,37135,22474,119.0,148476.0
2022-01-29,Orange,North Carolina,37135,22474,119.0,148476.0
2022-01-30,Orange,North Carolina,37135,22474,119.0,148476.0
2022-01-31,Orange,North Carolina,37135,22989,120.0,148476.0
2022-02-01,Orange,North Carolina,37135,23200,120.0,148476.0
2022-02-02,Orange,North Carolina,37135,23398,120.0,148476.0
2022-02-03,Orange,North Carolina,37135,23608,120.0,148476.0
2022-02-04,Orange,North Carolina,37135,23817,119.0,148476.0
2022-02-05,Orange,North Carolina,37135,23817,119.0,148476.0
2022-02-06,Orange,North Carolina,37135,23817,119.0,148476.0
2022-02-07,Orange,North Carolina,37135,24138,119.0,148476.0
2022-02-08,Orange,North Carolina,37135,24259,119.0,148476.0
2022-02-09,Orange,North Carolina,37135,24374,119.0,148476.0
2022-02-10,Orange,North Carolina,37135,24520,119.0,148476.0
2022-02-11,Orange,North Carolina,37135,24601,120.0,148476.0
2022-02-12,Orange,North Carolina,37135,24601,120.0,148476.0
2022-02-13,Orange,North Carolina,37135,24601,120.0,148476.0
2022-02-14,Orange,North Carolina,37135,24841,120.0,148476.0
2022-02-15,Orange,North Carolina,37135,24894,120.0,148476.0
2022-02-16,Orange,North Carolina,37135,24944,120.0,148476.0
2022-02-17,Orange,North Carolina,37135,25026,120.0,148476.0
2022-02-18,Orange,North Carolina,37135,25090,120.0,148476.0
2022-02-19,Orange,North Carolina,37135,25090,120.0,148476.0
2022-02-20,Orange,North Carolina,37135,25090,120.0,148476.0
2022-02-21,Orange,North Carolina,37135,25202,120.0,148476.0
2022-02-22,Orange,North Carolina,37135,25234,120.0,148476.0
2022-02-23,Orange,North Carolina,37135,25275,121.0,148476.0
2022-02-24,Orange,North Carolina,37135,25316,122.0,148476.0
2022-02-25,Orange,North Carolina,37135,25354,122.0,148476.0
2022-02-26,Orange,North Carolina,37135,25354,122.0,148476.0
2022-02-27,Orange,North Carolina,37135,25354,122.0,148476.0
2022-02-28,Orange,North Carolina,37135,25426,122.0,148476.0
2022-03-01,Orange,North Carolina,37135,25446,122.0,148476.0
2022-03-02,Orange,North Carolina,37135,25464,122.0,148476.0
2022-03-03,Orange,North Carolina,37135,25507,122.0,148476.0
2022-03-04,Orange,North Carolina,37135,25547,122.0,148476.0
2022-03-05,Orange,North Carolina,37135,25547,122.0,148476.0
2022-03-06,Orange,North Carolina,37135,25547,122.0,148476.0
2022-03-07,Orange,North Carolina,37135,25604,122.0,148476.0
2022-03-08,Orange,North Carolina,37135,25631,122.0,148476.0
2022-03-09,Orange,North Carolina,37135,25656,123.0,148476.0
2022-03-10,Orange,North Carolina,37135,25673,123.0,148476.0
2022-03-11,Orange,North Carolina,37135,25687,123.0,148476.0
2022-03-12,Orange,North Carolina,37135,25687,123.0,148476.0
2022-03-13,Orange,North Carolina,37135,25687,123.0,148476.0
2022-03-14,Orange,North Carolina,37135,25718,124.0,148476.0
2022-03-15,Orange,North Carolina,37135,25733,124.0,148476.0
2022-03-16,Orange,North Carolina,37135,25763,124.0,148476.0
2022-03-17,Orange,North Carolina,37135,25795,124.0,148476.0
2022-03-18,Orange,North Carolina,37135,25833,124.0,148476.0
2022-03-19,Orange,North Carolina,37135,25833,124.0,148476.0
2022-03-20,Orange,North Carolina,37135,25833,124.0,148476.0
2022-03-21,Orange,North Carolina,37135,25889,124.0,148476.0
2022-03-22,Orange,North Carolina,37135,25915,124.0,148476.0
2022-03-23,Orange,North Carolina,37135,25945,124.0,148476.0
2022-03-24,Orange,North Carolina,37135,25956,124.0,148476.0
2022-03-25,Orange,North Carolina,37135,25966,124.0,148476.0
2022-03-26,Orange,North Carolina,37135,25966,124.0,148476.0
2022-03-27,Orange,North Carolina,37135,25966,124.0,148476.0
2022-03-28,Orange,North Carolina,37135,26008,124.0,148476.0
2022-03-29,Orange,North Carolina,37135,26026,124.0,148476.0
2022-03-30,Orange,North Carolina,37135,26062,124.0,148476.0
2022-03-31,Orange,North Carolina,37135,26090,124.0,148476.0
2022-04-01,Orange,North Carolina,37135,26128,124.0,148476.0
2022-04-02,Orange,North Carolina,37135,26128,124.0,148476.0
2022-04-03,Orange,North Carolina,37135,26128,124.0,148476.0
2022-04-04,Orange,North Carolina,37135,26174,124.0,148476.0
2022-04-05,Orange,North Carolina,37135,26184,124.0,148476.0
2022-04-06,Orange,North Carolina,37135,26215,124.0,148476.0
2022-04-07,Orange,North Carolina,37135,26215,124.0,148476.0
2022-04-08,Orange,North Carolina,37135,26215,124.0,148476.0
2022-04-09,Orange,North Carolina,37135,26215,124.0,148476.0
2022-04-10,Orange,North Carolina,37135,26215,124.0,148476.0
2022-04-11,Orange,North Carolina,37135,26215,124.0,148476.0
2022-04-12,Orange,North Carolina,37135,26215,124.0,148476.0
2022-04-13,Orange,North Carolina,37135,26520,124.0,148476.0
2022-04-14,Orange,North Carolina,37135,26520,124.0,148476.0
2022-04-15,Orange,North Carolina,37135,26520,124.0,148476.0
2022-04-16,Orange,North Carolina,37135,26520,124.0,148476.0
2022-04-17,Orange,North Carolina,37135,26520,124.0,148476.0
2022-04-18,Orange,North Carolina,37135,26520,124.0,148476.0
2022-04-19,Orange,North Carolina,37135,26520,124.0,148476.0
2022-04-20,Orange,North Carolina,37135,27057,125.0,148476.0
2022-04-21,Orange,North Carolina,37135,27057,125.0,148476.0
2022-04-22,Orange,North Carolina,37135,27057,125.0,148476.0
2022-04-23,Orange,North Carolina,37135,27057,125.0,148476.0
2022-04-24,Orange,North Carolina,37135,27057,125.0,148476.0
2022-04-25,Orange,North Carolina,37135,27057,125.0,148476.0
2022-04-26,Orange,North Carolina,37135,27057,125.0,148476.0
2022-04-27,Orange,North Carolina,37135,27446,125.0,148476.0
2022-04-28,Orange,North Carolina,37135,27446,125.0,148476.0
2022-04-29,Orange,North Carolina,37135,27446,125.0,148476.0
2022-04-30,Orange,North Carolina,37135,27446,125.0,148476.0
2021-12-01,Pitt,North Carolina,37147,30453,146.0,180742.0
2021-12-02,Pitt,North Carolina,37147,30499,146.0,180742.0
2021-12-03,Pitt,North Carolina,37147,30550,146.0,180742.0
2021-12-04,Pitt,North Carolina,37147,30550,146.0,180742.0
2021-12-05,Pitt,North Carolina,37147,30550,146.0,180742.0
2021-12-06,Pitt,North Carolina,37147,30711,146.0,180742.0
2021-12-07,Pitt,North Carolina,37147,30758,146.0,180742.0
2021-12-08,Pitt,North Carolina,37147,30819,146.0,180742.0
2021-12-09,Pitt,North Carolina,37147,30892,146.0,180742.0
2021-12-10,Pitt,North Carolina,37147,30942,146.0,180742.0
2021-12-11,Pitt,North Carolina,37147,30942,146.0,180742.0
2021-12-12,Pitt,North Carolina,37147,30942,146.0,180742.0
2021-12-13,Pitt,North Carolina,37147,31128,146.0,180742.0
2021-12-14,Pitt,North Carolina,37147,31153,146.0,180742.0
2021-12-15,Pitt,North Carolina,37147,31222,146.0,180742.0
2021-12-16,Pitt,North Carolina,37147,31282,146.0,180742.0
2021-12-17,Pitt,North Carolina,37147,31340,146.0,180742.0
2021-12-18,Pitt,North Carolina,37147,31340,146.0,180742.0
2021-12-19,Pitt,North Carolina,37147,31340,146.0,180742.0
2021-12-20,Pitt,North Carolina,37147,31471,146.0,180742.0
2021-12-21,Pitt,North Carolina,37147,31509,146.0,180742.0
2021-12-22,Pitt,North Carolina,37147,31585,146.0,180742.0
2021-12-23,Pitt,North Carolina,37147,31585,146.0,180742.0
2021-12-24,Pitt,North Carolina,37147,31585,146.0,180742.0
2021-12-25,Pitt,North Carolina,37147,31585,146.0,180742.0
2021-12-26,Pitt,North Carolina,37147,31585,146.0,180742.0
2021-12-27,Pitt,North Carolina,37147,31585,146.0,180742.0
2021-12-28,Pitt,North Carolina,37147,31969,146.0,180742.0
2021-12-29,Pitt,North Carolina,37147,31976,146.0,180742.0
2021-12-30,Pitt,North Carolina,37147,32335,146.0,180742.0
2021-12-31,Pitt,North Carolina,37147,32746,146.0,180742.0
2022-01-01,Pitt,North Carolina,37147,32746,146.0,180742.0
2022-01-02,Pitt,North Carolina,37147,32746,146.0,180742.0
2022-01-03,Pitt,North Carolina,37147,33681,146.0,180742.0
2022-01-04,Pitt,North Carolina,37147,33939,146.0,180742.0
2022-01-05,Pitt,North Carolina,37147,34421,146.0,180742.0
2022-01-06,Pitt,North Carolina,37147,34812,146.0,180742.0
2022-01-07,Pitt,North Carolina,37147,35532,146.0,180742.0
2022-01-08,Pitt,North Carolina,37147,35532,146.0,180742.0
2022-01-09,Pitt,North Carolina,37147,35532,146.0,180742.0
2022-01-10,Pitt,North Carolina,37147,36996,146.0,180742.0
2022-01-11,Pitt,North Carolina,37147,37306,146.0,180742.0
2022-01-12,Pitt,North Carolina,37147,37879,146.0,180742.0
2022-01-13,Pitt,North Carolina,37147,38793,146.0,180742.0
2022-01-14,Pitt,North Carolina,37147,39709,146.0,180742.0
2022-01-15,Pitt,North Carolina,37147,39709,146.0,180742.0
2022-01-16,Pitt,North Carolina,37147,39709,146.0,180742.0
2022-01-17,Pitt,North Carolina,37147,39709,146.0,180742.0
2022-01-18,Pitt,North Carolina,37147,42347,146.0,180742.0
2022-01-19,Pitt,North Carolina,37147,42710,146.0,180742.0
2022-01-20,Pitt,North Carolina,37147,43547,146.0,180742.0
2022-01-21,Pitt,North Carolina,37147,44600,146.0,180742.0
2022-01-22,Pitt,North Carolina,37147,44600,146.0,180742.0
2022-01-23,Pitt,North Carolina,37147,44600,146.0,180742.0
2022-01-24,Pitt,North Carolina,37147,46099,146.0,180742.0
2022-01-25,Pitt,North Carolina,37147,46822,146.0,180742.0
2022-01-26,Pitt,North Carolina,37147,47251,146.0,180742.0
2022-01-27,Pitt,North Carolina,37147,47679,146.0,180742.0
2022-01-28,Pitt,North Carolina,37147,48220,146.0,180742.0
2022-01-29,Pitt,North Carolina,37147,48220,146.0,180742.0
2022-01-30,Pitt,North Carolina,37147,48220,146.0,180742.0
2022-01-31,Pitt,North Carolina,37147,48951,146.0,180742.0
2022-02-01,Pitt,North Carolina,37147,49056,146.0,180742.0
2022-02-02,Pitt,North Carolina,37147,49427,146.0,180742.0
2022-02-03,Pitt,North Carolina,37147,49686,146.0,180742.0
2022-02-04,Pitt,North Carolina,37147,49775,146.0,180742.0
2022-02-05,Pitt,North Carolina,37147,49775,146.0,180742.0
2022-02-06,Pitt,North Carolina,37147,49775,146.0,180742.0
2022-02-07,Pitt,North Carolina,37147,50245,146.0,180742.0
2022-02-08,Pitt,North Carolina,37147,50263,146.0,180742.0
2022-02-09,Pitt,North Carolina,37147,50588,146.0,180742.0
2022-02-10,Pitt,North Carolina,37147,50795,146.0,180742.0
2022-02-11,Pitt,North Carolina,37147,51008,146.0,180742.0
2022-02-12,Pitt,North Carolina,37147,51008,146.0,180742.0
2022-02-13,Pitt,North Carolina,37147,51008,146.0,180742.0
2022-02-14,Pitt,North Carolina,37147,51287,146.0,180742.0
2022-02-15,Pitt,North Carolina,37147,51323,146.0,180742.0
2022-02-16,Pitt,North Carolina,37147,51471,146.0,180742.0
2022-02-17,Pitt,North Carolina,37147,51574,146.0,180742.0
2022-02-18,Pitt,North Carolina,37147,51681,146.0,180742.0
2022-02-19,Pitt,North Carolina,37147,51681,146.0,180742.0
2022-02-20,Pitt,North Carolina,37147,51681,146.0,180742.0
2022-02-21,Pitt,North Carolina,37147,51818,146.0,180742.0
2022-02-22,Pitt,North Carolina,37147,51828,146.0,180742.0
2022-02-23,Pitt,North Carolina,37147,51861,146.0,180742.0
2022-02-24,Pitt,North Carolina,37147,51918,146.0,180742.0
2022-02-25,Pitt,North Carolina,37147,51956,146.0,180742.0
2022-02-26,Pitt,North Carolina,37147,51956,146.0,180742.0
2022-02-27,Pitt,North Carolina,37147,51956,146.0,180742.0
2022-02-28,Pitt,North Carolina,37147,52029,146.0,180742.0
2022-03-01,Pitt,North Carolina,37147,52034,146.0,180742.0
2022-03-02,Pitt,North Carolina,37147,52075,152.0,180742.0
2022-03-03,Pitt,North Carolina,37147,52108,152.0,180742.0
2022-03-04,Pitt,North Carolina,37147,52129,152.0,180742.0
2022-03-05,Pitt,North Carolina,37147,52129,152.0,180742.0
2022-03-06,Pitt,North Carolina,37147,52129,152.0,180742.0
2022-03-07,Pitt,North Carolina,37147,52163,152.0,180742.0
2022-03-08,Pitt,North Carolina,37147,52168,152.0,180742.0
2022-03-09,Pitt,North Carolina,37147,52185,152.0,180742.0
2022-03-10,Pitt,North Carolina,37147,52196,152.0,180742.0
2022-03-11,Pitt,North Carolina,37147,52202,153.0,180742.0
2022-03-12,Pitt,North Carolina,37147,52202,153.0,180742.0
2022-03-13,Pitt,North Carolina,37147,52202,153.0,180742.0
2022-03-14,Pitt,North Carolina,37147,52223,153.0,180742.0
2022-03-15,Pitt,North Carolina,37147,52222,153.0,180742.0
2022-03-16,Pitt,North Carolina,37147,52235,153.0,180742.0
2022-03-17,Pitt,North Carolina,37147,52240,153.0,180742.0
2022-03-18,Pitt,North Carolina,37147,52251,153.0,180742.0
2022-03-19,Pitt,North Carolina,37147,52251,153.0,180742.0
2022-03-20,Pitt,North Carolina,37147,52251,153.0,180742.0
2022-03-21,Pitt,North Carolina,37147,52291,153.0,180742.0
2022-03-22,Pitt,North Carolina,37147,52298,154.0,180742.0
2022-03-23,Pitt,North Carolina,37147,52310,157.0,180742.0
2022-03-24,Pitt,North Carolina,37147,52318,168.0,180742.0
2022-03-25,Pitt,North Carolina,37147,52324,168.0,180742.0
2022-03-26,Pitt,North Carolina,37147,52324,168.0,180742.0
2022-03-27,Pitt,North Carolina,37147,52324,168.0,180742.0
2022-03-28,Pitt,North Carolina,37147,52336,168.0,180742.0
2022-03-29,Pitt,North Carolina,37147,52335,168.0,180742.0
2022-03-30,Pitt,North Carolina,37147,52342,168.0,180742.0
2022-03-31,Pitt,North Carolina,37147,52347,168.0,180742.0
2022-04-01,Pitt,North Carolina,37147,52352,168.0,180742.0
2022-04-02,Pitt,North Carolina,37147,52352,168.0,180742.0
2022-04-03,Pitt,North Carolina,37147,52352,168.0,180742.0
2022-04-04,Pitt,North Carolina,37147,52357,176.0,180742.0
2022-04-05,Pitt,North Carolina,37147,52357,176.0,180742.0
2022-04-06,Pitt,North Carolina,37147,52313,176.0,180742.0
2022-04-07,Pitt,North Carolina,37147,52313,176.0,180742.0
2022-04-08,Pitt,North Carolina,37147,52313,176.0,180742.0
2022-04-09,Pitt,North Carolina,37147,52313,176.0,180742.0
2022-04-10,Pitt,North Carolina,37147,52313,176.0,180742.0
2022-04-11,Pitt,North Carolina,37147,52313,176.0,180742.0
2022-04-12,Pitt,North Carolina,37147,52313,176.0,180742.0
2022-04-13,Pitt,North Carolina,37147,52272,175.0,180742.0
2022-04-14,Pitt,North Carolina,37147,52272,175.0,180742.0
2022-04-15,Pitt,North Carolina,37147,52272,175.0,180742.0
2022-04-16,Pitt,North Carolina,37147,52272,175.0,180742.0
2022-04-17,Pitt,North Carolina,37147,52272,175.0,180742.0
2022-04-18,Pitt,North Carolina,37147,52272,175.0,180742.0
2022-04-19,Pitt,North Carolina,37147,52272,175.0,180742.0
2022-04-20,Pitt,North Carolina,37147,52353,175.0,180742.0
2022-04-21,Pitt,North Carolina,37147,52353,175.0,180742.0
2022-04-22,Pitt,North Carolina,37147,52353,175.0,180742.0
2022-04-23,Pitt,North Carolina,37147,52353,175.0,180742.0
2022-04-24,Pitt,North Carolina,37147,52353,175.0,180742.0
2022-04-25,Pitt,North Carolina,37147,52353,175.0,180742.0
2022-04-26,Pitt,North Carolina,37147,52353,175.0,180742.0
2022-04-27,Pitt,North Carolina,37147,52475,175.0,180742.0
2022-04-28,Pitt,North Carolina,37147,52475,175.0,180742.0
2022-04-29,Pitt,North Carolina,37147,52475,175.0,180742.0
2022-04-30,Pitt,North Carolina,37147,52475,175.0,180742.0
2021-12-01,Robeson,North Carolina,37155,25489,440.0,130625.0
2021-12-02,Robeson,North Carolina,37155,25537,441.0,130625.0
2021-12-03,Robeson,North Carolina,37155,25577,441.0,130625.0
2021-12-04,Robeson,North Carolina,37155,25577,441.0,130625.0
2021-12-05,Robeson,North Carolina,37155,25577,441.0,130625.0
2021-12-06,Robeson,North Carolina,37155,25653,441.0,130625.0
2021-12-07,Robeson,North Carolina,37155,25694,442.0,130625.0
2021-12-08,Robeson,North Carolina,37155,25759,442.0,130625.0
2021-12-09,Robeson,North Carolina,37155,25811,443.0,130625.0
2021-12-10,Robeson,North Carolina,37155,25845,444.0,130625.0
2021-12-11,Robeson,North Carolina,37155,25845,444.0,130625.0
2021-12-12,Robeson,North Carolina,37155,25845,444.0,130625.0
2021-12-13,Robeson,North Carolina,37155,25989,445.0,130625.0
2021-12-14,Robeson,North Carolina,37155,26020,445.0,130625.0
2021-12-15,Robeson,North Carolina,37155,26063,449.0,130625.0
2021-12-16,Robeson,North Carolina,37155,26121,449.0,130625.0
2021-12-17,Robeson,North Carolina,37155,26156,449.0,130625.0
2021-12-18,Robeson,North Carolina,37155,26156,449.0,130625.0
2021-12-19,Robeson,North Carolina,37155,26156,449.0,130625.0
2021-12-20,Robeson,North Carolina,37155,26264,449.0,130625.0
2021-12-21,Robeson,North Carolina,37155,26283,449.0,130625.0
2021-12-22,Robeson,North Carolina,37155,26322,449.0,130625.0
2021-12-23,Robeson,North Carolina,37155,26322,449.0,130625.0
2021-12-24,Robeson,North Carolina,37155,26322,449.0,130625.0
2021-12-25,Robeson,North Carolina,37155,26322,449.0,130625.0
2021-12-26,Robeson,North Carolina,37155,26322,449.0,130625.0
2021-12-27,Robeson,North Carolina,37155,26322,449.0,130625.0
2021-12-28,Robeson,North Carolina,37155,26580,449.0,130625.0
2021-12-29,Robeson,North Carolina,37155,26672,455.0,130625.0
2021-12-30,Robeson,North Carolina,37155,26872,456.0,130625.0
2021-12-31,Robeson,North Carolina,37155,27150,456.0,130625.0
2022-01-01,Robeson,North Carolina,37155,27150,456.0,130625.0
2022-01-02,Robeson,North Carolina,37155,27150,456.0,130625.0
2022-01-03,Robeson,North Carolina,37155,27636,456.0,130625.0
2022-01-04,Robeson,North Carolina,37155,27754,459.0,130625.0
2022-01-05,Robeson,North Carolina,37155,28046,459.0,130625.0
2022-01-06,Robeson,North Carolina,37155,28351,459.0,130625.0
2022-01-07,Robeson,North Carolina,37155,28752,460.0,130625.0
2022-01-08,Robeson,North Carolina,37155,28752,460.0,130625.0
2022-01-09,Robeson,North Carolina,37155,28752,460.0,130625.0
2022-01-10,Robeson,North Carolina,37155,29713,460.0,130625.0
2022-01-11,Robeson,North Carolina,37155,29925,461.0,130625.0
2022-01-12,Robeson,North Carolina,37155,30247,464.0,130625.0
2022-01-13,Robeson,North Carolina,37155,30820,464.0,130625.0
2022-01-14,Robeson,North Carolina,37155,31439,464.0,130625.0
2022-01-15,Robeson,North Carolina,37155,31439,464.0,130625.0
2022-01-16,Robeson,North Carolina,37155,31439,464.0,130625.0
2022-01-17,Robeson,North Carolina,37155,31439,464.0,130625.0
2022-01-18,Robeson,North Carolina,37155,33120,464.0,130625.0
2022-01-19,Robeson,North Carolina,37155,33528,468.0,130625.0
2022-01-20,Robeson,North Carolina,37155,33999,468.0,130625.0
2022-01-21,Robeson,North Carolina,37155,34535,468.0,130625.0
2022-01-22,Robeson,North Carolina,37155,34535,468.0,130625.0
2022-01-23,Robeson,North Carolina,37155,34535,468.0,130625.0
2022-01-24,Robeson,North Carolina,37155,35647,469.0,130625.0
2022-01-25,Robeson,North Carolina,37155,35830,469.0,130625.0
2022-01-26,Robeson,North Carolina,37155,36138,479.0,130625.0
2022-01-27,Robeson,North Carolina,37155,36559,479.0,130625.0
2022-01-28,Robeson,North Carolina,37155,36878,481.0,130625.0
2022-01-29,Robeson,North Carolina,37155,36878,481.0,130625.0
2022-01-30,Robeson,North Carolina,37155,36878,481.0,130625.0
2022-01-31,Robeson,North Carolina,37155,37591,486.0,130625.0
2022-02-01,Robeson,North Carolina,37155,37739,486.0,130625.0
2022-02-02,Robeson,North Carolina,37155,37966,491.0,130625.0
2022-02-03,Robeson,North Carolina,37155,38197,493.0,130625.0
2022-02-04,Robeson,North Carolina,37155,38406,493.0,130625.0
2022-02-05,Robeson,North Carolina,37155,38406,493.0,130625.0
2022-02-06,Robeson,North Carolina,37155,38406,493.0,130625.0
2022-02-07,Robeson,North Carolina,37155,38761,494.0,130625.0
2022-02-08,Robeson,North Carolina,37155,38878,500.0,130625.0
2022-02-09,Robeson,North Carolina,37155,39089,500.0,130625.0
2022-02-10,Robeson,North Carolina,37155,39177,503.0,130625.0
2022-02-11,Robeson,North Carolina,37155,39253,503.0,130625.0
2022-02-12,Robeson,North Carolina,37155,39253,503.0,130625.0
2022-02-13,Robeson,North Carolina,37155,39253,503.0,130625.0
2022-02-14,Robeson,North Carolina,37155,39395,503.0,130625.0
2022-02-15,Robeson,North Carolina,37155,39468,503.0,130625.0
2022-02-16,Robeson,North Carolina,37155,39587,504.0,130625.0
2022-02-17,Robeson,North Carolina,37155,39606,504.0,130625.0
2022-02-18,Robeson,North Carolina,37155,39660,505.0,130625.0
2022-02-19,Robeson,North Carolina,37155,39660,505.0,130625.0
2022-02-20,Robeson,North Carolina,37155,39660,505.0,130625.0
2022-02-21,Robeson,North Carolina,37155,39767,506.0,130625.0
2022-02-22,Robeson,North Carolina,37155,39772,506.0,130625.0
2022-02-23,Robeson,North Carolina,37155,39802,512.0,130625.0
2022-02-24,Robeson,North Carolina,37155,39843,512.0,130625.0
2022-02-25,Robeson,North Carolina,37155,39926,512.0,130625.0
2022-02-26,Robeson,North Carolina,37155,39926,512.0,130625.0
2022-02-27,Robeson,North Carolina,37155,39926,512.0,130625.0
2022-02-28,Robeson,North Carolina,37155,40028,513.0,130625.0
2022-03-01,Robeson,North Carolina,37155,40050,513.0,130625.0
2022-03-02,Robeson,North Carolina,37155,40076,515.0,130625.0
2022-03-03,Robeson,North Carolina,37155,40096,515.0,130625.0
2022-03-04,Robeson,North Carolina,37155,40166,518.0,130625.0
2022-03-05,Robeson,North Carolina,37155,40166,518.0,130625.0
2022-03-06,Robeson,North Carolina,37155,40166,518.0,130625.0
2022-03-07,Robeson,North Carolina,37155,40241,518.0,130625.0
2022-03-08,Robeson,North Carolina,37155,40258,518.0,130625.0
2022-03-09,Robeson,North Carolina,37155,40291,519.0,130625.0
2022-03-10,Robeson,North Carolina,37155,40291,520.0,130625.0
2022-03-11,Robeson,North Carolina,37155,40299,521.0,130625.0
2022-03-12,Robeson,North Carolina,37155,40299,521.0,130625.0
2022-03-13,Robeson,North Carolina,37155,40299,521.0,130625.0
2022-03-14,Robeson,North Carolina,37155,40324,521.0,130625.0
2022-03-15,Robeson,North Carolina,37155,40323,521.0,130625.0
2022-03-16,Robeson,North Carolina,37155,40337,521.0,130625.0
2022-03-17,Robeson,North Carolina,37155,40338,522.0,130625.0
2022-03-18,Robeson,North Carolina,37155,40344,523.0,130625.0
2022-03-19,Robeson,North Carolina,37155,40344,523.0,130625.0
2022-03-20,Robeson,North Carolina,37155,40344,523.0,130625.0
2022-03-21,Robeson,North Carolina,37155,40348,523.0,130625.0
2022-03-22,Robeson,North Carolina,37155,40351,523.0,130625.0
2022-03-23,Robeson,North Carolina,37155,40360,523.0,130625.0
2022-03-24,Robeson,North Carolina,37155,40362,523.0,130625.0
2022-03-25,Robeson,North Carolina,37155,40366,523.0,130625.0
2022-03-26,Robeson,North Carolina,37155,40366,523.0,130625.0
2022-03-27,Robeson,North Carolina,37155,40366,523.0,130625.0
2022-03-28,Robeson,North Carolina,37155,40355,523.0,130625.0
2022-03-29,Robeson,North Carolina,37155,40360,523.0,130625.0
2022-03-30,Robeson,North Carolina,37155,40354,523.0,130625.0
2022-03-31,Robeson,North Carolina,37155,40358,523.0,130625.0
2022-04-01,Robeson,North Carolina,37155,40364,523.0,130625.0
2022-04-02,Robeson,North Carolina,37155,40364,523.0,130625.0
2022-04-03,Robeson,North Carolina,37155,40364,523.0,130625.0
2022-04-04,Robeson,North Carolina,37155,40375,523.0,130625.0
2022-04-05,Robeson,North Carolina,37155,40377,523.0,130625.0
2022-04-06,Robeson,North Carolina,37155,40385,523.0,130625.0
2022-04-07,Robeson,North Carolina,37155,40385,523.0,130625.0
2022-04-08,Robeson,North Carolina,37155,40385,523.0,130625.0
2022-04-09,Robeson,North Carolina,37155,40385,523.0,130625.0
2022-04-10,Robeson,North Carolina,37155,40385,523.0,130625.0
2022-04-11,Robeson,North Carolina,37155,40385,523.0,130625.0
2022-04-12,Robeson,North Carolina,37155,40385,523.0,130625.0
2022-04-13,Robeson,North Carolina,37155,40416,524.0,130625.0
2022-04-14,Robeson,North Carolina,37155,40416,524.0,130625.0
2022-04-15,Robeson,North Carolina,37155,40416,524.0,130625.0
2022-04-16,Robeson,North Carolina,37155,40416,524.0,130625.0
2022-04-17,Robeson,North Carolina,37155,40416,524.0,130625.0
2022-04-18,Robeson,North Carolina,37155,40416,524.0,130625.0
2022-04-19,Robeson,North Carolina,37155,40416,524.0,130625.0
2022-04-20,Robeson,North Carolina,37155,40429,523.0,130625.0
2022-04-21,Robeson,North Carolina,37155,40429,523.0,130625.0
2022-04-22,Robeson,North Carolina,37155,40429,523.0,130625.0
2022-04-23,Robeson,North Carolina,37155,40429,523.0,130625.0
2022-04-24,Robeson,North Carolina,37155,40429,523.0,130625.0
2022-04-25,Robeson,North Carolina,37155,40429,523.0,130625.0
2022-04-26,Robeson,North Carolina,37155,40429,523.0,130625.0
2022-04-27,Robeson,North Carolina,37155,40482,523.0,130625.0
2022-04-28,Robeson,North Carolina,37155,40482,523.0,130625.0
2022-04-29,Robeson,North Carolina,37155,40482,523.0,130625.0
2022-04-30,Robeson,North Carolina,37155,40482,523.0,130625.0
2021-12-01,Wake,North Carolina,37183,134830,905.0,1111761.0
2021-12-02,Wake,North Carolina,37183,135166,907.0,1111761.0
2021-12-03,Wake,North Carolina,37183,135484,910.0,1111761.0
2021-12-04,Wake,North Carolina,37183,135484,910.0,1111761.0
2021-12-05,Wake,North Carolina,37183,135484,910.0,1111761.0
2021-12-06,Wake,North Carolina,37183,136320,911.0,1111761.0
2021-12-07,Wake,North Carolina,37183,136441,911.0,1111761.0
2021-12-08,Wake,North Carolina,37183,136639,911.0,1111761.0
2021-12-09,Wake,North Carolina,37183,137145,911.0,1111761.0
2021-12-10,Wake,North Carolina,37183,137498,911.0,1111761.0
2021-12-11,Wake,North Carolina,37183,137498,911.0,1111761.0
2021-12-12,Wake,North Carolina,37183,137498,911.0,1111761.0
2021-12-13,Wake,North Carolina,37183,138315,912.0,1111761.0
2021-12-14,Wake,North Carolina,37183,138481,912.0,1111761.0
2021-12-15,Wake,North Carolina,37183,138937,913.0,1111761.0
2021-12-16,Wake,North Carolina,37183,139340,913.0,1111761.0
2021-12-17,Wake,North Carolina,37183,139737,913.0,1111761.0
2021-12-18,Wake,North Carolina,37183,139737,913.0,1111761.0
2021-12-19,Wake,North Carolina,37183,139737,913.0,1111761.0
2021-12-20,Wake,North Carolina,37183,140995,916.0,1111761.0
2021-12-21,Wake,North Carolina,37183,141232,916.0,1111761.0
2021-12-22,Wake,North Carolina,37183,141967,916.0,1111761.0
2021-12-23,Wake,North Carolina,37183,141967,916.0,1111761.0
2021-12-24,Wake,North Carolina,37183,141967,916.0,1111761.0
2021-12-25,Wake,North Carolina,37183,141967,916.0,1111761.0
2021-12-26,Wake,North Carolina,37183,141967,916.0,1111761.0
2021-12-27,Wake,North Carolina,37183,141967,916.0,1111761.0
2021-12-28,Wake,North Carolina,37183,146668,920.0,1111761.0
2021-12-29,Wake,North Carolina,37183,149365,920.0,1111761.0
2021-12-30,Wake,North Carolina,37183,152847,920.0,1111761.0
2021-12-31,Wake,North Carolina,37183,156133,920.0,1111761.0
2022-01-01,Wake,North Carolina,37183,156133,920.0,1111761.0
2022-01-02,Wake,North Carolina,37183,156133,920.0,1111761.0
2022-01-03,Wake,North Carolina,37183,164130,920.0,1111761.0
2022-01-04,Wake,North Carolina,37183,166012,920.0,1111761.0
2022-01-05,Wake,North Carolina,37183,169666,920.0,1111761.0
2022-01-06,Wake,North Carolina,37183,174143,920.0,1111761.0
2022-01-07,Wake,North Carolina,37183,178731,920.0,1111761.0
2022-01-08,Wake,North Carolina,37183,178731,920.0,1111761.0
2022-01-09,Wake,North Carolina,37183,178731,920.0,1111761.0
2022-01-10,Wake,North Carolina,37183,193652,927.0,1111761.0
2022-01-11,Wake,North Carolina,37183,196523,936.0,1111761.0
2022-01-12,Wake,North Carolina,37183,199642,936.0,1111761.0
2022-01-13,Wake,North Carolina,37183,205366,937.0,1111761.0
2022-01-14,Wake,North Carolina,37183,211060,939.0,1111761.0
2022-01-15,Wake,North Carolina,37183,211060,939.0,1111761.0
2022-01-16,Wake,North Carolina,37183,211060,939.0,1111761.0
2022-01-17,Wake,North Carolina,37183,211060,939.0,1111761.0
2022-01-18,Wake,North Carolina,37183,228189,940.0,1111761.0
2022-01-19,Wake,North Carolina,37183,230084,940.0,1111761.0
2022-01-20,Wake,North Carolina,37183,234688,942.0,1111761.0
2022-01-21,Wake,North Carolina,37183,240220,946.0,1111761.0
2022-01-22,Wake,North Carolina,37183,240220,946.0,1111761.0
2022-01-23,Wake,North Carolina,37183,240220,946.0,1111761.0
2022-01-24,Wake,North Carolina,37183,249842,954.0,1111761.0
2022-01-25,Wake,North Carolina,37183,251883,956.0,1111761.0
2022-01-26,Wake,North Carolina,37183,254935,958.0,1111761.0
2022-01-27,Wake,North Carolina,37183,258153,965.0,1111761.0
2022-01-28,Wake,North Carolina,37183,260534,967.0,1111761.0
2022-01-29,Wake,North Carolina,37183,260534,967.0,1111761.0
2022-01-30,Wake,North Carolina,37183,260534,967.0,1111761.0
2022-01-31,Wake,North Carolina,37183,266294,967.0,1111761.0
2022-02-01,Wake,North Carolina,37183,267128,967.0,1111761.0
2022-02-02,Wake,North Carolina,37183,268740,967.0,1111761.0
2022-02-03,Wake,North Carolina,37183,270169,967.0,1111761.0
2022-02-04,Wake,North Carolina,37183,271715,969.0,1111761.0
2022-02-05,Wake,North Carolina,37183,271715,969.0,1111761.0
2022-02-06,Wake,North Carolina,37183,271715,969.0,1111761.0
2022-02-07,Wake,North Carolina,37183,274956,970.0,1111761.0
2022-02-08,Wake,North Carolina,37183,275360,970.0,1111761.0
2022-02-09,Wake,North Carolina,37183,276754,980.0,1111761.0
2022-02-10,Wake,North Carolina,37183,277817,981.0,1111761.0
2022-02-11,Wake,North Carolina,37183,278746,981.0,1111761.0
2022-02-12,Wake,North Carolina,37183,278746,981.0,1111761.0
2022-02-13,Wake,North Carolina,37183,278746,981.0,1111761.0
2022-02-14,Wake,North Carolina,37183,280703,995.0,1111761.0
2022-02-15,Wake,North Carolina,37183,281077,995.0,1111761.0
2022-02-16,Wake,North Carolina,37183,281534,999.0,1111761.0
2022-02-17,Wake,North Carolina,37183,282031,1004.0,1111761.0
2022-02-18,Wake,North Carolina,37183,282503,1009.0,1111761.0
2022-02-19,Wake,North Carolina,37183,282503,1009.0,1111761.0
2022-02-20,Wake,North Carolina,37183,282503,1009.0,1111761.0
2022-02-21,Wake,North Carolina,37183,283484,1009.0,1111761.0
2022-02-22,Wake,North Carolina,37183,283678,1009.0,1111761.0
2022-02-23,Wake,North Carolina,37183,284016,1009.0,1111761.0
2022-02-24,Wake,North Carolina,37183,284450,1012.0,1111761.0
2022-02-25,Wake,North Carolina,37183,284845,1019.0,1111761.0
2022-02-26,Wake,North Carolina,37183,284845,1019.0,1111761.0
2022-02-27,Wake,North Carolina,37183,284845,1019.0,1111761.0
2022-02-28,Wake,North Carolina,37183,285586,1027.0,1111761.0
2022-03-01,Wake,North Carolina,37183,285713,1027.0,1111761.0
2022-03-02,Wake,North Carolina,37183,285972,1027.0,1111761.0
2022-03-03,Wake,North Carolina,37183,286224,1030.0,1111761.0
2022-03-04,Wake,North Carolina,37183,286542,1030.0,1111761.0
2022-03-05,Wake,North Carolina,37183,286542,1030.0,1111761.0
2022-03-06,Wake,North Carolina,37183,286542,1030.0,1111761.0
2022-03-07,Wake,North Carolina,37183,287060,1031.0,1111761.0
2022-03-08,Wake,North Carolina,37183,287173,1032.0,1111761.0
2022-03-09,Wake,North Carolina,37183,287434,1032.0,1111761.0
2022-03-10,Wake,North Carolina,37183,287665,1036.0,1111761.0
2022-03-11,Wake,North Carolina,37183,287831,1036.0,1111761.0
2022-03-12,Wake,North Carolina,37183,287831,1036.0,1111761.0
2022-03-13,Wake,North Carolina,37183,287831,1036.0,1111761.0
2022-03-14,Wake,North Carolina,37183,288199,1036.0,1111761.0
2022-03-15,Wake,North Carolina,37183,288247,1036.0,1111761.0
2022-03-16,Wake,North Carolina,37183,288406,1036.0,1111761.0
2022-03-17,Wake,North Carolina,37183,288506,1036.0,1111761.0
2022-03-18,Wake,North Carolina,37183,288697,1038.0,1111761.0
2022-03-19,Wake,North Carolina,37183,288697,1038.0,1111761.0
2022-03-20,Wake,North Carolina,37183,288697,1038.0,1111761.0
2022-03-21,Wake,North Carolina,37183,289068,1040.0,1111761.0
2022-03-22,Wake,North Carolina,37183,289145,1040.0,1111761.0
2022-03-23,Wake,North Carolina,37183,289373,1040.0,1111761.0
2022-03-24,Wake,North Carolina,37183,289543,1043.0,1111761.0
2022-03-25,Wake,North Carolina,37183,289690,1045.0,1111761.0
2022-03-26,Wake,North Carolina,37183,289690,1045.0,1111761.0
2022-03-27,Wake,North Carolina,37183,289690,1045.0,1111761.0
2022-03-28,Wake,North Carolina,37183,289966,1046.0,1111761.0
2022-03-29,Wake,North Carolina,37183,290032,1046.0,1111761.0
2022-03-30,Wake,North Carolina,37183,290132,1046.0,1111761.0
2022-03-31,Wake,North Carolina,37183,290245,1046.0,1111761.0
2022-04-01,Wake,North Carolina,37183,290330,1046.0,1111761.0
2022-04-02,Wake,North Carolina,37183,290330,1046.0,1111761.0
2022-04-03,Wake,North Carolina,37183,290330,1046.0,1111761.0
2022-04-04,Wake,North Carolina,37183,290535,1048.0,1111761.0
2022-04-05,Wake,North Carolina,37183,290545,1048.0,1111761.0
2022-04-06,Wake,North Carolina,37183,290240,1048.0,1111761.0
2022-04-07,Wake,North Carolina,37183,290240,1048.0,1111761.0
2022-04-08,Wake,North Carolina,37183,290240,1048.0,1111761.0
2022-04-09,Wake,North Carolina,37183,290240,1048.0,1111761.0
2022-04-10,Wake,North Carolina,37183,290240,1048.0,1111761.0
2022-04-11,Wake,North Carolina,37183,290240,1048.0,1111761.0
2022-04-12,Wake,North Carolina,37183,290240,1048.0,1111761.0
2022-04-13,Wake,North Carolina,37183,290399,1050.0,1111761.0
2022-04-14,Wake,North Carolina,37183,290399,1050.0,1111761.0
2022-04-15,Wake,North Carolina,37183,290399,1050.0,1111761.0
2022-04-16,Wake,North Carolina,37183,290399,1050.0,1111761.0
2022-04-17,Wake,North Carolina,37183,290399,1050.0,1111761.0
2022-04-18,Wake,North Carolina,37183,290399,1050.0,1111761.0
2022-04-19,Wake,North Carolina,37183,290399,1050.0,1111761.0
2022-04-20,Wake,North Carolina,37183,291893,1052.0,1111761.0
2022-04-21,Wake,North Carolina,37183,291893,1052.0,1111761.0
2022-04-22,Wake,North Carolina,37183,291893,1052.0,1111761.0
2022-04-23,Wake,North Carolina,37183,291893,1052.0,1111761.0
2022-04-24,Wake,North Carolina,37183,291893,1052.0,1111761.0
2022-04-25,Wake,North Carolina,37183,291893,1052.0,1111761.0
2022-04-26,Wake,North Carolina,37183,291893,1052.0,1111761.0
2022-04-27,Wake,North Carolina,37183,293979,1056.0,1111761.0
2022-04-28,Wake,North Carolina,37183,293979,1056.0,1111761.0
2022-04-29,Wake,North Carolina,37183,293979,1056.0,1111761.0
2022-04-30,Wake,North Carolina,37183,293979,1056.0,1111761.0
2021-12-01,Watauga,North Carolina,37189,6932,40.0,56177.0
2021-12-02,Watauga,North Carolina,37189,6954,40.0,56177.0
2021-12-03,Watauga,North Carolina,37189,6978,40.0,56177.0
2021-12-04,Watauga,North Carolina,37189,6978,40.0,56177.0
2021-12-05,Watauga,North Carolina,37189,6978,40.0,56177.0
2021-12-06,Watauga,North Carolina,37189,7010,40.0,56177.0
2021-12-07,Watauga,North Carolina,37189,7019,40.0,56177.0
2021-12-08,Watauga,North Carolina,37189,7035,40.0,56177.0
2021-12-09,Watauga,North Carolina,37189,7058,40.0,56177.0
2021-12-10,Watauga,North Carolina,37189,7075,42.0,56177.0
2021-12-11,Watauga,North Carolina,37189,7075,42.0,56177.0
2021-12-12,Watauga,North Carolina,37189,7075,42.0,56177.0
2021-12-13,Watauga,North Carolina,37189,7129,42.0,56177.0
2021-12-14,Watauga,North Carolina,37189,7136,42.0,56177.0
2021-12-15,Watauga,North Carolina,37189,7167,42.0,56177.0
2021-12-16,Watauga,North Carolina,37189,7175,42.0,56177.0
2021-12-17,Watauga,North Carolina,37189,7199,42.0,56177.0
2021-12-18,Watauga,North Carolina,37189,7199,42.0,56177.0
2021-12-19,Watauga,North Carolina,37189,7199,42.0,56177.0
2021-12-20,Watauga,North Carolina,37189,7252,42.0,56177.0
2021-12-21,Watauga,North Carolina,37189,7268,42.0,56177.0
2021-12-22,Watauga,North Carolina,37189,7308,42.0,56177.0
2021-12-23,Watauga,North Carolina,37189,7308,42.0,56177.0
2021-12-24,Watauga,North Carolina,37189,7308,42.0,56177.0
2021-12-25,Watauga,North Carolina,37189,7308,42.0,56177.0
2021-12-26,Watauga,North Carolina,37189,7308,42.0,56177.0
2021-12-27,Watauga,North Carolina,37189,7308,42.0,56177.0
2021-12-28,Watauga,North Carolina,37189,7420,42.0,56177.0
2021-12-29,Watauga,North Carolina,37189,7457,44.0,56177.0
2021-12-30,Watauga,North Carolina,37189,7532,44.0,56177.0
2021-12-31,Watauga,North Carolina,37189,7577,44.0,56177.0
2022-01-01,Watauga,North Carolina,37189,7577,44.0,56177.0
2022-01-02,Watauga,North Carolina,37189,7577,44.0,56177.0
2022-01-03,Watauga,North Carolina,37189,7676,44.0,56177.0
2022-01-04,Watauga,North Carolina,37189,7694,44.0,56177.0
2022-01-05,Watauga,North Carolina,37189,7758,44.0,56177.0
2022-01-06,Watauga,North Carolina,37189,7848,44.0,56177.0
2022-01-07,Watauga,North Carolina,37189,7977,44.0,56177.0
2022-01-08,Watauga,North Carolina,37189,7977,44.0,56177.0
2022-01-09,Watauga,North Carolina,37189,7977,44.0,56177.0
2022-01-10,Watauga,North Carolina,37189,8278,44.0,56177.0
2022-01-11,Watauga,North Carolina,37189,8358,44.0,56177.0
2022-01-12,Watauga,North Carolina,37189,8458,44.0,56177.0
2022-01-13,Watauga,North Carolina,37189,8589,44.0,56177.0
2022-01-14,Watauga,North Carolina,37189,8746,44.0,56177.0
2022-01-15,Watauga,North Carolina,37189,8746,44.0,56177.0
2022-01-16,Watauga,North Carolina,37189,8746,44.0,56177.0
2022-01-17,Watauga,North Carolina,37189,8746,44.0,56177.0
2022-01-18,Watauga,North Carolina,37189,9059,44.0,56177.0
2022-01-19,Watauga,North Carolina,37189,9097,44.0,56177.0
2022-01-20,Watauga,North Carolina,37189,9228,44.0,56177.0
2022-01-21,Watauga,North Carolina,37189,9371,45.0,56177.0
2022-01-22,Watauga,North Carolina,37189,9371,45.0,56177.0
2022-01-23,Watauga,North Carolina,37189,9371,45.0,56177.0
2022-01-24,Watauga,North Carolina,37189,9740,45.0,56177.0
2022-01-25,Watauga,North Carolina,37189,9824,45.0,56177.0
2022-01-26,Watauga,North Carolina,37189,9989,46.0,56177.0
2022-01-27,Watauga,North Carolina,37189,10145,48.0,56177.0
2022-01-28,Watauga,North Carolina,37189,10272,48.0,56177.0
2022-01-29,Watauga,North Carolina,37189,10272,48.0,56177.0
2022-01-30,Watauga,North Carolina,37189,10272,48.0,56177.0
2022-01-31,Watauga,North Carolina,37189,10627,48.0,56177.0
2022-02-01,Watauga,North Carolina,37189,10724,49.0,56177.0
2022-02-02,Watauga,North Carolina,37189,10840,49.0,56177.0
2022-02-03,Watauga,North Carolina,37189,10961,49.0,56177.0
2022-02-04,Watauga,North Carolina,37189,11069,50.0,56177.0
2022-02-05,Watauga,North Carolina,37189,11069,50.0,56177.0
2022-02-06,Watauga,North Carolina,37189,11069,50.0,56177.0
2022-02-07,Watauga,North Carolina,37189,11292,51.0,56177.0
2022-02-08,Watauga,North Carolina,37189,11336,51.0,56177.0
2022-02-09,Watauga,North Carolina,37189,11473,52.0,56177.0
2022-02-10,Watauga,North Carolina,37189,11550,52.0,56177.0
2022-02-11,Watauga,North Carolina,37189,11595,53.0,56177.0
2022-02-12,Watauga,North Carolina,37189,11595,53.0,56177.0
2022-02-13,Watauga,North Carolina,37189,11595,53.0,56177.0
2022-02-14,Watauga,North Carolina,37189,11722,53.0,56177.0
2022-02-15,Watauga,North Carolina,37189,11750,53.0,56177.0
2022-02-16,Watauga,North Carolina,37189,11782,53.0,56177.0
2022-02-17,Watauga,North Carolina,37189,11853,53.0,56177.0
2022-02-18,Watauga,North Carolina,37189,11885,53.0,56177.0
2022-02-19,Watauga,North Carolina,37189,11885,53.0,56177.0
2022-02-20,Watauga,North Carolina,37189,11885,53.0,56177.0
2022-02-21,Watauga,North Carolina,37189,11958,53.0,56177.0
2022-02-22,Watauga,North Carolina,37189,11969,53.0,56177.0
2022-02-23,Watauga,North Carolina,37189,12009,53.0,56177.0
2022-02-24,Watauga,North Carolina,37189,12038,53.0,56177.0
2022-02-25,Watauga,North Carolina,37189,12066,53.0,56177.0
2022-02-26,Watauga,North Carolina,37189,12066,53.0,56177.0
2022-02-27,Watauga,North Carolina,37189,12066,53.0,56177.0
2022-02-28,Watauga,North Carolina,37189,12117,53.0,56177.0
2022-03-01,Watauga,North Carolina,37189,12134,53.0,56177.0
2022-03-02,Watauga,North Carolina,37189,12160,53.0,56177.0
2022-03-03,Watauga,North Carolina,37189,12176,53.0,56177.0
2022-03-04,Watauga,North Carolina,37189,12201,53.0,56177.0
2022-03-05,Watauga,North Carolina,37189,12201,53.0,56177.0
2022-03-06,Watauga,North Carolina,37189,12201,53.0,56177.0
2022-03-07,Watauga,North Carolina,37189,12220,53.0,56177.0
2022-03-08,Watauga,North Carolina,37189,12224,53.0,56177.0
2022-03-09,Watauga,North Carolina,37189,12236,56.0,56177.0
2022-03-10,Watauga,North Carolina,37189,12244,56.0,56177.0
2022-03-11,Watauga,North Carolina,37189,12248,56.0,56177.0
2022-03-12,Watauga,North Carolina,37189,12248,56.0,56177.0
2022-03-13,Watauga,North Carolina,37189,12248,56.0,56177.0
2022-03-14,Watauga,North Carolina,37189,12258,57.0,56177.0
2022-03-15,Watauga,North Carolina,37189,12262,58.0,56177.0
2022-03-16,Watauga,North Carolina,37189,12267,58.0,56177.0
2022-03-17,Watauga,North Carolina,37189,12266,58.0,56177.0
2022-03-18,Watauga,North Carolina,37189,12264,58.0,56177.0
2022-03-19,Watauga,North Carolina,37189,12264,58.0,56177.0
2022-03-20,Watauga,North Carolina,37189,12264,58.0,56177.0
2022-03-21,Watauga,North Carolina,37189,12270,58.0,56177.0
2022-03-22,Watauga,North Carolina,37189,12271,58.0,56177.0
2022-03-23,Watauga,North Carolina,37189,12281,58.0,56177.0
2022-03-24,Watauga,North Carolina,37189,12294,58.0,56177.0
2022-03-25,Watauga,North Carolina,37189,12297,58.0,56177.0
2022-03-26,Watauga,North Carolina,37189,12297,58.0,56177.0
2022-03-27,Watauga,North Carolina,37189,12297,58.0,56177.0
2022-03-28,Watauga,North Carolina,37189,12294,58.0,56177.0
2022-03-29,Watauga,North Carolina,37189,12301,58.0,56177.0
2022-03-30,Watauga,North Carolina,37189,12309,58.0,56177.0
2022-03-31,Watauga,North Carolina,37189,12320,58.0,56177.0
2022-04-01,Watauga,North Carolina,37189,12328,58.0,56177.0
2022-04-02,Watauga,North Carolina,37189,12328,58.0,56177.0
2022-04-03,Watauga,North Carolina,37189,12328,58.0,56177.0
2022-04-04,Watauga,North Carolina,37189,12346,58.0,56177.0
2022-04-05,Watauga,North Carolina,37189,12349,58.0,56177.0
2022-04-06,Watauga,North Carolina,37189,12360,58.0,56177.0
2022-04-07,Watauga,North Carolina,37189,12360,58.0,56177.0
2022-04-08,Watauga,North Carolina,37189,12360,58.0,56177.0
2022-04-09,Watauga,North Carolina,37189,12360,58.0,56177.0
2022-04-10,Watauga,North Carolina,37189,12360,58.0,56177.0
2022-04-11,Watauga,North Carolina,37189,12360,58.0,56177.0
2022-04-12,Watauga,North Carolina,37189,12360,58.0,56177.0
2022-04-13,Watauga,North Carolina,37189,12446,58.0,56177.0
2022-04-14,Watauga,North Carolina,37189,12446,58.0,56177.0
2022-04-15,Watauga,North Carolina,37189,12446,58.0,56177.0
2022-04-16,Watauga,North Carolina,37189,12446,58.0,56177.0
2022-04-17,Watauga,North Carolina,37189,12446,58.0,56177.0
2022-04-18,Watauga,North Carolina,37189,12446,58.0,56177.0
2022-04-19,Watauga,North Carolina,37189,12446,58.0,56177.0
2022-04-20,Watauga,North Carolina,37189,12552,58.0,56177.0
2022-04-21,Watauga,North Carolina,37189,12552,58.0,56177.0
2022-04-22,Watauga,North Carolina,37189,12552,58.0,56177.0
2022-04-23,Watauga,North Carolina,37189,12552,58.0,56177.0
2022-04-24,Watauga,North Carolina,37189,12552,58.0,56177.0
2022-04-25,Watauga,North Carolina,37189,12552,58.0,56177.0
2022-04-26,Watauga,North Carolina,37189,12552,58.0,56177.0
2022-04-27,Watauga,North Carolina,37189,12659,58.0,56177.0
2022-04-28,Watauga,North Carolina,37189,12659,58.0,56177.0
2022-04-29,Watauga,North Carolina,37189,12659,58.0,56177.0
2022-04-30,Watauga,North Carolina,37189,12659,58.0,56177.0
2021-12-01,Butler,Ohio,39017,56343,805.0,383134.0
2021-12-02,Butler,Ohio,39017,56598,805.0,383134.0
2021-12-03,Butler,Ohio,39017,56852,814.0,383134.0
2021-12-04,Butler,Ohio,39017,57083,814.0,383134.0
2021-12-05,Butler,Ohio,39017,57225,814.0,383134.0
2021-12-06,Butler,Ohio,39017,57319,814.0,383134.0
2021-12-07,Butler,Ohio,39017,57534,817.0,383134.0
2021-12-08,Butler,Ohio,39017,57796,817.0,383134.0
2021-12-09,Butler,Ohio,39017,58042,817.0,383134.0
2021-12-10,Butler,Ohio,39017,58244,829.0,383134.0
2021-12-11,Butler,Ohio,39017,58487,829.0,383134.0
2021-12-12,Butler,Ohio,39017,58587,829.0,383134.0
2021-12-13,Butler,Ohio,39017,58792,829.0,383134.0
2021-12-14,Butler,Ohio,39017,59244,843.0,383134.0
2021-12-15,Butler,Ohio,39017,59547,843.0,383134.0
2021-12-16,Butler,Ohio,39017,59929,843.0,383134.0
2021-12-17,Butler,Ohio,39017,60147,857.0,383134.0
2021-12-18,Butler,Ohio,39017,60399,857.0,383134.0
2021-12-19,Butler,Ohio,39017,60529,857.0,383134.0
2021-12-20,Butler,Ohio,39017,60704,857.0,383134.0
2021-12-21,Butler,Ohio,39017,60952,865.0,383134.0
2021-12-22,Butler,Ohio,39017,61260,865.0,383134.0
2021-12-23,Butler,Ohio,39017,61521,865.0,383134.0
2021-12-24,Butler,Ohio,39017,61779,878.0,383134.0
2021-12-25,Butler,Ohio,39017,61779,878.0,383134.0
2021-12-26,Butler,Ohio,39017,62126,878.0,383134.0
2021-12-27,Butler,Ohio,39017,62306,878.0,383134.0
2021-12-28,Butler,Ohio,39017,62779,879.0,383134.0
2021-12-29,Butler,Ohio,39017,63238,879.0,383134.0
2021-12-30,Butler,Ohio,39017,63801,879.0,383134.0
2021-12-31,Butler,Ohio,39017,64354,893.0,383134.0
2022-01-01,Butler,Ohio,39017,64354,893.0,383134.0
2022-01-02,Butler,Ohio,39017,65272,893.0,383134.0
2022-01-03,Butler,Ohio,39017,65744,893.0,383134.0
2022-01-04,Butler,Ohio,39017,66296,897.0,383134.0
2022-01-05,Butler,Ohio,39017,66888,897.0,383134.0
2022-01-06,Butler,Ohio,39017,67445,897.0,383134.0
2022-01-07,Butler,Ohio,39017,68213,909.0,383134.0
2022-01-08,Butler,Ohio,39017,68779,909.0,383134.0
2022-01-09,Butler,Ohio,39017,69440,909.0,383134.0
2022-01-10,Butler,Ohio,39017,70018,909.0,383134.0
2022-01-11,Butler,Ohio,39017,70936,918.0,383134.0
2022-01-12,Butler,Ohio,39017,71597,918.0,383134.0
2022-01-13,Butler,Ohio,39017,72444,918.0,383134.0
2022-01-14,Butler,Ohio,39017,74092,924.0,383134.0
2022-01-15,Butler,Ohio,39017,76443,924.0,383134.0
2022-01-16,Butler,Ohio,39017,77779,924.0,383134.0
2022-01-17,Butler,Ohio,39017,78647,924.0,383134.0
2022-01-18,Butler,Ohio,39017,79406,942.0,383134.0
2022-01-19,Butler,Ohio,39017,80397,942.0,383134.0
2022-01-20,Butler,Ohio,39017,81317,942.0,383134.0
2022-01-21,Butler,Ohio,39017,82238,963.0,383134.0
2022-01-22,Butler,Ohio,39017,82981,963.0,383134.0
2022-01-23,Butler,Ohio,39017,83420,963.0,383134.0
2022-01-24,Butler,Ohio,39017,83907,963.0,383134.0
2022-01-25,Butler,Ohio,39017,84055,976.0,383134.0
2022-01-26,Butler,Ohio,39017,84954,976.0,383134.0
2022-01-27,Butler,Ohio,39017,85466,976.0,383134.0
2022-01-28,Butler,Ohio,39017,85903,992.0,383134.0
2022-01-29,Butler,Ohio,39017,86315,992.0,383134.0
2022-01-30,Butler,Ohio,39017,86580,992.0,383134.0
2022-01-31,Butler,Ohio,39017,86742,992.0,383134.0
2022-02-01,Butler,Ohio,39017,87014,1005.0,383134.0
2022-02-02,Butler,Ohio,39017,87394,1005.0,383134.0
2022-02-03,Butler,Ohio,39017,87660,1005.0,383134.0
2022-02-04,Butler,Ohio,39017,87841,1015.0,383134.0
2022-02-05,Butler,Ohio,39017,87989,1015.0,383134.0
2022-02-06,Butler,Ohio,39017,88075,1015.0,383134.0
2022-02-07,Butler,Ohio,39017,88197,1015.0,383134.0
2022-02-08,Butler,Ohio,39017,88443,1020.0,383134.0
2022-02-09,Butler,Ohio,39017,88714,1020.0,383134.0
2022-02-10,Butler,Ohio,39017,88972,1020.0,383134.0
2022-02-11,Butler,Ohio,39017,89108,1029.0,383134.0
2022-02-12,Butler,Ohio,39017,89175,1029.0,383134.0
2022-02-13,Butler,Ohio,39017,89245,1029.0,383134.0
2022-02-14,Butler,Ohio,39017,89299,1029.0,383134.0
2022-02-15,Butler,Ohio,39017,89395,1039.0,383134.0
2022-02-16,Butler,Ohio,39017,89514,1039.0,383134.0
2022-02-17,Butler,Ohio,39017,89605,1039.0,383134.0
2022-02-18,Butler,Ohio,39017,89698,1043.0,383134.0
2022-02-19,Butler,Ohio,39017,89766,1043.0,383134.0
2022-02-20,Butler,Ohio,39017,89796,1043.0,383134.0
2022-02-21,Butler,Ohio,39017,89859,1043.0,383134.0
2022-02-22,Butler,Ohio,39017,89917,1079.0,383134.0
2022-02-23,Butler,Ohio,39017,89960,1079.0,383134.0
2022-02-24,Butler,Ohio,39017,90073,1079.0,383134.0
2022-02-25,Butler,Ohio,39017,90234,1090.0,383134.0
2022-02-26,Butler,Ohio,39017,90356,1090.0,383134.0
2022-02-27,Butler,Ohio,39017,90370,1090.0,383134.0
2022-02-28,Butler,Ohio,39017,90400,1090.0,383134.0
2022-03-01,Butler,Ohio,39017,90458,1099.0,383134.0
2022-03-02,Butler,Ohio,39017,90512,1099.0,383134.0
2022-03-03,Butler,Ohio,39017,90591,1099.0,383134.0
2022-03-04,Butler,Ohio,39017,90636,1106.0,383134.0
2022-03-05,Butler,Ohio,39017,90704,1106.0,383134.0
2022-03-06,Butler,Ohio,39017,90738,1106.0,383134.0
2022-03-07,Butler,Ohio,39017,90775,1106.0,383134.0
2022-03-08,Butler,Ohio,39017,90855,1112.0,383134.0
2022-03-09,Butler,Ohio,39017,90939,1112.0,383134.0
2022-03-10,Butler,Ohio,39017,91029,1112.0,383134.0
2022-03-11,Butler,Ohio,39017,91091,1116.0,383134.0
2022-03-12,Butler,Ohio,39017,91159,1116.0,383134.0
2022-03-13,Butler,Ohio,39017,91215,1116.0,383134.0
2022-03-14,Butler,Ohio,39017,91215,1116.0,383134.0
2022-03-15,Butler,Ohio,39017,91215,1116.0,383134.0
2022-03-16,Butler,Ohio,39017,91215,1116.0,383134.0
2022-03-17,Butler,Ohio,39017,91520,1122.0,383134.0
2022-03-18,Butler,Ohio,39017,91520,1122.0,383134.0
2022-03-19,Butler,Ohio,39017,91520,1122.0,383134.0
2022-03-20,Butler,Ohio,39017,91520,1122.0,383134.0
2022-03-21,Butler,Ohio,39017,91520,1122.0,383134.0
2022-03-22,Butler,Ohio,39017,91520,1122.0,383134.0
2022-03-23,Butler,Ohio,39017,91520,1122.0,383134.0
2022-03-24,Butler,Ohio,39017,91952,1133.0,383134.0
2022-03-25,Butler,Ohio,39017,91952,1133.0,383134.0
2022-03-26,Butler,Ohio,39017,91952,1133.0,383134.0
2022-03-27,Butler,Ohio,39017,91952,1133.0,383134.0
2022-03-28,Butler,Ohio,39017,91952,1133.0,383134.0
2022-03-29,Butler,Ohio,39017,91952,1133.0,383134.0
2022-03-30,Butler,Ohio,39017,91952,1133.0,383134.0
2022-03-31,Butler,Ohio,39017,92404,1140.0,383134.0
2022-04-01,Butler,Ohio,39017,92404,1140.0,383134.0
2022-04-02,Butler,Ohio,39017,92404,1140.0,383134.0
2022-04-03,Butler,Ohio,39017,92404,1140.0,383134.0
2022-04-04,Butler,Ohio,39017,92404,1140.0,383134.0
2022-04-05,Butler,Ohio,39017,92404,1140.0,383134.0
2022-04-06,Butler,Ohio,39017,92404,1140.0,383134.0
2022-04-07,Butler,Ohio,39017,92752,1144.0,383134.0
2022-04-08,Butler,Ohio,39017,92752,1144.0,383134.0
2022-04-09,Butler,Ohio,39017,92752,1144.0,383134.0
2022-04-10,Butler,Ohio,39017,92752,1144.0,383134.0
2022-04-11,Butler,Ohio,39017,92752,1144.0,383134.0
2022-04-12,Butler,Ohio,39017,92752,1144.0,383134.0
2022-04-13,Butler,Ohio,39017,92752,1144.0,383134.0
2022-04-14,Butler,Ohio,39017,92921,1145.0,383134.0
2022-04-15,Butler,Ohio,39017,92921,1145.0,383134.0
2022-04-16,Butler,Ohio,39017,92921,1145.0,383134.0
2022-04-17,Butler,Ohio,39017,92921,1145.0,383134.0
2022-04-18,Butler,Ohio,39017,92921,1145.0,383134.0
2022-04-19,Butler,Ohio,39017,92921,1145.0,383134.0
2022-04-20,Butler,Ohio,39017,92921,1145.0,383134.0
2022-04-21,Butler,Ohio,39017,93045,1148.0,383134.0
2022-04-22,Butler,Ohio,39017,93045,1148.0,383134.0
2022-04-23,Butler,Ohio,39017,93045,1148.0,383134.0
2022-04-24,Butler,Ohio,39017,93045,1148.0,383134.0
2022-04-25,Butler,Ohio,39017,93045,1148.0,383134.0
2022-04-26,Butler,Ohio,39017,93045,1148.0,383134.0
2022-04-27,Butler,Ohio,39017,93045,1148.0,383134.0
2022-04-28,Butler,Ohio,39017,93267,1152.0,383134.0
2022-04-29,Butler,Ohio,39017,93267,1152.0,383134.0
2022-04-30,Butler,Ohio,39017,93267,1152.0,383134.0
2021-12-01,Cleveland,Oklahoma,40027,45263,609.0,284014.0
2021-12-02,Cleveland,Oklahoma,40027,45263,609.0,284014.0
2021-12-03,Cleveland,Oklahoma,40027,45263,630.0,284014.0
2021-12-04,Cleveland,Oklahoma,40027,45263,630.0,284014.0
2021-12-05,Cleveland,Oklahoma,40027,45263,630.0,284014.0
2021-12-06,Cleveland,Oklahoma,40027,45263,630.0,284014.0
2021-12-07,Cleveland,Oklahoma,40027,45263,630.0,284014.0
2021-12-08,Cleveland,Oklahoma,40027,45821,632.0,284014.0
2021-12-09,Cleveland,Oklahoma,40027,45821,632.0,284014.0
2021-12-10,Cleveland,Oklahoma,40027,45821,632.0,284014.0
2021-12-11,Cleveland,Oklahoma,40027,45821,632.0,284014.0
2021-12-12,Cleveland,Oklahoma,40027,45821,632.0,284014.0
2021-12-13,Cleveland,Oklahoma,40027,45821,632.0,284014.0
2021-12-14,Cleveland,Oklahoma,40027,45821,632.0,284014.0
2021-12-15,Cleveland,Oklahoma,40027,46168,635.0,284014.0
2021-12-16,Cleveland,Oklahoma,40027,46168,635.0,284014.0
2021-12-17,Cleveland,Oklahoma,40027,46168,635.0,284014.0
2021-12-18,Cleveland,Oklahoma,40027,46168,635.0,284014.0
2021-12-19,Cleveland,Oklahoma,40027,46168,635.0,284014.0
2021-12-20,Cleveland,Oklahoma,40027,46168,635.0,284014.0
2021-12-21,Cleveland,Oklahoma,40027,46168,635.0,284014.0
2021-12-22,Cleveland,Oklahoma,40027,46549,641.0,284014.0
2021-12-23,Cleveland,Oklahoma,40027,46549,641.0,284014.0
2021-12-24,Cleveland,Oklahoma,40027,46549,641.0,284014.0
2021-12-25,Cleveland,Oklahoma,40027,46549,641.0,284014.0
2021-12-26,Cleveland,Oklahoma,40027,46549,641.0,284014.0
2021-12-27,Cleveland,Oklahoma,40027,46549,641.0,284014.0
2021-12-28,Cleveland,Oklahoma,40027,46549,641.0,284014.0
2021-12-29,Cleveland,Oklahoma,40027,47093,643.0,284014.0
2021-12-30,Cleveland,Oklahoma,40027,47093,643.0,284014.0
2021-12-31,Cleveland,Oklahoma,40027,47093,643.0,284014.0
2022-01-01,Cleveland,Oklahoma,40027,47093,643.0,284014.0
2022-01-02,Cleveland,Oklahoma,40027,47093,643.0,284014.0
2022-01-03,Cleveland,Oklahoma,40027,47093,643.0,284014.0
2022-01-04,Cleveland,Oklahoma,40027,47093,643.0,284014.0
2022-01-05,Cleveland,Oklahoma,40027,51360,655.0,284014.0
2022-01-06,Cleveland,Oklahoma,40027,51360,655.0,284014.0
2022-01-07,Cleveland,Oklahoma,40027,51360,655.0,284014.0
2022-01-08,Cleveland,Oklahoma,40027,51360,655.0,284014.0
2022-01-09,Cleveland,Oklahoma,40027,51360,655.0,284014.0
2022-01-10,Cleveland,Oklahoma,40027,51360,655.0,284014.0
2022-01-11,Cleveland,Oklahoma,40027,51360,655.0,284014.0
2022-01-12,Cleveland,Oklahoma,40027,56962,660.0,284014.0
2022-01-13,Cleveland,Oklahoma,40027,56962,660.0,284014.0
2022-01-14,Cleveland,Oklahoma,40027,56962,660.0,284014.0
2022-01-15,Cleveland,Oklahoma,40027,56962,660.0,284014.0
2022-01-16,Cleveland,Oklahoma,40027,56962,660.0,284014.0
2022-01-17,Cleveland,Oklahoma,40027,56962,660.0,284014.0
2022-01-18,Cleveland,Oklahoma,40027,56962,660.0,284014.0
2022-01-19,Cleveland,Oklahoma,40027,63967,664.0,284014.0
2022-01-20,Cleveland,Oklahoma,40027,63967,664.0,284014.0
2022-01-21,Cleveland,Oklahoma,40027,63967,664.0,284014.0
2022-01-22,Cleveland,Oklahoma,40027,63967,664.0,284014.0
2022-01-23,Cleveland,Oklahoma,40027,63967,664.0,284014.0
2022-01-24,Cleveland,Oklahoma,40027,63967,664.0,284014.0
2022-01-25,Cleveland,Oklahoma,40027,63967,664.0,284014.0
2022-01-26,Cleveland,Oklahoma,40027,70801,676.0,284014.0
2022-01-27,Cleveland,Oklahoma,40027,70801,676.0,284014.0
2022-01-28,Cleveland,Oklahoma,40027,70801,676.0,284014.0
2022-01-29,Cleveland,Oklahoma,40027,70801,676.0,284014.0
2022-01-30,Cleveland,Oklahoma,40027,70801,676.0,284014.0
2022-01-31,Cleveland,Oklahoma,40027,70801,676.0,284014.0
2022-02-01,Cleveland,Oklahoma,40027,70801,676.0,284014.0
2022-02-02,Cleveland,Oklahoma,40027,75571,687.0,284014.0
2022-02-03,Cleveland,Oklahoma,40027,75571,687.0,284014.0
2022-02-04,Cleveland,Oklahoma,40027,75571,687.0,284014.0
2022-02-05,Cleveland,Oklahoma,40027,75571,687.0,284014.0
2022-02-06,Cleveland,Oklahoma,40027,75571,687.0,284014.0
2022-02-07,Cleveland,Oklahoma,40027,75571,687.0,284014.0
2022-02-08,Cleveland,Oklahoma,40027,75571,687.0,284014.0
2022-02-09,Cleveland,Oklahoma,40027,76873,702.0,284014.0
2022-02-10,Cleveland,Oklahoma,40027,76873,702.0,284014.0
2022-02-11,Cleveland,Oklahoma,40027,76873,702.0,284014.0
2022-02-12,Cleveland,Oklahoma,40027,76873,702.0,284014.0
2022-02-13,Cleveland,Oklahoma,40027,76873,702.0,284014.0
2022-02-14,Cleveland,Oklahoma,40027,76873,702.0,284014.0
2022-02-15,Cleveland,Oklahoma,40027,76873,702.0,284014.0
2022-02-16,Cleveland,Oklahoma,40027,77635,728.0,284014.0
2022-02-17,Cleveland,Oklahoma,40027,77635,728.0,284014.0
2022-02-18,Cleveland,Oklahoma,40027,77635,728.0,284014.0
2022-02-19,Cleveland,Oklahoma,40027,77635,728.0,284014.0
2022-02-20,Cleveland,Oklahoma,40027,77635,728.0,284014.0
2022-02-21,Cleveland,Oklahoma,40027,77635,728.0,284014.0
2022-02-22,Cleveland,Oklahoma,40027,77635,728.0,284014.0
2022-02-23,Cleveland,Oklahoma,40027,78085,748.0,284014.0
2022-02-24,Cleveland,Oklahoma,40027,78085,748.0,284014.0
2022-02-25,Cleveland,Oklahoma,40027,78085,748.0,284014.0
2022-02-26,Cleveland,Oklahoma,40027,78085,748.0,284014.0
2022-02-27,Cleveland,Oklahoma,40027,78085,748.0,284014.0
2022-02-28,Cleveland,Oklahoma,40027,78085,748.0,284014.0
2022-03-01,Cleveland,Oklahoma,40027,78085,748.0,284014.0
2022-03-02,Cleveland,Oklahoma,40027,78440,765.0,284014.0
2022-03-03,Cleveland,Oklahoma,40027,78440,765.0,284014.0
2022-03-04,Cleveland,Oklahoma,40027,78440,765.0,284014.0
2022-03-05,Cleveland,Oklahoma,40027,78440,765.0,284014.0
2022-03-06,Cleveland,Oklahoma,40027,78440,765.0,284014.0
2022-03-07,Cleveland,Oklahoma,40027,78440,765.0,284014.0
2022-03-08,Cleveland,Oklahoma,40027,78440,765.0,284014.0
2022-03-09,Cleveland,Oklahoma,40027,78440,765.0,284014.0
2022-03-10,Cleveland,Oklahoma,40027,78688,774.0,284014.0
2022-03-11,Cleveland,Oklahoma,40027,78688,774.0,284014.0
2022-03-12,Cleveland,Oklahoma,40027,78688,774.0,284014.0
2022-03-13,Cleveland,Oklahoma,40027,78688,774.0,284014.0
2022-03-14,Cleveland,Oklahoma,40027,78688,774.0,284014.0
2022-03-15,Cleveland,Oklahoma,40027,78688,774.0,284014.0
2022-03-16,Cleveland,Oklahoma,40027,78688,774.0,284014.0
2022-03-17,Cleveland,Oklahoma,40027,78865,789.0,284014.0
2022-03-18,Cleveland,Oklahoma,40027,78865,789.0,284014.0
2022-03-19,Cleveland,Oklahoma,40027,78865,789.0,284014.0
2022-03-20,Cleveland,Oklahoma,40027,78865,789.0,284014.0
2022-03-21,Cleveland,Oklahoma,40027,78865,789.0,284014.0
2022-03-22,Cleveland,Oklahoma,40027,78865,789.0,284014.0
2022-03-23,Cleveland,Oklahoma,40027,78865,789.0,284014.0
2022-03-24,Cleveland,Oklahoma,40027,78925,794.0,284014.0
2022-03-25,Cleveland,Oklahoma,40027,78925,794.0,284014.0
2022-03-26,Cleveland,Oklahoma,40027,78925,794.0,284014.0
2022-03-27,Cleveland,Oklahoma,40027,78925,794.0,284014.0
2022-03-28,Cleveland,Oklahoma,40027,78925,794.0,284014.0
2022-03-29,Cleveland,Oklahoma,40027,78925,794.0,284014.0
2022-03-30,Cleveland,Oklahoma,40027,78925,794.0,284014.0
2022-03-31,Cleveland,Oklahoma,40027,79006,798.0,284014.0
2022-04-01,Cleveland,Oklahoma,40027,79006,798.0,284014.0
2022-04-02,Cleveland,Oklahoma,40027,79006,798.0,284014.0
2022-04-03,Cleveland,Oklahoma,40027,79006,798.0,284014.0
2022-04-04,Cleveland,Oklahoma,40027,79006,798.0,284014.0
2022-04-05,Cleveland,Oklahoma,40027,79006,798.0,284014.0
2022-04-06,Cleveland,Oklahoma,40027,79006,798.0,284014.0
2022-04-07,Cleveland,Oklahoma,40027,79158,802.0,284014.0
2022-04-08,Cleveland,Oklahoma,40027,79158,802.0,284014.0
2022-04-09,Cleveland,Oklahoma,40027,79158,802.0,284014.0
2022-04-10,Cleveland,Oklahoma,40027,79158,802.0,284014.0
2022-04-11,Cleveland,Oklahoma,40027,79158,802.0,284014.0
2022-04-12,Cleveland,Oklahoma,40027,79158,802.0,284014.0
2022-04-13,Cleveland,Oklahoma,40027,79158,802.0,284014.0
2022-04-14,Cleveland,Oklahoma,40027,79216,805.0,284014.0
2022-04-15,Cleveland,Oklahoma,40027,79216,805.0,284014.0
2022-04-16,Cleveland,Oklahoma,40027,79216,805.0,284014.0
2022-04-17,Cleveland,Oklahoma,40027,79216,805.0,284014.0
2022-04-18,Cleveland,Oklahoma,40027,79216,805.0,284014.0
2022-04-19,Cleveland,Oklahoma,40027,79216,805.0,284014.0
2022-04-20,Cleveland,Oklahoma,40027,79216,805.0,284014.0
2022-04-21,Cleveland,Oklahoma,40027,79275,808.0,284014.0
2022-04-22,Cleveland,Oklahoma,40027,79275,808.0,284014.0
2022-04-23,Cleveland,Oklahoma,40027,79275,808.0,284014.0
2022-04-24,Cleveland,Oklahoma,40027,79275,808.0,284014.0
2022-04-25,Cleveland,Oklahoma,40027,79275,808.0,284014.0
2022-04-26,Cleveland,Oklahoma,40027,79275,808.0,284014.0
2022-04-27,Cleveland,Oklahoma,40027,79275,808.0,284014.0
2022-04-28,Cleveland,Oklahoma,40027,79329,809.0,284014.0
2022-04-29,Cleveland,Oklahoma,40027,79329,809.0,284014.0
2022-04-30,Cleveland,Oklahoma,40027,79329,809.0,284014.0
2021-12-01,Payne,Oklahoma,40119,12300,117.0,81784.0
2021-12-02,Payne,Oklahoma,40119,12300,117.0,81784.0
2021-12-03,Payne,Oklahoma,40119,12300,124.0,81784.0
2021-12-04,Payne,Oklahoma,40119,12300,124.0,81784.0
2021-12-05,Payne,Oklahoma,40119,12300,124.0,81784.0
2021-12-06,Payne,Oklahoma,40119,12300,124.0,81784.0
2021-12-07,Payne,Oklahoma,40119,12300,124.0,81784.0
2021-12-08,Payne,Oklahoma,40119,12414,125.0,81784.0
2021-12-09,Payne,Oklahoma,40119,12414,125.0,81784.0
2021-12-10,Payne,Oklahoma,40119,12414,125.0,81784.0
2021-12-11,Payne,Oklahoma,40119,12414,125.0,81784.0
2021-12-12,Payne,Oklahoma,40119,12414,125.0,81784.0
2021-12-13,Payne,Oklahoma,40119,12414,125.0,81784.0
2021-12-14,Payne,Oklahoma,40119,12414,125.0,81784.0
2021-12-15,Payne,Oklahoma,40119,12516,125.0,81784.0
2021-12-16,Payne,Oklahoma,40119,12516,125.0,81784.0
2021-12-17,Payne,Oklahoma,40119,12516,125.0,81784.0
2021-12-18,Payne,Oklahoma,40119,12516,125.0,81784.0
2021-12-19,Payne,Oklahoma,40119,12516,125.0,81784.0
2021-12-20,Payne,Oklahoma,40119,12516,125.0,81784.0
2021-12-21,Payne,Oklahoma,40119,12516,125.0,81784.0
2021-12-22,Payne,Oklahoma,40119,12635,125.0,81784.0
2021-12-23,Payne,Oklahoma,40119,12635,125.0,81784.0
2021-12-24,Payne,Oklahoma,40119,12635,125.0,81784.0
2021-12-25,Payne,Oklahoma,40119,12635,125.0,81784.0
2021-12-26,Payne,Oklahoma,40119,12635,125.0,81784.0
2021-12-27,Payne,Oklahoma,40119,12635,125.0,81784.0
2021-12-28,Payne,Oklahoma,40119,12635,125.0,81784.0
2021-12-29,Payne,Oklahoma,40119,12814,127.0,81784.0
2021-12-30,Payne,Oklahoma,40119,12814,127.0,81784.0
2021-12-31,Payne,Oklahoma,40119,12814,127.0,81784.0
2022-01-01,Payne,Oklahoma,40119,12814,127.0,81784.0
2022-01-02,Payne,Oklahoma,40119,12814,127.0,81784.0
2022-01-03,Payne,Oklahoma,40119,12814,127.0,81784.0
2022-01-04,Payne,Oklahoma,40119,12814,127.0,81784.0
2022-01-05,Payne,Oklahoma,40119,12970,127.0,81784.0
2022-01-06,Payne,Oklahoma,40119,12970,127.0,81784.0
2022-01-07,Payne,Oklahoma,40119,12970,127.0,81784.0
2022-01-08,Payne,Oklahoma,40119,12970,127.0,81784.0
2022-01-09,Payne,Oklahoma,40119,12970,127.0,81784.0
2022-01-10,Payne,Oklahoma,40119,12970,127.0,81784.0
2022-01-11,Payne,Oklahoma,40119,12970,127.0,81784.0
2022-01-12,Payne,Oklahoma,40119,13546,127.0,81784.0
2022-01-13,Payne,Oklahoma,40119,13546,127.0,81784.0
2022-01-14,Payne,Oklahoma,40119,13546,127.0,81784.0
2022-01-15,Payne,Oklahoma,40119,13546,127.0,81784.0
2022-01-16,Payne,Oklahoma,40119,13546,127.0,81784.0
2022-01-17,Payne,Oklahoma,40119,13546,127.0,81784.0
2022-01-18,Payne,Oklahoma,40119,13546,127.0,81784.0
2022-01-19,Payne,Oklahoma,40119,14603,131.0,81784.0
2022-01-20,Payne,Oklahoma,40119,14603,131.0,81784.0
2022-01-21,Payne,Oklahoma,40119,14603,131.0,81784.0
2022-01-22,Payne,Oklahoma,40119,14603,131.0,81784.0
2022-01-23,Payne,Oklahoma,40119,14603,131.0,81784.0
2022-01-24,Payne,Oklahoma,40119,14603,131.0,81784.0
2022-01-25,Payne,Oklahoma,40119,14603,131.0,81784.0
2022-01-26,Payne,Oklahoma,40119,15921,134.0,81784.0
2022-01-27,Payne,Oklahoma,40119,15921,134.0,81784.0
2022-01-28,Payne,Oklahoma,40119,15921,134.0,81784.0
2022-01-29,Payne,Oklahoma,40119,15921,134.0,81784.0
2022-01-30,Payne,Oklahoma,40119,15921,134.0,81784.0
2022-01-31,Payne,Oklahoma,40119,15921,134.0,81784.0
2022-02-01,Payne,Oklahoma,40119,15921,134.0,81784.0
2022-02-02,Payne,Oklahoma,40119,17240,137.0,81784.0
2022-02-03,Payne,Oklahoma,40119,17240,137.0,81784.0
2022-02-04,Payne,Oklahoma,40119,17240,137.0,81784.0
2022-02-05,Payne,Oklahoma,40119,17240,137.0,81784.0
2022-02-06,Payne,Oklahoma,40119,17240,137.0,81784.0
2022-02-07,Payne,Oklahoma,40119,17240,137.0,81784.0
2022-02-08,Payne,Oklahoma,40119,17240,137.0,81784.0
2022-02-09,Payne,Oklahoma,40119,17662,138.0,81784.0
2022-02-10,Payne,Oklahoma,40119,17662,138.0,81784.0
2022-02-11,Payne,Oklahoma,40119,17662,138.0,81784.0
2022-02-12,Payne,Oklahoma,40119,17662,138.0,81784.0
2022-02-13,Payne,Oklahoma,40119,17662,138.0,81784.0
2022-02-14,Payne,Oklahoma,40119,17662,138.0,81784.0
2022-02-15,Payne,Oklahoma,40119,17662,138.0,81784.0
2022-02-16,Payne,Oklahoma,40119,17900,146.0,81784.0
2022-02-17,Payne,Oklahoma,40119,17900,146.0,81784.0
2022-02-18,Payne,Oklahoma,40119,17900,146.0,81784.0
2022-02-19,Payne,Oklahoma,40119,17900,146.0,81784.0
2022-02-20,Payne,Oklahoma,40119,17900,146.0,81784.0
2022-02-21,Payne,Oklahoma,40119,17900,146.0,81784.0
2022-02-22,Payne,Oklahoma,40119,17900,146.0,81784.0
2022-02-23,Payne,Oklahoma,40119,18044,147.0,81784.0
2022-02-24,Payne,Oklahoma,40119,18044,147.0,81784.0
2022-02-25,Payne,Oklahoma,40119,18044,147.0,81784.0
2022-02-26,Payne,Oklahoma,40119,18044,147.0,81784.0
2022-02-27,Payne,Oklahoma,40119,18044,147.0,81784.0
2022-02-28,Payne,Oklahoma,40119,18044,147.0,81784.0
2022-03-01,Payne,Oklahoma,40119,18044,147.0,81784.0
2022-03-02,Payne,Oklahoma,40119,18116,149.0,81784.0
2022-03-03,Payne,Oklahoma,40119,18116,149.0,81784.0
2022-03-04,Payne,Oklahoma,40119,18116,149.0,81784.0
2022-03-05,Payne,Oklahoma,40119,18116,149.0,81784.0
2022-03-06,Payne,Oklahoma,40119,18116,149.0,81784.0
2022-03-07,Payne,Oklahoma,40119,18116,149.0,81784.0
2022-03-08,Payne,Oklahoma,40119,18116,149.0,81784.0
2022-03-09,Payne,Oklahoma,40119,18116,149.0,81784.0
2022-03-10,Payne,Oklahoma,40119,18175,157.0,81784.0
2022-03-11,Payne,Oklahoma,40119,18175,157.0,81784.0
2022-03-12,Payne,Oklahoma,40119,18175,157.0,81784.0
2022-03-13,Payne,Oklahoma,40119,18175,157.0,81784.0
2022-03-14,Payne,Oklahoma,40119,18175,157.0,81784.0
2022-03-15,Payne,Oklahoma,40119,18175,157.0,81784.0
2022-03-16,Payne,Oklahoma,40119,18175,157.0,81784.0
2022-03-17,Payne,Oklahoma,40119,18201,160.0,81784.0
2022-03-18,Payne,Oklahoma,40119,18201,160.0,81784.0
2022-03-19,Payne,Oklahoma,40119,18201,160.0,81784.0
2022-03-20,Payne,Oklahoma,40119,18201,160.0,81784.0
2022-03-21,Payne,Oklahoma,40119,18201,160.0,81784.0
2022-03-22,Payne,Oklahoma,40119,18201,160.0,81784.0
2022-03-23,Payne,Oklahoma,40119,18201,160.0,81784.0
2022-03-24,Payne,Oklahoma,40119,18211,163.0,81784.0
2022-03-25,Payne,Oklahoma,40119,18211,163.0,81784.0
2022-03-26,Payne,Oklahoma,40119,18211,163.0,81784.0
2022-03-27,Payne,Oklahoma,40119,18211,163.0,81784.0
2022-03-28,Payne,Oklahoma,40119,18211,163.0,81784.0
2022-03-29,Payne,Oklahoma,40119,18211,163.0,81784.0
2022-03-30,Payne,Oklahoma,40119,18211,163.0,81784.0
2022-03-31,Payne,Oklahoma,40119,18232,163.0,81784.0
2022-04-01,Payne,Oklahoma,40119,18232,163.0,81784.0
2022-04-02,Payne,Oklahoma,40119,18232,163.0,81784.0
2022-04-03,Payne,Oklahoma,40119,18232,163.0,81784.0
2022-04-04,Payne,Oklahoma,40119,18232,163.0,81784.0
2022-04-05,Payne,Oklahoma,40119,18232,163.0,81784.0
2022-04-06,Payne,Oklahoma,40119,18232,163.0,81784.0
2022-04-07,Payne,Oklahoma,40119,18274,163.0,81784.0
2022-04-08,Payne,Oklahoma,40119,18274,163.0,81784.0
2022-04-09,Payne,Oklahoma,40119,18274,163.0,81784.0
2022-04-10,Payne,Oklahoma,40119,18274,163.0,81784.0
2022-04-11,Payne,Oklahoma,40119,18274,163.0,81784.0
2022-04-12,Payne,Oklahoma,40119,18274,163.0,81784.0
2022-04-13,Payne,Oklahoma,40119,18274,163.0,81784.0
2022-04-14,Payne,Oklahoma,40119,18304,163.0,81784.0
2022-04-15,Payne,Oklahoma,40119,18304,163.0,81784.0
2022-04-16,Payne,Oklahoma,40119,18304,163.0,81784.0
2022-04-17,Payne,Oklahoma,40119,18304,163.0,81784.0
2022-04-18,Payne,Oklahoma,40119,18304,163.0,81784.0
2022-04-19,Payne,Oklahoma,40119,18304,163.0,81784.0
2022-04-20,Payne,Oklahoma,40119,18304,163.0,81784.0
2022-04-21,Payne,Oklahoma,40119,18343,163.0,81784.0
2022-04-22,Payne,Oklahoma,40119,18343,163.0,81784.0
2022-04-23,Payne,Oklahoma,40119,18343,163.0,81784.0
2022-04-24,Payne,Oklahoma,40119,18343,163.0,81784.0
2022-04-25,Payne,Oklahoma,40119,18343,163.0,81784.0
2022-04-26,Payne,Oklahoma,40119,18343,163.0,81784.0
2022-04-27,Payne,Oklahoma,40119,18343,163.0,81784.0
2022-04-28,Payne,Oklahoma,40119,18388,163.0,81784.0
2022-04-29,Payne,Oklahoma,40119,18388,163.0,81784.0
2022-04-30,Payne,Oklahoma,40119,18388,163.0,81784.0
2021-12-01,Jackson,Oregon,41029,24956,361.0,220944.0
2021-12-02,Jackson,Oregon,41029,25042,362.0,220944.0
2021-12-03,Jackson,Oregon,41029,25105,363.0,220944.0
2021-12-04,Jackson,Oregon,41029,25105,363.0,220944.0
2021-12-05,Jackson,Oregon,41029,25105,363.0,220944.0
2021-12-06,Jackson,Oregon,41029,25211,363.0,220944.0
2021-12-07,Jackson,Oregon,41029,25267,363.0,220944.0
2021-12-08,Jackson,Oregon,41029,25322,365.0,220944.0
2021-12-09,Jackson,Oregon,41029,25383,366.0,220944.0
2021-12-10,Jackson,Oregon,41029,25426,366.0,220944.0
2021-12-11,Jackson,Oregon,41029,25426,366.0,220944.0
2021-12-12,Jackson,Oregon,41029,25426,366.0,220944.0
2021-12-13,Jackson,Oregon,41029,25496,367.0,220944.0
2021-12-14,Jackson,Oregon,41029,25552,370.0,220944.0
2021-12-15,Jackson,Oregon,41029,25615,374.0,220944.0
2021-12-16,Jackson,Oregon,41029,25681,376.0,220944.0
2021-12-17,Jackson,Oregon,41029,25724,377.0,220944.0
2021-12-18,Jackson,Oregon,41029,25724,377.0,220944.0
2021-12-19,Jackson,Oregon,41029,25724,377.0,220944.0
2021-12-20,Jackson,Oregon,41029,25828,378.0,220944.0
2021-12-21,Jackson,Oregon,41029,25871,380.0,220944.0
2021-12-22,Jackson,Oregon,41029,25942,383.0,220944.0
2021-12-23,Jackson,Oregon,41029,26046,383.0,220944.0
2021-12-24,Jackson,Oregon,41029,26046,383.0,220944.0
2021-12-25,Jackson,Oregon,41029,26046,383.0,220944.0
2021-12-26,Jackson,Oregon,41029,26046,383.0,220944.0
2021-12-27,Jackson,Oregon,41029,26214,387.0,220944.0
2021-12-28,Jackson,Oregon,41029,26315,389.0,220944.0
2021-12-29,Jackson,Oregon,41029,26458,389.0,220944.0
2021-12-30,Jackson,Oregon,41029,26640,390.0,220944.0
2021-12-31,Jackson,Oregon,41029,26640,390.0,220944.0
2022-01-01,Jackson,Oregon,41029,26640,390.0,220944.0
2022-01-02,Jackson,Oregon,41029,26640,390.0,220944.0
2022-01-03,Jackson,Oregon,41029,27213,394.0,220944.0
2022-01-04,Jackson,Oregon,41029,27345,399.0,220944.0
2022-01-05,Jackson,Oregon,41029,27608,399.0,220944.0
2022-01-06,Jackson,Oregon,41029,28050,399.0,220944.0
2022-01-07,Jackson,Oregon,41029,28341,399.0,220944.0
2022-01-08,Jackson,Oregon,41029,28341,399.0,220944.0
2022-01-09,Jackson,Oregon,41029,28341,399.0,220944.0
2022-01-10,Jackson,Oregon,41029,29236,401.0,220944.0
2022-01-11,Jackson,Oregon,41029,29624,404.0,220944.0
2022-01-12,Jackson,Oregon,41029,29998,405.0,220944.0
2022-01-13,Jackson,Oregon,41029,30502,406.0,220944.0
2022-01-14,Jackson,Oregon,41029,30929,408.0,220944.0
2022-01-15,Jackson,Oregon,41029,30929,408.0,220944.0
2022-01-16,Jackson,Oregon,41029,30929,408.0,220944.0
2022-01-17,Jackson,Oregon,41029,30929,408.0,220944.0
2022-01-18,Jackson,Oregon,41029,32764,408.0,220944.0
2022-01-19,Jackson,Oregon,41029,33315,409.0,220944.0
2022-01-20,Jackson,Oregon,41029,33824,411.0,220944.0
2022-01-21,Jackson,Oregon,41029,34484,417.0,220944.0
2022-01-22,Jackson,Oregon,41029,34484,417.0,220944.0
2022-01-23,Jackson,Oregon,41029,34484,417.0,220944.0
2022-01-24,Jackson,Oregon,41029,35599,418.0,220944.0
2022-01-25,Jackson,Oregon,41029,36118,423.0,220944.0
2022-01-26,Jackson,Oregon,41029,36675,427.0,220944.0
2022-01-27,Jackson,Oregon,41029,37070,430.0,220944.0
2022-01-28,Jackson,Oregon,41029,37447,432.0,220944.0
2022-01-29,Jackson,Oregon,41029,37447,432.0,220944.0
2022-01-30,Jackson,Oregon,41029,37447,432.0,220944.0
2022-01-31,Jackson,Oregon,41029,38244,433.0,220944.0
2022-02-01,Jackson,Oregon,41029,38494,437.0,220944.0
2022-02-02,Jackson,Oregon,41029,38881,439.0,220944.0
2022-02-03,Jackson,Oregon,41029,39175,439.0,220944.0
2022-02-04,Jackson,Oregon,41029,39418,439.0,220944.0
2022-02-05,Jackson,Oregon,41029,39418,439.0,220944.0
2022-02-06,Jackson,Oregon,41029,39418,439.0,220944.0
2022-02-07,Jackson,Oregon,41029,39831,443.0,220944.0
2022-02-08,Jackson,Oregon,41029,40030,445.0,220944.0
2022-02-09,Jackson,Oregon,41029,40257,447.0,220944.0
2022-02-10,Jackson,Oregon,41029,40455,448.0,220944.0
2022-02-11,Jackson,Oregon,41029,40572,448.0,220944.0
2022-02-12,Jackson,Oregon,41029,40572,448.0,220944.0
2022-02-13,Jackson,Oregon,41029,40572,448.0,220944.0
2022-02-14,Jackson,Oregon,41029,40854,449.0,220944.0
2022-02-15,Jackson,Oregon,41029,41000,451.0,220944.0
2022-02-16,Jackson,Oregon,41029,41145,451.0,220944.0
2022-02-17,Jackson,Oregon,41029,41258,455.0,220944.0
2022-02-18,Jackson,Oregon,41029,41391,456.0,220944.0
2022-02-19,Jackson,Oregon,41029,41391,456.0,220944.0
2022-02-20,Jackson,Oregon,41029,41391,456.0,220944.0
2022-02-21,Jackson,Oregon,41029,41391,456.0,220944.0
2022-02-22,Jackson,Oregon,41029,41668,462.0,220944.0
2022-02-23,Jackson,Oregon,41029,41782,464.0,220944.0
2022-02-24,Jackson,Oregon,41029,41841,465.0,220944.0
2022-02-25,Jackson,Oregon,41029,41904,465.0,220944.0
2022-02-26,Jackson,Oregon,41029,41904,465.0,220944.0
2022-02-27,Jackson,Oregon,41029,41904,465.0,220944.0
2022-02-28,Jackson,Oregon,41029,41988,472.0,220944.0
2022-03-01,Jackson,Oregon,41029,42039,480.0,220944.0
2022-03-02,Jackson,Oregon,41029,42097,480.0,220944.0
2022-03-03,Jackson,Oregon,41029,42133,481.0,220944.0
2022-03-04,Jackson,Oregon,41029,42196,486.0,220944.0
2022-03-05,Jackson,Oregon,41029,42196,486.0,220944.0
2022-03-06,Jackson,Oregon,41029,42196,486.0,220944.0
2022-03-07,Jackson,Oregon,41029,42251,492.0,220944.0
2022-03-08,Jackson,Oregon,41029,42278,494.0,220944.0
2022-03-09,Jackson,Oregon,41029,42310,495.0,220944.0
2022-03-10,Jackson,Oregon,41029,42342,500.0,220944.0
2022-03-11,Jackson,Oregon,41029,42356,500.0,220944.0
2022-03-12,Jackson,Oregon,41029,42356,500.0,220944.0
2022-03-13,Jackson,Oregon,41029,42356,500.0,220944.0
2022-03-14,Jackson,Oregon,41029,42399,500.0,220944.0
2022-03-15,Jackson,Oregon,41029,42411,501.0,220944.0
2022-03-16,Jackson,Oregon,41029,42427,501.0,220944.0
2022-03-17,Jackson,Oregon,41029,42445,502.0,220944.0
2022-03-18,Jackson,Oregon,41029,42462,503.0,220944.0
2022-03-19,Jackson,Oregon,41029,42462,503.0,220944.0
2022-03-20,Jackson,Oregon,41029,42462,503.0,220944.0
2022-03-21,Jackson,Oregon,41029,42487,503.0,220944.0
2022-03-22,Jackson,Oregon,41029,42503,505.0,220944.0
2022-03-23,Jackson,Oregon,41029,42520,505.0,220944.0
2022-03-24,Jackson,Oregon,41029,42529,507.0,220944.0
2022-03-25,Jackson,Oregon,41029,42538,507.0,220944.0
2022-03-26,Jackson,Oregon,41029,42538,507.0,220944.0
2022-03-27,Jackson,Oregon,41029,42538,507.0,220944.0
2022-03-28,Jackson,Oregon,41029,42561,507.0,220944.0
2022-03-29,Jackson,Oregon,41029,42573,508.0,220944.0
2022-03-30,Jackson,Oregon,41029,42590,510.0,220944.0
2022-03-31,Jackson,Oregon,41029,42603,511.0,220944.0
2022-04-01,Jackson,Oregon,41029,42608,511.0,220944.0
2022-04-02,Jackson,Oregon,41029,42608,511.0,220944.0
2022-04-03,Jackson,Oregon,41029,42608,511.0,220944.0
2022-04-04,Jackson,Oregon,41029,42622,517.0,220944.0
2022-04-05,Jackson,Oregon,41029,42641,517.0,220944.0
2022-04-06,Jackson,Oregon,41029,42651,517.0,220944.0
2022-04-07,Jackson,Oregon,41029,42673,519.0,220944.0
2022-04-08,Jackson,Oregon,41029,42695,520.0,220944.0
2022-04-09,Jackson,Oregon,41029,42695,520.0,220944.0
2022-04-10,Jackson,Oregon,41029,42695,520.0,220944.0
2022-04-11,Jackson,Oregon,41029,42717,521.0,220944.0
2022-04-12,Jackson,Oregon,41029,42737,524.0,220944.0
2022-04-13,Jackson,Oregon,41029,42755,524.0,220944.0
2022-04-14,Jackson,Oregon,41029,42764,526.0,220944.0
2022-04-15,Jackson,Oregon,41029,42780,527.0,220944.0
2022-04-16,Jackson,Oregon,41029,42780,527.0,220944.0
2022-04-17,Jackson,Oregon,41029,42780,527.0,220944.0
2022-04-18,Jackson,Oregon,41029,42780,527.0,220944.0
2022-04-19,Jackson,Oregon,41029,42844,528.0,220944.0
2022-04-20,Jackson,Oregon,41029,42870,528.0,220944.0
2022-04-21,Jackson,Oregon,41029,42893,529.0,220944.0
2022-04-22,Jackson,Oregon,41029,42907,529.0,220944.0
2022-04-23,Jackson,Oregon,41029,42907,529.0,220944.0
2022-04-24,Jackson,Oregon,41029,42907,529.0,220944.0
2022-04-25,Jackson,Oregon,41029,42968,531.0,220944.0
2022-04-26,Jackson,Oregon,41029,43002,531.0,220944.0
2022-04-27,Jackson,Oregon,41029,43033,531.0,220944.0
2022-04-28,Jackson,Oregon,41029,43063,531.0,220944.0
2022-04-29,Jackson,Oregon,41029,43098,531.0,220944.0
2022-04-30,Jackson,Oregon,41029,43098,531.0,220944.0
2021-12-01,Lane,Oregon,41039,30179,358.0,382067.0
2021-12-02,Lane,Oregon,41039,30248,360.0,382067.0
2021-12-03,Lane,Oregon,41039,30428,361.0,382067.0
2021-12-04,Lane,Oregon,41039,30428,361.0,382067.0
2021-12-05,Lane,Oregon,41039,30428,361.0,382067.0
2021-12-06,Lane,Oregon,41039,30473,363.0,382067.0
2021-12-07,Lane,Oregon,41039,30531,364.0,382067.0
2021-12-08,Lane,Oregon,41039,30600,364.0,382067.0
2021-12-09,Lane,Oregon,41039,30672,364.0,382067.0
2021-12-10,Lane,Oregon,41039,30734,366.0,382067.0
2021-12-11,Lane,Oregon,41039,30734,366.0,382067.0
2021-12-12,Lane,Oregon,41039,30734,366.0,382067.0
2021-12-13,Lane,Oregon,41039,30840,369.0,382067.0
2021-12-14,Lane,Oregon,41039,30894,369.0,382067.0
2021-12-15,Lane,Oregon,41039,30962,369.0,382067.0
2021-12-16,Lane,Oregon,41039,31025,376.0,382067.0
2021-12-17,Lane,Oregon,41039,31102,376.0,382067.0
2021-12-18,Lane,Oregon,41039,31102,376.0,382067.0
2021-12-19,Lane,Oregon,41039,31102,376.0,382067.0
2021-12-20,Lane,Oregon,41039,31236,376.0,382067.0
2021-12-21,Lane,Oregon,41039,31315,377.0,382067.0
2021-12-22,Lane,Oregon,41039,31416,381.0,382067.0
2021-12-23,Lane,Oregon,41039,31488,381.0,382067.0
2021-12-24,Lane,Oregon,41039,31488,381.0,382067.0
2021-12-25,Lane,Oregon,41039,31488,381.0,382067.0
2021-12-26,Lane,Oregon,41039,31488,381.0,382067.0
2021-12-27,Lane,Oregon,41039,31745,382.0,382067.0
2021-12-28,Lane,Oregon,41039,31901,382.0,382067.0
2021-12-29,Lane,Oregon,41039,32031,382.0,382067.0
2021-12-30,Lane,Oregon,41039,32273,383.0,382067.0
2021-12-31,Lane,Oregon,41039,32273,383.0,382067.0
2022-01-01,Lane,Oregon,41039,32273,383.0,382067.0
2022-01-02,Lane,Oregon,41039,32273,383.0,382067.0
2022-01-03,Lane,Oregon,41039,32964,383.0,382067.0
2022-01-04,Lane,Oregon,41039,33397,387.0,382067.0
2022-01-05,Lane,Oregon,41039,33914,387.0,382067.0
2022-01-06,Lane,Oregon,41039,34537,388.0,382067.0
2022-01-07,Lane,Oregon,41039,35115,390.0,382067.0
2022-01-08,Lane,Oregon,41039,35115,390.0,382067.0
2022-01-09,Lane,Oregon,41039,35115,390.0,382067.0
2022-01-10,Lane,Oregon,41039,36484,390.0,382067.0
2022-01-11,Lane,Oregon,41039,37037,390.0,382067.0
2022-01-12,Lane,Oregon,41039,37712,392.0,382067.0
2022-01-13,Lane,Oregon,41039,38400,394.0,382067.0
2022-01-14,Lane,Oregon,41039,38991,396.0,382067.0
2022-01-15,Lane,Oregon,41039,38991,396.0,382067.0
2022-01-16,Lane,Oregon,41039,38991,396.0,382067.0
2022-01-17,Lane,Oregon,41039,38991,396.0,382067.0
2022-01-18,Lane,Oregon,41039,41553,396.0,382067.0
2022-01-19,Lane,Oregon,41039,42140,396.0,382067.0
2022-01-20,Lane,Oregon,41039,42887,397.0,382067.0
2022-01-21,Lane,Oregon,41039,44086,397.0,382067.0
2022-01-22,Lane,Oregon,41039,44086,397.0,382067.0
2022-01-23,Lane,Oregon,41039,44086,397.0,382067.0
2022-01-24,Lane,Oregon,41039,46136,397.0,382067.0
2022-01-25,Lane,Oregon,41039,46498,401.0,382067.0
2022-01-26,Lane,Oregon,41039,47190,402.0,382067.0
2022-01-27,Lane,Oregon,41039,48058,402.0,382067.0
2022-01-28,Lane,Oregon,41039,48811,406.0,382067.0
2022-01-29,Lane,Oregon,41039,48811,406.0,382067.0
2022-01-30,Lane,Oregon,41039,48811,406.0,382067.0
2022-01-31,Lane,Oregon,41039,50151,409.0,382067.0
2022-02-01,Lane,Oregon,41039,50618,412.0,382067.0
2022-02-02,Lane,Oregon,41039,51066,417.0,382067.0
2022-02-03,Lane,Oregon,41039,51614,418.0,382067.0
2022-02-04,Lane,Oregon,41039,52131,420.0,382067.0
2022-02-05,Lane,Oregon,41039,52131,420.0,382067.0
2022-02-06,Lane,Oregon,41039,52131,420.0,382067.0
2022-02-07,Lane,Oregon,41039,52905,424.0,382067.0
2022-02-08,Lane,Oregon,41039,53223,428.0,382067.0
2022-02-09,Lane,Oregon,41039,53603,430.0,382067.0
2022-02-10,Lane,Oregon,41039,53870,431.0,382067.0
2022-02-11,Lane,Oregon,41039,54133,431.0,382067.0
2022-02-12,Lane,Oregon,41039,54133,431.0,382067.0
2022-02-13,Lane,Oregon,41039,54133,431.0,382067.0
2022-02-14,Lane,Oregon,41039,54711,435.0,382067.0
2022-02-15,Lane,Oregon,41039,54876,443.0,382067.0
2022-02-16,Lane,Oregon,41039,55088,444.0,382067.0
2022-02-17,Lane,Oregon,41039,55280,445.0,382067.0
2022-02-18,Lane,Oregon,41039,55461,446.0,382067.0
2022-02-19,Lane,Oregon,41039,55461,446.0,382067.0
2022-02-20,Lane,Oregon,41039,55461,446.0,382067.0
2022-02-21,Lane,Oregon,41039,55461,446.0,382067.0
2022-02-22,Lane,Oregon,41039,55821,447.0,382067.0
2022-02-23,Lane,Oregon,41039,55906,453.0,382067.0
2022-02-24,Lane,Oregon,41039,55957,457.0,382067.0
2022-02-25,Lane,Oregon,41039,56044,457.0,382067.0
2022-02-26,Lane,Oregon,41039,56044,457.0,382067.0
2022-02-27,Lane,Oregon,41039,56044,457.0,382067.0
2022-02-28,Lane,Oregon,41039,56178,464.0,382067.0
2022-03-01,Lane,Oregon,41039,56239,465.0,382067.0
2022-03-02,Lane,Oregon,41039,56307,465.0,382067.0
2022-03-03,Lane,Oregon,41039,56362,470.0,382067.0
2022-03-04,Lane,Oregon,41039,56436,471.0,382067.0
2022-03-05,Lane,Oregon,41039,56436,471.0,382067.0
2022-03-06,Lane,Oregon,41039,56436,471.0,382067.0
2022-03-07,Lane,Oregon,41039,56538,472.0,382067.0
2022-03-08,Lane,Oregon,41039,56566,475.0,382067.0
2022-03-09,Lane,Oregon,41039,56610,475.0,382067.0
2022-03-10,Lane,Oregon,41039,56646,477.0,382067.0
2022-03-11,Lane,Oregon,41039,56677,480.0,382067.0
2022-03-12,Lane,Oregon,41039,56677,480.0,382067.0
2022-03-13,Lane,Oregon,41039,56677,480.0,382067.0
2022-03-14,Lane,Oregon,41039,56756,484.0,382067.0
2022-03-15,Lane,Oregon,41039,56801,485.0,382067.0
2022-03-16,Lane,Oregon,41039,56827,486.0,382067.0
2022-03-17,Lane,Oregon,41039,56859,489.0,382067.0
2022-03-18,Lane,Oregon,41039,56882,490.0,382067.0
2022-03-19,Lane,Oregon,41039,56882,490.0,382067.0
2022-03-20,Lane,Oregon,41039,56882,490.0,382067.0
2022-03-21,Lane,Oregon,41039,56928,490.0,382067.0
2022-03-22,Lane,Oregon,41039,56970,492.0,382067.0
2022-03-23,Lane,Oregon,41039,56995,495.0,382067.0
2022-03-24,Lane,Oregon,41039,57027,496.0,382067.0
2022-03-25,Lane,Oregon,41039,57039,496.0,382067.0
2022-03-26,Lane,Oregon,41039,57039,496.0,382067.0
2022-03-27,Lane,Oregon,41039,57039,496.0,382067.0
2022-03-28,Lane,Oregon,41039,57100,498.0,382067.0
2022-03-29,Lane,Oregon,41039,57133,500.0,382067.0
2022-03-30,Lane,Oregon,41039,57165,501.0,382067.0
2022-03-31,Lane,Oregon,41039,57201,501.0,382067.0
2022-04-01,Lane,Oregon,41039,57237,502.0,382067.0
2022-04-02,Lane,Oregon,41039,57237,502.0,382067.0
2022-04-03,Lane,Oregon,41039,57237,502.0,382067.0
2022-04-04,Lane,Oregon,41039,57274,508.0,382067.0
2022-04-05,Lane,Oregon,41039,57292,508.0,382067.0
2022-04-06,Lane,Oregon,41039,57317,508.0,382067.0
2022-04-07,Lane,Oregon,41039,57344,514.0,382067.0
2022-04-08,Lane,Oregon,41039,57373,514.0,382067.0
2022-04-09,Lane,Oregon,41039,57373,514.0,382067.0
2022-04-10,Lane,Oregon,41039,57373,514.0,382067.0
2022-04-11,Lane,Oregon,41039,57421,516.0,382067.0
2022-04-12,Lane,Oregon,41039,57456,524.0,382067.0
2022-04-13,Lane,Oregon,41039,57490,524.0,382067.0
2022-04-14,Lane,Oregon,41039,57524,529.0,382067.0
2022-04-15,Lane,Oregon,41039,57555,531.0,382067.0
2022-04-16,Lane,Oregon,41039,57555,531.0,382067.0
2022-04-17,Lane,Oregon,41039,57555,531.0,382067.0
2022-04-18,Lane,Oregon,41039,57555,531.0,382067.0
2022-04-19,Lane,Oregon,41039,57730,531.0,382067.0
2022-04-20,Lane,Oregon,41039,57790,532.0,382067.0
2022-04-21,Lane,Oregon,41039,57841,532.0,382067.0
2022-04-22,Lane,Oregon,41039,57879,532.0,382067.0
2022-04-23,Lane,Oregon,41039,57879,532.0,382067.0
2022-04-24,Lane,Oregon,41039,57879,532.0,382067.0
2022-04-25,Lane,Oregon,41039,58057,532.0,382067.0
2022-04-26,Lane,Oregon,41039,58150,532.0,382067.0
2022-04-27,Lane,Oregon,41039,58215,532.0,382067.0
2022-04-28,Lane,Oregon,41039,58326,533.0,382067.0
2022-04-29,Lane,Oregon,41039,58401,533.0,382067.0
2022-04-30,Lane,Oregon,41039,58401,533.0,382067.0
2021-12-01,Allegheny,Pennsylvania,42003,150886,2495.0,1216045.0
2021-12-02,Allegheny,Pennsylvania,42003,151539,2502.0,1216045.0
2021-12-03,Allegheny,Pennsylvania,42003,152840,2512.0,1216045.0
2021-12-04,Allegheny,Pennsylvania,42003,153516,2518.0,1216045.0
2021-12-05,Allegheny,Pennsylvania,42003,154011,2522.0,1216045.0
2021-12-06,Allegheny,Pennsylvania,42003,154363,2526.0,1216045.0
2021-12-07,Allegheny,Pennsylvania,42003,155212,2532.0,1216045.0
2021-12-08,Allegheny,Pennsylvania,42003,155979,2542.0,1216045.0
2021-12-09,Allegheny,Pennsylvania,42003,156669,2545.0,1216045.0
2021-12-10,Allegheny,Pennsylvania,42003,157410,2560.0,1216045.0
2021-12-11,Allegheny,Pennsylvania,42003,158347,2570.0,1216045.0
2021-12-12,Allegheny,Pennsylvania,42003,159011,2574.0,1216045.0
2021-12-13,Allegheny,Pennsylvania,42003,159390,2574.0,1216045.0
2021-12-14,Allegheny,Pennsylvania,42003,160084,2583.0,1216045.0
2021-12-15,Allegheny,Pennsylvania,42003,160659,2612.0,1216045.0
2021-12-16,Allegheny,Pennsylvania,42003,161085,2620.0,1216045.0
2021-12-17,Allegheny,Pennsylvania,42003,161862,2629.0,1216045.0
2021-12-18,Allegheny,Pennsylvania,42003,162514,2643.0,1216045.0
2021-12-19,Allegheny,Pennsylvania,42003,163022,2646.0,1216045.0
2021-12-20,Allegheny,Pennsylvania,42003,163457,2648.0,1216045.0
2021-12-21,Allegheny,Pennsylvania,42003,164271,2665.0,1216045.0
2021-12-22,Allegheny,Pennsylvania,42003,164715,2674.0,1216045.0
2021-12-23,Allegheny,Pennsylvania,42003,165659,2688.0,1216045.0
2021-12-24,Allegheny,Pennsylvania,42003,167244,2691.0,1216045.0
2021-12-25,Allegheny,Pennsylvania,42003,168486,2691.0,1216045.0
2021-12-26,Allegheny,Pennsylvania,42003,169372,2691.0,1216045.0
2021-12-27,Allegheny,Pennsylvania,42003,169781,2691.0,1216045.0
2021-12-28,Allegheny,Pennsylvania,42003,170435,2698.0,1216045.0
2021-12-29,Allegheny,Pennsylvania,42003,172136,2715.0,1216045.0
2021-12-30,Allegheny,Pennsylvania,42003,174116,2724.0,1216045.0
2021-12-31,Allegheny,Pennsylvania,42003,176336,2725.0,1216045.0
2022-01-01,Allegheny,Pennsylvania,42003,179776,2725.0,1216045.0
2022-01-02,Allegheny,Pennsylvania,42003,181874,2725.0,1216045.0
2022-01-03,Allegheny,Pennsylvania,42003,184573,2727.0,1216045.0
2022-01-04,Allegheny,Pennsylvania,42003,186760,2739.0,1216045.0
2022-01-05,Allegheny,Pennsylvania,42003,190152,2750.0,1216045.0
2022-01-06,Allegheny,Pennsylvania,42003,194789,2767.0,1216045.0
2022-01-07,Allegheny,Pennsylvania,42003,198751,2777.0,1216045.0
2022-01-08,Allegheny,Pennsylvania,42003,202490,2784.0,1216045.0
2022-01-09,Allegheny,Pennsylvania,42003,205696,2786.0,1216045.0
2022-01-10,Allegheny,Pennsylvania,42003,208603,2787.0,1216045.0
2022-01-11,Allegheny,Pennsylvania,42003,210625,2799.0,1216045.0
2022-01-12,Allegheny,Pennsylvania,42003,214887,2809.0,1216045.0
2022-01-13,Allegheny,Pennsylvania,42003,218117,2815.0,1216045.0
2022-01-14,Allegheny,Pennsylvania,42003,221273,2831.0,1216045.0
2022-01-15,Allegheny,Pennsylvania,42003,224385,2842.0,1216045.0
2022-01-16,Allegheny,Pennsylvania,42003,228362,2842.0,1216045.0
2022-01-17,Allegheny,Pennsylvania,42003,230108,2842.0,1216045.0
2022-01-18,Allegheny,Pennsylvania,42003,231810,2843.0,1216045.0
2022-01-19,Allegheny,Pennsylvania,42003,233419,2848.0,1216045.0
2022-01-20,Allegheny,Pennsylvania,42003,235185,2864.0,1216045.0
2022-01-21,Allegheny,Pennsylvania,42003,237334,2885.0,1216045.0
2022-01-22,Allegheny,Pennsylvania,42003,239215,2901.0,1216045.0
2022-01-23,Allegheny,Pennsylvania,42003,240260,2904.0,1216045.0
2022-01-24,Allegheny,Pennsylvania,42003,241621,2905.0,1216045.0
2022-01-25,Allegheny,Pennsylvania,42003,242555,2921.0,1216045.0
2022-01-26,Allegheny,Pennsylvania,42003,243543,2933.0,1216045.0
2022-01-27,Allegheny,Pennsylvania,42003,245213,2954.0,1216045.0
2022-01-28,Allegheny,Pennsylvania,42003,246575,2965.0,1216045.0
2022-01-29,Allegheny,Pennsylvania,42003,250058,2975.0,1216045.0
2022-01-30,Allegheny,Pennsylvania,42003,250741,2976.0,1216045.0
2022-01-31,Allegheny,Pennsylvania,42003,251318,2979.0,1216045.0
2022-02-01,Allegheny,Pennsylvania,42003,251815,3004.0,1216045.0
2022-02-02,Allegheny,Pennsylvania,42003,252496,3019.0,1216045.0
2022-02-03,Allegheny,Pennsylvania,42003,253226,3031.0,1216045.0
2022-02-04,Allegheny,Pennsylvania,42003,253888,3043.0,1216045.0
2022-02-05,Allegheny,Pennsylvania,42003,254604,3057.0,1216045.0
2022-02-06,Allegheny,Pennsylvania,42003,254874,3059.0,1216045.0
2022-02-07,Allegheny,Pennsylvania,42003,255574,3063.0,1216045.0
2022-02-08,Allegheny,Pennsylvania,42003,255232,3083.0,1216045.0
2022-02-09,Allegheny,Pennsylvania,42003,255702,3091.0,1216045.0
2022-02-10,Allegheny,Pennsylvania,42003,256178,3098.0,1216045.0
2022-02-11,Allegheny,Pennsylvania,42003,256562,3105.0,1216045.0
2022-02-12,Allegheny,Pennsylvania,42003,257052,3112.0,1216045.0
2022-02-13,Allegheny,Pennsylvania,42003,257293,3112.0,1216045.0
2022-02-14,Allegheny,Pennsylvania,42003,257594,3117.0,1216045.0
2022-02-15,Allegheny,Pennsylvania,42003,257812,3126.0,1216045.0
2022-02-16,Allegheny,Pennsylvania,42003,258008,3136.0,1216045.0
2022-02-17,Allegheny,Pennsylvania,42003,258378,3140.0,1216045.0
2022-02-18,Allegheny,Pennsylvania,42003,258731,3143.0,1216045.0
2022-02-19,Allegheny,Pennsylvania,42003,259206,3143.0,1216045.0
2022-02-20,Allegheny,Pennsylvania,42003,259348,3156.0,1216045.0
2022-02-21,Allegheny,Pennsylvania,42003,259348,3156.0,1216045.0
2022-02-22,Allegheny,Pennsylvania,42003,259678,3156.0,1216045.0
2022-02-23,Allegheny,Pennsylvania,42003,259837,3175.0,1216045.0
2022-02-24,Allegheny,Pennsylvania,42003,260022,3186.0,1216045.0
2022-02-25,Allegheny,Pennsylvania,42003,260180,3191.0,1216045.0
2022-02-26,Allegheny,Pennsylvania,42003,260530,3198.0,1216045.0
2022-02-27,Allegheny,Pennsylvania,42003,260642,3200.0,1216045.0
2022-02-28,Allegheny,Pennsylvania,42003,260712,3200.0,1216045.0
2022-03-01,Allegheny,Pennsylvania,42003,260868,3210.0,1216045.0
2022-03-02,Allegheny,Pennsylvania,42003,260980,3217.0,1216045.0
2022-03-03,Allegheny,Pennsylvania,42003,261102,3220.0,1216045.0
2022-03-04,Allegheny,Pennsylvania,42003,261220,3222.0,1216045.0
2022-03-05,Allegheny,Pennsylvania,42003,261326,3222.0,1216045.0
2022-03-06,Allegheny,Pennsylvania,42003,261395,3233.0,1216045.0
2022-03-07,Allegheny,Pennsylvania,42003,261495,3233.0,1216045.0
2022-03-08,Allegheny,Pennsylvania,42003,261591,3242.0,1216045.0
2022-03-09,Allegheny,Pennsylvania,42003,261659,3243.0,1216045.0
2022-03-10,Allegheny,Pennsylvania,42003,261789,3244.0,1216045.0
2022-03-11,Allegheny,Pennsylvania,42003,261882,3253.0,1216045.0
2022-03-12,Allegheny,Pennsylvania,42003,261957,3258.0,1216045.0
2022-03-13,Allegheny,Pennsylvania,42003,262010,3259.0,1216045.0
2022-03-14,Allegheny,Pennsylvania,42003,262042,3260.0,1216045.0
2022-03-15,Allegheny,Pennsylvania,42003,262125,3262.0,1216045.0
2022-03-16,Allegheny,Pennsylvania,42003,262172,3263.0,1216045.0
2022-03-17,Allegheny,Pennsylvania,42003,262233,3263.0,1216045.0
2022-03-18,Allegheny,Pennsylvania,42003,262340,3264.0,1216045.0
2022-03-19,Allegheny,Pennsylvania,42003,262410,3264.0,1216045.0
2022-03-20,Allegheny,Pennsylvania,42003,262456,3268.0,1216045.0
2022-03-21,Allegheny,Pennsylvania,42003,262514,3268.0,1216045.0
2022-03-22,Allegheny,Pennsylvania,42003,262556,3272.0,1216045.0
2022-03-23,Allegheny,Pennsylvania,42003,262636,3275.0,1216045.0
2022-03-24,Allegheny,Pennsylvania,42003,262741,3278.0,1216045.0
2022-03-25,Allegheny,Pennsylvania,42003,262805,3280.0,1216045.0
2022-03-26,Allegheny,Pennsylvania,42003,262894,3280.0,1216045.0
2022-03-27,Allegheny,Pennsylvania,42003,262939,3280.0,1216045.0
2022-03-28,Allegheny,Pennsylvania,42003,262969,3280.0,1216045.0
2022-03-29,Allegheny,Pennsylvania,42003,263027,3282.0,1216045.0
2022-03-30,Allegheny,Pennsylvania,42003,263085,3285.0,1216045.0
2022-03-31,Allegheny,Pennsylvania,42003,263142,3286.0,1216045.0
2022-04-01,Allegheny,Pennsylvania,42003,263209,3288.0,1216045.0
2022-04-02,Allegheny,Pennsylvania,42003,263300,3289.0,1216045.0
2022-04-03,Allegheny,Pennsylvania,42003,263300,3289.0,1216045.0
2022-04-04,Allegheny,Pennsylvania,42003,263368,3289.0,1216045.0
2022-04-05,Allegheny,Pennsylvania,42003,263437,3292.0,1216045.0
2022-04-06,Allegheny,Pennsylvania,42003,263496,3294.0,1216045.0
2022-04-07,Allegheny,Pennsylvania,42003,263617,3294.0,1216045.0
2022-04-08,Allegheny,Pennsylvania,42003,263773,3294.0,1216045.0
2022-04-09,Allegheny,Pennsylvania,42003,263899,3294.0,1216045.0
2022-04-10,Allegheny,Pennsylvania,42003,263964,3294.0,1216045.0
2022-04-11,Allegheny,Pennsylvania,42003,264031,3294.0,1216045.0
2022-04-12,Allegheny,Pennsylvania,42003,264143,3295.0,1216045.0
2022-04-13,Allegheny,Pennsylvania,42003,264349,3294.0,1216045.0
2022-04-14,Allegheny,Pennsylvania,42003,264521,3299.0,1216045.0
2022-04-15,Allegheny,Pennsylvania,42003,264711,3301.0,1216045.0
2022-04-16,Allegheny,Pennsylvania,42003,264941,3302.0,1216045.0
2022-04-17,Allegheny,Pennsylvania,42003,265036,3302.0,1216045.0
2022-04-18,Allegheny,Pennsylvania,42003,265167,3302.0,1216045.0
2022-04-19,Allegheny,Pennsylvania,42003,265302,3309.0,1216045.0
2022-04-20,Allegheny,Pennsylvania,42003,265536,3310.0,1216045.0
2022-04-21,Allegheny,Pennsylvania,42003,265744,3310.0,1216045.0
2022-04-22,Allegheny,Pennsylvania,42003,265968,3311.0,1216045.0
2022-04-23,Allegheny,Pennsylvania,42003,266239,3311.0,1216045.0
2022-04-24,Allegheny,Pennsylvania,42003,266379,3311.0,1216045.0
2022-04-25,Allegheny,Pennsylvania,42003,266523,3311.0,1216045.0
2022-04-26,Allegheny,Pennsylvania,42003,266679,3312.0,1216045.0
2022-04-27,Allegheny,Pennsylvania,42003,267012,3312.0,1216045.0
2022-04-28,Allegheny,Pennsylvania,42003,267326,3314.0,1216045.0
2022-04-29,Allegheny,Pennsylvania,42003,267593,3316.0,1216045.0
2022-04-30,Allegheny,Pennsylvania,42003,267841,3316.0,1216045.0
2021-12-01,Chester,Pennsylvania,42029,55670,906.0,524989.0
2021-12-02,Chester,Pennsylvania,42029,55993,909.0,524989.0
2021-12-03,Chester,Pennsylvania,42029,56266,910.0,524989.0
2021-12-04,Chester,Pennsylvania,42029,56515,912.0,524989.0
2021-12-05,Chester,Pennsylvania,42029,56677,913.0,524989.0
2021-12-06,Chester,Pennsylvania,42029,56761,914.0,524989.0
2021-12-07,Chester,Pennsylvania,42029,56993,915.0,524989.0
2021-12-08,Chester,Pennsylvania,42029,57225,916.0,524989.0
2021-12-09,Chester,Pennsylvania,42029,57459,916.0,524989.0
2021-12-10,Chester,Pennsylvania,42029,57893,916.0,524989.0
2021-12-11,Chester,Pennsylvania,42029,58320,918.0,524989.0
2021-12-12,Chester,Pennsylvania,42029,58556,920.0,524989.0
2021-12-13,Chester,Pennsylvania,42029,58779,920.0,524989.0
2021-12-14,Chester,Pennsylvania,42029,59056,923.0,524989.0
2021-12-15,Chester,Pennsylvania,42029,59384,927.0,524989.0
2021-12-16,Chester,Pennsylvania,42029,59688,929.0,524989.0
2021-12-17,Chester,Pennsylvania,42029,60010,930.0,524989.0
2021-12-18,Chester,Pennsylvania,42029,60414,934.0,524989.0
2021-12-19,Chester,Pennsylvania,42029,60720,937.0,524989.0
2021-12-20,Chester,Pennsylvania,42029,60935,937.0,524989.0
2021-12-21,Chester,Pennsylvania,42029,61255,937.0,524989.0
2021-12-22,Chester,Pennsylvania,42029,61651,938.0,524989.0
2021-12-23,Chester,Pennsylvania,42029,62064,944.0,524989.0
2021-12-24,Chester,Pennsylvania,42029,62638,948.0,524989.0
2021-12-25,Chester,Pennsylvania,42029,63050,948.0,524989.0
2021-12-26,Chester,Pennsylvania,42029,63518,948.0,524989.0
2021-12-27,Chester,Pennsylvania,42029,63789,948.0,524989.0
2021-12-28,Chester,Pennsylvania,42029,64499,954.0,524989.0
2021-12-29,Chester,Pennsylvania,42029,65162,958.0,524989.0
2021-12-30,Chester,Pennsylvania,42029,65963,962.0,524989.0
2021-12-31,Chester,Pennsylvania,42029,66965,967.0,524989.0
2022-01-01,Chester,Pennsylvania,42029,67755,967.0,524989.0
2022-01-02,Chester,Pennsylvania,42029,68556,967.0,524989.0
2022-01-03,Chester,Pennsylvania,42029,69335,970.0,524989.0
2022-01-04,Chester,Pennsylvania,42029,70090,974.0,524989.0
2022-01-05,Chester,Pennsylvania,42029,71223,976.0,524989.0
2022-01-06,Chester,Pennsylvania,42029,72122,983.0,524989.0
2022-01-07,Chester,Pennsylvania,42029,73168,990.0,524989.0
2022-01-08,Chester,Pennsylvania,42029,74137,993.0,524989.0
2022-01-09,Chester,Pennsylvania,42029,75216,993.0,524989.0
2022-01-10,Chester,Pennsylvania,42029,76043,993.0,524989.0
2022-01-11,Chester,Pennsylvania,42029,76863,998.0,524989.0
2022-01-12,Chester,Pennsylvania,42029,77666,1003.0,524989.0
2022-01-13,Chester,Pennsylvania,42029,78535,1007.0,524989.0
2022-01-14,Chester,Pennsylvania,42029,79292,1010.0,524989.0
2022-01-15,Chester,Pennsylvania,42029,80208,1020.0,524989.0
2022-01-16,Chester,Pennsylvania,42029,81471,1020.0,524989.0
2022-01-17,Chester,Pennsylvania,42029,82080,1020.0,524989.0
2022-01-18,Chester,Pennsylvania,42029,82556,1020.0,524989.0
2022-01-19,Chester,Pennsylvania,42029,83005,1024.0,524989.0
2022-01-20,Chester,Pennsylvania,42029,83698,1028.0,524989.0
2022-01-21,Chester,Pennsylvania,42029,84183,1032.0,524989.0
2022-01-22,Chester,Pennsylvania,42029,84628,1035.0,524989.0
2022-01-23,Chester,Pennsylvania,42029,85030,1035.0,524989.0
2022-01-24,Chester,Pennsylvania,42029,85307,1035.0,524989.0
2022-01-25,Chester,Pennsylvania,42029,85615,1037.0,524989.0
2022-01-26,Chester,Pennsylvania,42029,85999,1038.0,524989.0
2022-01-27,Chester,Pennsylvania,42029,86490,1053.0,524989.0
2022-01-28,Chester,Pennsylvania,42029,86923,1054.0,524989.0
2022-01-29,Chester,Pennsylvania,42029,87147,1057.0,524989.0
2022-01-30,Chester,Pennsylvania,42029,87343,1058.0,524989.0
2022-01-31,Chester,Pennsylvania,42029,87448,1058.0,524989.0
2022-02-01,Chester,Pennsylvania,42029,87658,1070.0,524989.0
2022-02-02,Chester,Pennsylvania,42029,87863,1073.0,524989.0
2022-02-03,Chester,Pennsylvania,42029,88057,1076.0,524989.0
2022-02-04,Chester,Pennsylvania,42029,88232,1079.0,524989.0
2022-02-05,Chester,Pennsylvania,42029,88534,1083.0,524989.0
2022-02-06,Chester,Pennsylvania,42029,88623,1083.0,524989.0
2022-02-07,Chester,Pennsylvania,42029,89034,1083.0,524989.0
2022-02-08,Chester,Pennsylvania,42029,88661,1087.0,524989.0
2022-02-09,Chester,Pennsylvania,42029,88764,1090.0,524989.0
2022-02-10,Chester,Pennsylvania,42029,88909,1094.0,524989.0
2022-02-11,Chester,Pennsylvania,42029,89022,1096.0,524989.0
2022-02-12,Chester,Pennsylvania,42029,89152,1097.0,524989.0
2022-02-13,Chester,Pennsylvania,42029,89213,1097.0,524989.0
2022-02-14,Chester,Pennsylvania,42029,89276,1098.0,524989.0
2022-02-15,Chester,Pennsylvania,42029,89366,1101.0,524989.0
2022-02-16,Chester,Pennsylvania,42029,89517,1102.0,524989.0
2022-02-17,Chester,Pennsylvania,42029,89819,1102.0,524989.0
2022-02-18,Chester,Pennsylvania,42029,89907,1102.0,524989.0
2022-02-19,Chester,Pennsylvania,42029,90104,1102.0,524989.0
2022-02-20,Chester,Pennsylvania,42029,90156,1105.0,524989.0
2022-02-21,Chester,Pennsylvania,42029,90156,1105.0,524989.0
2022-02-22,Chester,Pennsylvania,42029,90237,1105.0,524989.0
2022-02-23,Chester,Pennsylvania,42029,90261,1109.0,524989.0
2022-02-24,Chester,Pennsylvania,42029,90329,1109.0,524989.0
2022-02-25,Chester,Pennsylvania,42029,90389,1111.0,524989.0
2022-02-26,Chester,Pennsylvania,42029,90517,1112.0,524989.0
2022-02-27,Chester,Pennsylvania,42029,90547,1112.0,524989.0
2022-02-28,Chester,Pennsylvania,42029,90567,1112.0,524989.0
2022-03-01,Chester,Pennsylvania,42029,90583,1113.0,524989.0
2022-03-02,Chester,Pennsylvania,42029,90606,1114.0,524989.0
2022-03-03,Chester,Pennsylvania,42029,90651,1118.0,524989.0
2022-03-04,Chester,Pennsylvania,42029,90674,1120.0,524989.0
2022-03-05,Chester,Pennsylvania,42029,90715,1120.0,524989.0
2022-03-06,Chester,Pennsylvania,42029,90741,1122.0,524989.0
2022-03-07,Chester,Pennsylvania,42029,90773,1122.0,524989.0
2022-03-08,Chester,Pennsylvania,42029,90850,1124.0,524989.0
2022-03-09,Chester,Pennsylvania,42029,90881,1125.0,524989.0
2022-03-10,Chester,Pennsylvania,42029,90913,1126.0,524989.0
2022-03-11,Chester,Pennsylvania,42029,90946,1129.0,524989.0
2022-03-12,Chester,Pennsylvania,42029,90979,1129.0,524989.0
2022-03-13,Chester,Pennsylvania,42029,90992,1129.0,524989.0
2022-03-14,Chester,Pennsylvania,42029,91002,1129.0,524989.0
2022-03-15,Chester,Pennsylvania,42029,91034,1130.0,524989.0
2022-03-16,Chester,Pennsylvania,42029,91061,1132.0,524989.0
2022-03-17,Chester,Pennsylvania,42029,91078,1132.0,524989.0
2022-03-18,Chester,Pennsylvania,42029,91100,1132.0,524989.0
2022-03-19,Chester,Pennsylvania,42029,91136,1132.0,524989.0
2022-03-20,Chester,Pennsylvania,42029,91149,1132.0,524989.0
2022-03-21,Chester,Pennsylvania,42029,91172,1132.0,524989.0
2022-03-22,Chester,Pennsylvania,42029,91193,1132.0,524989.0
2022-03-23,Chester,Pennsylvania,42029,91216,1133.0,524989.0
2022-03-24,Chester,Pennsylvania,42029,91263,1134.0,524989.0
2022-03-25,Chester,Pennsylvania,42029,91305,1135.0,524989.0
2022-03-26,Chester,Pennsylvania,42029,91338,1135.0,524989.0
2022-03-27,Chester,Pennsylvania,42029,91357,1135.0,524989.0
2022-03-28,Chester,Pennsylvania,42029,91382,1135.0,524989.0
2022-03-29,Chester,Pennsylvania,42029,91414,1139.0,524989.0
2022-03-30,Chester,Pennsylvania,42029,91460,1139.0,524989.0
2022-03-31,Chester,Pennsylvania,42029,91485,1139.0,524989.0
2022-04-01,Chester,Pennsylvania,42029,91520,1140.0,524989.0
2022-04-02,Chester,Pennsylvania,42029,91562,1140.0,524989.0
2022-04-03,Chester,Pennsylvania,42029,91562,1140.0,524989.0
2022-04-04,Chester,Pennsylvania,42029,91619,1140.0,524989.0
2022-04-05,Chester,Pennsylvania,42029,91659,1140.0,524989.0
2022-04-06,Chester,Pennsylvania,42029,91701,1140.0,524989.0
2022-04-07,Chester,Pennsylvania,42029,91756,1141.0,524989.0
2022-04-08,Chester,Pennsylvania,42029,91820,1142.0,524989.0
2022-04-09,Chester,Pennsylvania,42029,91895,1143.0,524989.0
2022-04-10,Chester,Pennsylvania,42029,91940,1143.0,524989.0
2022-04-11,Chester,Pennsylvania,42029,91981,1144.0,524989.0
2022-04-12,Chester,Pennsylvania,42029,92032,1144.0,524989.0
2022-04-13,Chester,Pennsylvania,42029,92080,1144.0,524989.0
2022-04-14,Chester,Pennsylvania,42029,92175,1145.0,524989.0
2022-04-15,Chester,Pennsylvania,42029,92260,1145.0,524989.0
2022-04-16,Chester,Pennsylvania,42029,92349,1145.0,524989.0
2022-04-17,Chester,Pennsylvania,42029,92417,1145.0,524989.0
2022-04-18,Chester,Pennsylvania,42029,92470,1145.0,524989.0
2022-04-19,Chester,Pennsylvania,42029,92529,1148.0,524989.0
2022-04-20,Chester,Pennsylvania,42029,92609,1148.0,524989.0
2022-04-21,Chester,Pennsylvania,42029,92717,1150.0,524989.0
2022-04-22,Chester,Pennsylvania,42029,92809,1150.0,524989.0
2022-04-23,Chester,Pennsylvania,42029,92896,1151.0,524989.0
2022-04-24,Chester,Pennsylvania,42029,92956,1151.0,524989.0
2022-04-25,Chester,Pennsylvania,42029,93022,1151.0,524989.0
2022-04-26,Chester,Pennsylvania,42029,93095,1151.0,524989.0
2022-04-27,Chester,Pennsylvania,42029,93213,1152.0,524989.0
2022-04-28,Chester,Pennsylvania,42029,93323,1153.0,524989.0
2022-04-29,Chester,Pennsylvania,42029,93438,1153.0,524989.0
2022-04-30,Chester,Pennsylvania,42029,93560,1153.0,524989.0
2021-12-01,Dauphin,Pennsylvania,42043,38271,694.0,278299.0
2021-12-02,Dauphin,Pennsylvania,42043,38443,698.0,278299.0
2021-12-03,Dauphin,Pennsylvania,42043,38598,700.0,278299.0
2021-12-04,Dauphin,Pennsylvania,42043,38756,706.0,278299.0
2021-12-05,Dauphin,Pennsylvania,42043,38871,707.0,278299.0
2021-12-06,Dauphin,Pennsylvania,42043,38950,707.0,278299.0
2021-12-07,Dauphin,Pennsylvania,42043,39125,710.0,278299.0
2021-12-08,Dauphin,Pennsylvania,42043,39266,711.0,278299.0
2021-12-09,Dauphin,Pennsylvania,42043,39403,712.0,278299.0
2021-12-10,Dauphin,Pennsylvania,42043,39635,716.0,278299.0
2021-12-11,Dauphin,Pennsylvania,42043,39890,721.0,278299.0
2021-12-12,Dauphin,Pennsylvania,42043,40031,721.0,278299.0
2021-12-13,Dauphin,Pennsylvania,42043,40166,721.0,278299.0
2021-12-14,Dauphin,Pennsylvania,42043,40332,724.0,278299.0
2021-12-15,Dauphin,Pennsylvania,42043,40478,726.0,278299.0
2021-12-16,Dauphin,Pennsylvania,42043,40645,727.0,278299.0
2021-12-17,Dauphin,Pennsylvania,42043,40798,731.0,278299.0
2021-12-18,Dauphin,Pennsylvania,42043,40982,738.0,278299.0
2021-12-19,Dauphin,Pennsylvania,42043,41154,738.0,278299.0
2021-12-20,Dauphin,Pennsylvania,42043,41236,739.0,278299.0
2021-12-21,Dauphin,Pennsylvania,42043,41427,739.0,278299.0
2021-12-22,Dauphin,Pennsylvania,42043,41579,743.0,278299.0
2021-12-23,Dauphin,Pennsylvania,42043,41756,744.0,278299.0
2021-12-24,Dauphin,Pennsylvania,42043,41975,745.0,278299.0
2021-12-25,Dauphin,Pennsylvania,42043,42144,745.0,278299.0
2021-12-26,Dauphin,Pennsylvania,42043,42237,745.0,278299.0
2021-12-27,Dauphin,Pennsylvania,42043,42332,745.0,278299.0
2021-12-28,Dauphin,Pennsylvania,42043,42751,747.0,278299.0
2021-12-29,Dauphin,Pennsylvania,42043,42991,754.0,278299.0
2021-12-30,Dauphin,Pennsylvania,42043,43415,756.0,278299.0
2021-12-31,Dauphin,Pennsylvania,42043,43920,758.0,278299.0
2022-01-01,Dauphin,Pennsylvania,42043,44362,758.0,278299.0
2022-01-02,Dauphin,Pennsylvania,42043,44721,758.0,278299.0
2022-01-03,Dauphin,Pennsylvania,42043,45084,762.0,278299.0
2022-01-04,Dauphin,Pennsylvania,42043,45633,766.0,278299.0
2022-01-05,Dauphin,Pennsylvania,42043,46186,772.0,278299.0
2022-01-06,Dauphin,Pennsylvania,42043,46790,776.0,278299.0
2022-01-07,Dauphin,Pennsylvania,42043,47350,780.0,278299.0
2022-01-08,Dauphin,Pennsylvania,42043,48019,782.0,278299.0
2022-01-09,Dauphin,Pennsylvania,42043,48629,783.0,278299.0
2022-01-10,Dauphin,Pennsylvania,42043,49125,784.0,278299.0
2022-01-11,Dauphin,Pennsylvania,42043,49757,786.0,278299.0
2022-01-12,Dauphin,Pennsylvania,42043,50236,791.0,278299.0
2022-01-13,Dauphin,Pennsylvania,42043,50725,798.0,278299.0
2022-01-14,Dauphin,Pennsylvania,42043,51399,804.0,278299.0
2022-01-15,Dauphin,Pennsylvania,42043,51825,809.0,278299.0
2022-01-16,Dauphin,Pennsylvania,42043,52472,811.0,278299.0
2022-01-17,Dauphin,Pennsylvania,42043,52768,811.0,278299.0
2022-01-18,Dauphin,Pennsylvania,42043,53200,812.0,278299.0
2022-01-19,Dauphin,Pennsylvania,42043,53531,815.0,278299.0
2022-01-20,Dauphin,Pennsylvania,42043,53936,824.0,278299.0
2022-01-21,Dauphin,Pennsylvania,42043,54304,830.0,278299.0
2022-01-22,Dauphin,Pennsylvania,42043,54687,834.0,278299.0
2022-01-23,Dauphin,Pennsylvania,42043,54925,837.0,278299.0
2022-01-24,Dauphin,Pennsylvania,42043,55111,837.0,278299.0
2022-01-25,Dauphin,Pennsylvania,42043,55392,840.0,278299.0
2022-01-26,Dauphin,Pennsylvania,42043,55720,844.0,278299.0
2022-01-27,Dauphin,Pennsylvania,42043,56038,855.0,278299.0
2022-01-28,Dauphin,Pennsylvania,42043,56327,857.0,278299.0
2022-01-29,Dauphin,Pennsylvania,42043,56500,863.0,278299.0
2022-01-30,Dauphin,Pennsylvania,42043,56645,863.0,278299.0
2022-01-31,Dauphin,Pennsylvania,42043,56744,863.0,278299.0
2022-02-01,Dauphin,Pennsylvania,42043,56958,867.0,278299.0
2022-02-02,Dauphin,Pennsylvania,42043,57092,870.0,278299.0
2022-02-03,Dauphin,Pennsylvania,42043,57256,872.0,278299.0
2022-02-04,Dauphin,Pennsylvania,42043,57366,875.0,278299.0
2022-02-05,Dauphin,Pennsylvania,42043,57546,881.0,278299.0
2022-02-06,Dauphin,Pennsylvania,42043,57605,881.0,278299.0
2022-02-07,Dauphin,Pennsylvania,42043,57771,882.0,278299.0
2022-02-08,Dauphin,Pennsylvania,42043,57711,886.0,278299.0
2022-02-09,Dauphin,Pennsylvania,42043,57770,889.0,278299.0
2022-02-10,Dauphin,Pennsylvania,42043,57853,893.0,278299.0
2022-02-11,Dauphin,Pennsylvania,42043,57937,899.0,278299.0
2022-02-12,Dauphin,Pennsylvania,42043,58070,899.0,278299.0
2022-02-13,Dauphin,Pennsylvania,42043,58103,899.0,278299.0
2022-02-14,Dauphin,Pennsylvania,42043,58143,900.0,278299.0
2022-02-15,Dauphin,Pennsylvania,42043,58199,905.0,278299.0
2022-02-16,Dauphin,Pennsylvania,42043,58263,906.0,278299.0
2022-02-17,Dauphin,Pennsylvania,42043,58313,912.0,278299.0
2022-02-18,Dauphin,Pennsylvania,42043,58359,916.0,278299.0
2022-02-19,Dauphin,Pennsylvania,42043,58414,916.0,278299.0
2022-02-20,Dauphin,Pennsylvania,42043,58440,917.0,278299.0
2022-02-21,Dauphin,Pennsylvania,42043,58440,917.0,278299.0
2022-02-22,Dauphin,Pennsylvania,42043,58490,917.0,278299.0
2022-02-23,Dauphin,Pennsylvania,42043,58524,920.0,278299.0
2022-02-24,Dauphin,Pennsylvania,42043,58564,921.0,278299.0
2022-02-25,Dauphin,Pennsylvania,42043,58600,928.0,278299.0
2022-02-26,Dauphin,Pennsylvania,42043,58637,931.0,278299.0
2022-02-27,Dauphin,Pennsylvania,42043,58652,931.0,278299.0
2022-02-28,Dauphin,Pennsylvania,42043,58659,931.0,278299.0
2022-03-01,Dauphin,Pennsylvania,42043,58689,933.0,278299.0
2022-03-02,Dauphin,Pennsylvania,42043,58713,935.0,278299.0
2022-03-03,Dauphin,Pennsylvania,42043,58745,935.0,278299.0
2022-03-04,Dauphin,Pennsylvania,42043,58767,936.0,278299.0
2022-03-05,Dauphin,Pennsylvania,42043,58782,936.0,278299.0
2022-03-06,Dauphin,Pennsylvania,42043,58793,937.0,278299.0
2022-03-07,Dauphin,Pennsylvania,42043,58803,937.0,278299.0
2022-03-08,Dauphin,Pennsylvania,42043,58821,939.0,278299.0
2022-03-09,Dauphin,Pennsylvania,42043,58832,939.0,278299.0
2022-03-10,Dauphin,Pennsylvania,42043,58846,941.0,278299.0
2022-03-11,Dauphin,Pennsylvania,42043,58865,943.0,278299.0
2022-03-12,Dauphin,Pennsylvania,42043,58887,944.0,278299.0
2022-03-13,Dauphin,Pennsylvania,42043,58889,945.0,278299.0
2022-03-14,Dauphin,Pennsylvania,42043,58893,945.0,278299.0
2022-03-15,Dauphin,Pennsylvania,42043,58907,947.0,278299.0
2022-03-16,Dauphin,Pennsylvania,42043,58913,948.0,278299.0
2022-03-17,Dauphin,Pennsylvania,42043,58920,948.0,278299.0
2022-03-18,Dauphin,Pennsylvania,42043,58925,951.0,278299.0
2022-03-19,Dauphin,Pennsylvania,42043,58930,951.0,278299.0
2022-03-20,Dauphin,Pennsylvania,42043,58934,952.0,278299.0
2022-03-21,Dauphin,Pennsylvania,42043,58937,952.0,278299.0
2022-03-22,Dauphin,Pennsylvania,42043,58940,952.0,278299.0
2022-03-23,Dauphin,Pennsylvania,42043,58948,952.0,278299.0
2022-03-24,Dauphin,Pennsylvania,42043,58957,954.0,278299.0
2022-03-25,Dauphin,Pennsylvania,42043,58963,954.0,278299.0
2022-03-26,Dauphin,Pennsylvania,42043,58970,954.0,278299.0
2022-03-27,Dauphin,Pennsylvania,42043,58975,954.0,278299.0
2022-03-28,Dauphin,Pennsylvania,42043,58979,954.0,278299.0
2022-03-29,Dauphin,Pennsylvania,42043,58988,954.0,278299.0
2022-03-30,Dauphin,Pennsylvania,42043,58994,957.0,278299.0
2022-03-31,Dauphin,Pennsylvania,42043,58999,957.0,278299.0
2022-04-01,Dauphin,Pennsylvania,42043,59007,957.0,278299.0
2022-04-02,Dauphin,Pennsylvania,42043,59010,957.0,278299.0
2022-04-03,Dauphin,Pennsylvania,42043,59010,957.0,278299.0
2022-04-04,Dauphin,Pennsylvania,42043,59024,957.0,278299.0
2022-04-05,Dauphin,Pennsylvania,42043,59032,958.0,278299.0
2022-04-06,Dauphin,Pennsylvania,42043,59039,958.0,278299.0
2022-04-07,Dauphin,Pennsylvania,42043,59048,959.0,278299.0
2022-04-08,Dauphin,Pennsylvania,42043,59051,959.0,278299.0
2022-04-09,Dauphin,Pennsylvania,42043,59062,960.0,278299.0
2022-04-10,Dauphin,Pennsylvania,42043,59066,960.0,278299.0
2022-04-11,Dauphin,Pennsylvania,42043,59070,960.0,278299.0
2022-04-12,Dauphin,Pennsylvania,42043,59078,960.0,278299.0
2022-04-13,Dauphin,Pennsylvania,42043,59095,960.0,278299.0
2022-04-14,Dauphin,Pennsylvania,42043,59106,960.0,278299.0
2022-04-15,Dauphin,Pennsylvania,42043,59119,960.0,278299.0
2022-04-16,Dauphin,Pennsylvania,42043,59136,960.0,278299.0
2022-04-17,Dauphin,Pennsylvania,42043,59145,960.0,278299.0
2022-04-18,Dauphin,Pennsylvania,42043,59151,960.0,278299.0
2022-04-19,Dauphin,Pennsylvania,42043,59164,961.0,278299.0
2022-04-20,Dauphin,Pennsylvania,42043,59178,961.0,278299.0
2022-04-21,Dauphin,Pennsylvania,42043,59187,961.0,278299.0
2022-04-22,Dauphin,Pennsylvania,42043,59203,961.0,278299.0
2022-04-23,Dauphin,Pennsylvania,42043,59218,961.0,278299.0
2022-04-24,Dauphin,Pennsylvania,42043,59229,962.0,278299.0
2022-04-25,Dauphin,Pennsylvania,42043,59242,962.0,278299.0
2022-04-26,Dauphin,Pennsylvania,42043,59262,962.0,278299.0
2022-04-27,Dauphin,Pennsylvania,42043,59275,962.0,278299.0
2022-04-28,Dauphin,Pennsylvania,42043,59310,963.0,278299.0
2022-04-29,Dauphin,Pennsylvania,42043,59351,963.0,278299.0
2022-04-30,Dauphin,Pennsylvania,42043,59397,964.0,278299.0
2021-12-01,Lehigh,Pennsylvania,42077,53173,963.0,369318.0
2021-12-02,Lehigh,Pennsylvania,42077,53487,967.0,369318.0
2021-12-03,Lehigh,Pennsylvania,42077,53771,968.0,369318.0
2021-12-04,Lehigh,Pennsylvania,42077,54159,971.0,369318.0
2021-12-05,Lehigh,Pennsylvania,42077,54391,972.0,369318.0
2021-12-06,Lehigh,Pennsylvania,42077,54625,976.0,369318.0
2021-12-07,Lehigh,Pennsylvania,42077,54835,981.0,369318.0
2021-12-08,Lehigh,Pennsylvania,42077,55038,982.0,369318.0
2021-12-09,Lehigh,Pennsylvania,42077,55238,982.0,369318.0
2021-12-10,Lehigh,Pennsylvania,42077,55725,985.0,369318.0
2021-12-11,Lehigh,Pennsylvania,42077,56202,991.0,369318.0
2021-12-12,Lehigh,Pennsylvania,42077,56526,991.0,369318.0
2021-12-13,Lehigh,Pennsylvania,42077,56795,991.0,369318.0
2021-12-14,Lehigh,Pennsylvania,42077,57085,994.0,369318.0
2021-12-15,Lehigh,Pennsylvania,42077,57358,998.0,369318.0
2021-12-16,Lehigh,Pennsylvania,42077,57650,1002.0,369318.0
2021-12-17,Lehigh,Pennsylvania,42077,57909,1002.0,369318.0
2021-12-18,Lehigh,Pennsylvania,42077,58253,1009.0,369318.0
2021-12-19,Lehigh,Pennsylvania,42077,58502,1010.0,369318.0
2021-12-20,Lehigh,Pennsylvania,42077,58738,1010.0,369318.0
2021-12-21,Lehigh,Pennsylvania,42077,58993,1012.0,369318.0
2021-12-22,Lehigh,Pennsylvania,42077,59271,1021.0,369318.0
2021-12-23,Lehigh,Pennsylvania,42077,59662,1029.0,369318.0
2021-12-24,Lehigh,Pennsylvania,42077,60027,1032.0,369318.0
2021-12-25,Lehigh,Pennsylvania,42077,60424,1032.0,369318.0
2021-12-26,Lehigh,Pennsylvania,42077,60848,1032.0,369318.0
2021-12-27,Lehigh,Pennsylvania,42077,61129,1032.0,369318.0
2021-12-28,Lehigh,Pennsylvania,42077,61824,1033.0,369318.0
2021-12-29,Lehigh,Pennsylvania,42077,62360,1045.0,369318.0
2021-12-30,Lehigh,Pennsylvania,42077,62899,1047.0,369318.0
2021-12-31,Lehigh,Pennsylvania,42077,63964,1047.0,369318.0
2022-01-01,Lehigh,Pennsylvania,42077,64637,1047.0,369318.0
2022-01-02,Lehigh,Pennsylvania,42077,65466,1047.0,369318.0
2022-01-03,Lehigh,Pennsylvania,42077,66613,1049.0,369318.0
2022-01-04,Lehigh,Pennsylvania,42077,67438,1054.0,369318.0
2022-01-05,Lehigh,Pennsylvania,42077,68397,1055.0,369318.0
2022-01-06,Lehigh,Pennsylvania,42077,69438,1066.0,369318.0
2022-01-07,Lehigh,Pennsylvania,42077,70687,1071.0,369318.0
2022-01-08,Lehigh,Pennsylvania,42077,72327,1075.0,369318.0
2022-01-09,Lehigh,Pennsylvania,42077,73591,1076.0,369318.0
2022-01-10,Lehigh,Pennsylvania,42077,75139,1077.0,369318.0
2022-01-11,Lehigh,Pennsylvania,42077,76767,1083.0,369318.0
2022-01-12,Lehigh,Pennsylvania,42077,78188,1092.0,369318.0
2022-01-13,Lehigh,Pennsylvania,42077,79301,1097.0,369318.0
2022-01-14,Lehigh,Pennsylvania,42077,80215,1101.0,369318.0
2022-01-15,Lehigh,Pennsylvania,42077,80779,1108.0,369318.0
2022-01-16,Lehigh,Pennsylvania,42077,82120,1108.0,369318.0
2022-01-17,Lehigh,Pennsylvania,42077,82488,1108.0,369318.0
2022-01-18,Lehigh,Pennsylvania,42077,82766,1109.0,369318.0
2022-01-19,Lehigh,Pennsylvania,42077,83194,1109.0,369318.0
2022-01-20,Lehigh,Pennsylvania,42077,83616,1126.0,369318.0
2022-01-21,Lehigh,Pennsylvania,42077,84113,1133.0,369318.0
2022-01-22,Lehigh,Pennsylvania,42077,84612,1137.0,369318.0
2022-01-23,Lehigh,Pennsylvania,42077,84946,1139.0,369318.0
2022-01-24,Lehigh,Pennsylvania,42077,85096,1139.0,369318.0
2022-01-25,Lehigh,Pennsylvania,42077,85361,1141.0,369318.0
2022-01-26,Lehigh,Pennsylvania,42077,85673,1143.0,369318.0
2022-01-27,Lehigh,Pennsylvania,42077,86118,1152.0,369318.0
2022-01-28,Lehigh,Pennsylvania,42077,86489,1155.0,369318.0
2022-01-29,Lehigh,Pennsylvania,42077,86662,1160.0,369318.0
2022-01-30,Lehigh,Pennsylvania,42077,86820,1161.0,369318.0
2022-01-31,Lehigh,Pennsylvania,42077,86931,1161.0,369318.0
2022-02-01,Lehigh,Pennsylvania,42077,87011,1166.0,369318.0
2022-02-02,Lehigh,Pennsylvania,42077,87174,1170.0,369318.0
2022-02-03,Lehigh,Pennsylvania,42077,87337,1177.0,369318.0
2022-02-04,Lehigh,Pennsylvania,42077,87510,1178.0,369318.0
2022-02-05,Lehigh,Pennsylvania,42077,87690,1181.0,369318.0
2022-02-06,Lehigh,Pennsylvania,42077,87771,1181.0,369318.0
2022-02-07,Lehigh,Pennsylvania,42077,88015,1182.0,369318.0
2022-02-08,Lehigh,Pennsylvania,42077,87805,1185.0,369318.0
2022-02-09,Lehigh,Pennsylvania,42077,87898,1189.0,369318.0
2022-02-10,Lehigh,Pennsylvania,42077,88000,1193.0,369318.0
2022-02-11,Lehigh,Pennsylvania,42077,88101,1195.0,369318.0
2022-02-12,Lehigh,Pennsylvania,42077,88195,1196.0,369318.0
2022-02-13,Lehigh,Pennsylvania,42077,88227,1196.0,369318.0
2022-02-14,Lehigh,Pennsylvania,42077,88266,1198.0,369318.0
2022-02-15,Lehigh,Pennsylvania,42077,88309,1205.0,369318.0
2022-02-16,Lehigh,Pennsylvania,42077,88350,1209.0,369318.0
2022-02-17,Lehigh,Pennsylvania,42077,88420,1210.0,369318.0
2022-02-18,Lehigh,Pennsylvania,42077,88461,1211.0,369318.0
2022-02-19,Lehigh,Pennsylvania,42077,88560,1211.0,369318.0
2022-02-20,Lehigh,Pennsylvania,42077,88584,1212.0,369318.0
2022-02-21,Lehigh,Pennsylvania,42077,88584,1212.0,369318.0
2022-02-22,Lehigh,Pennsylvania,42077,88625,1212.0,369318.0
2022-02-23,Lehigh,Pennsylvania,42077,88651,1212.0,369318.0
2022-02-24,Lehigh,Pennsylvania,42077,88686,1214.0,369318.0
2022-02-25,Lehigh,Pennsylvania,42077,88721,1217.0,369318.0
2022-02-26,Lehigh,Pennsylvania,42077,88749,1218.0,369318.0
2022-02-27,Lehigh,Pennsylvania,42077,88760,1218.0,369318.0
2022-02-28,Lehigh,Pennsylvania,42077,88773,1218.0,369318.0
2022-03-01,Lehigh,Pennsylvania,42077,88793,1224.0,369318.0
2022-03-02,Lehigh,Pennsylvania,42077,88812,1226.0,369318.0
2022-03-03,Lehigh,Pennsylvania,42077,88836,1227.0,369318.0
2022-03-04,Lehigh,Pennsylvania,42077,88861,1227.0,369318.0
2022-03-05,Lehigh,Pennsylvania,42077,88875,1227.0,369318.0
2022-03-06,Lehigh,Pennsylvania,42077,88886,1227.0,369318.0
2022-03-07,Lehigh,Pennsylvania,42077,88899,1227.0,369318.0
2022-03-08,Lehigh,Pennsylvania,42077,88919,1228.0,369318.0
2022-03-09,Lehigh,Pennsylvania,42077,88933,1228.0,369318.0
2022-03-10,Lehigh,Pennsylvania,42077,88960,1228.0,369318.0
2022-03-11,Lehigh,Pennsylvania,42077,88974,1228.0,369318.0
2022-03-12,Lehigh,Pennsylvania,42077,88994,1228.0,369318.0
2022-03-13,Lehigh,Pennsylvania,42077,89002,1228.0,369318.0
2022-03-14,Lehigh,Pennsylvania,42077,89009,1228.0,369318.0
2022-03-15,Lehigh,Pennsylvania,42077,89016,1228.0,369318.0
2022-03-16,Lehigh,Pennsylvania,42077,89030,1228.0,369318.0
2022-03-17,Lehigh,Pennsylvania,42077,89049,1229.0,369318.0
2022-03-18,Lehigh,Pennsylvania,42077,89064,1229.0,369318.0
2022-03-19,Lehigh,Pennsylvania,42077,89076,1229.0,369318.0
2022-03-20,Lehigh,Pennsylvania,42077,89083,1229.0,369318.0
2022-03-21,Lehigh,Pennsylvania,42077,89090,1229.0,369318.0
2022-03-22,Lehigh,Pennsylvania,42077,89095,1229.0,369318.0
2022-03-23,Lehigh,Pennsylvania,42077,89107,1230.0,369318.0
2022-03-24,Lehigh,Pennsylvania,42077,89138,1230.0,369318.0
2022-03-25,Lehigh,Pennsylvania,42077,89159,1230.0,369318.0
2022-03-26,Lehigh,Pennsylvania,42077,89175,1230.0,369318.0
2022-03-27,Lehigh,Pennsylvania,42077,89179,1230.0,369318.0
2022-03-28,Lehigh,Pennsylvania,42077,89190,1230.0,369318.0
2022-03-29,Lehigh,Pennsylvania,42077,89209,1230.0,369318.0
2022-03-30,Lehigh,Pennsylvania,42077,89223,1232.0,369318.0
2022-03-31,Lehigh,Pennsylvania,42077,89251,1232.0,369318.0
2022-04-01,Lehigh,Pennsylvania,42077,89280,1233.0,369318.0
2022-04-02,Lehigh,Pennsylvania,42077,89297,1234.0,369318.0
2022-04-03,Lehigh,Pennsylvania,42077,89297,1234.0,369318.0
2022-04-04,Lehigh,Pennsylvania,42077,89321,1234.0,369318.0
2022-04-05,Lehigh,Pennsylvania,42077,89345,1234.0,369318.0
2022-04-06,Lehigh,Pennsylvania,42077,89378,1234.0,369318.0
2022-04-07,Lehigh,Pennsylvania,42077,89414,1234.0,369318.0
2022-04-08,Lehigh,Pennsylvania,42077,89454,1234.0,369318.0
2022-04-09,Lehigh,Pennsylvania,42077,89492,1235.0,369318.0
2022-04-10,Lehigh,Pennsylvania,42077,89499,1235.0,369318.0
2022-04-11,Lehigh,Pennsylvania,42077,89515,1235.0,369318.0
2022-04-12,Lehigh,Pennsylvania,42077,89551,1235.0,369318.0
2022-04-13,Lehigh,Pennsylvania,42077,89587,1235.0,369318.0
2022-04-14,Lehigh,Pennsylvania,42077,89634,1235.0,369318.0
2022-04-15,Lehigh,Pennsylvania,42077,89688,1235.0,369318.0
2022-04-16,Lehigh,Pennsylvania,42077,89734,1235.0,369318.0
2022-04-17,Lehigh,Pennsylvania,42077,89767,1235.0,369318.0
2022-04-18,Lehigh,Pennsylvania,42077,89795,1235.0,369318.0
2022-04-19,Lehigh,Pennsylvania,42077,89820,1235.0,369318.0
2022-04-20,Lehigh,Pennsylvania,42077,89861,1235.0,369318.0
2022-04-21,Lehigh,Pennsylvania,42077,89935,1236.0,369318.0
2022-04-22,Lehigh,Pennsylvania,42077,89989,1236.0,369318.0
2022-04-23,Lehigh,Pennsylvania,42077,90047,1236.0,369318.0
2022-04-24,Lehigh,Pennsylvania,42077,90098,1237.0,369318.0
2022-04-25,Lehigh,Pennsylvania,42077,90131,1237.0,369318.0
2022-04-26,Lehigh,Pennsylvania,42077,90172,1237.0,369318.0
2022-04-27,Lehigh,Pennsylvania,42077,90250,1239.0,369318.0
2022-04-28,Lehigh,Pennsylvania,42077,90327,1239.0,369318.0
2022-04-29,Lehigh,Pennsylvania,42077,90399,1239.0,369318.0
2022-04-30,Lehigh,Pennsylvania,42077,90501,1239.0,369318.0
2021-12-01,Union,Pennsylvania,42119,8155,112.0,44923.0
2021-12-02,Union,Pennsylvania,42119,8194,112.0,44923.0
2021-12-03,Union,Pennsylvania,42119,8228,114.0,44923.0
2021-12-04,Union,Pennsylvania,42119,8264,116.0,44923.0
2021-12-05,Union,Pennsylvania,42119,8287,116.0,44923.0
2021-12-06,Union,Pennsylvania,42119,8295,116.0,44923.0
2021-12-07,Union,Pennsylvania,42119,8320,117.0,44923.0
2021-12-08,Union,Pennsylvania,42119,8358,117.0,44923.0
2021-12-09,Union,Pennsylvania,42119,8395,117.0,44923.0
2021-12-10,Union,Pennsylvania,42119,8439,119.0,44923.0
2021-12-11,Union,Pennsylvania,42119,8467,122.0,44923.0
2021-12-12,Union,Pennsylvania,42119,8501,122.0,44923.0
2021-12-13,Union,Pennsylvania,42119,8519,122.0,44923.0
2021-12-14,Union,Pennsylvania,42119,8560,123.0,44923.0
2021-12-15,Union,Pennsylvania,42119,8575,126.0,44923.0
2021-12-16,Union,Pennsylvania,42119,8606,126.0,44923.0
2021-12-17,Union,Pennsylvania,42119,8623,126.0,44923.0
2021-12-18,Union,Pennsylvania,42119,8645,126.0,44923.0
2021-12-19,Union,Pennsylvania,42119,8666,126.0,44923.0
2021-12-20,Union,Pennsylvania,42119,8677,126.0,44923.0
2021-12-21,Union,Pennsylvania,42119,8711,127.0,44923.0
2021-12-22,Union,Pennsylvania,42119,8736,127.0,44923.0
2021-12-23,Union,Pennsylvania,42119,8782,128.0,44923.0
2021-12-24,Union,Pennsylvania,42119,8816,129.0,44923.0
2021-12-25,Union,Pennsylvania,42119,8827,129.0,44923.0
2021-12-26,Union,Pennsylvania,42119,8851,129.0,44923.0
2021-12-27,Union,Pennsylvania,42119,8855,129.0,44923.0
2021-12-28,Union,Pennsylvania,42119,8885,129.0,44923.0
2021-12-29,Union,Pennsylvania,42119,8922,133.0,44923.0
2021-12-30,Union,Pennsylvania,42119,8948,133.0,44923.0
2021-12-31,Union,Pennsylvania,42119,8991,133.0,44923.0
2022-01-01,Union,Pennsylvania,42119,9011,133.0,44923.0
2022-01-02,Union,Pennsylvania,42119,9048,133.0,44923.0
2022-01-03,Union,Pennsylvania,42119,9085,133.0,44923.0
2022-01-04,Union,Pennsylvania,42119,9113,134.0,44923.0
2022-01-05,Union,Pennsylvania,42119,9166,134.0,44923.0
2022-01-06,Union,Pennsylvania,42119,9211,135.0,44923.0
2022-01-07,Union,Pennsylvania,42119,9293,135.0,44923.0
2022-01-08,Union,Pennsylvania,42119,9363,135.0,44923.0
2022-01-09,Union,Pennsylvania,42119,9412,135.0,44923.0
2022-01-10,Union,Pennsylvania,42119,9499,135.0,44923.0
2022-01-11,Union,Pennsylvania,42119,9545,135.0,44923.0
2022-01-12,Union,Pennsylvania,42119,9599,135.0,44923.0
2022-01-13,Union,Pennsylvania,42119,9658,135.0,44923.0
2022-01-14,Union,Pennsylvania,42119,9752,135.0,44923.0
2022-01-15,Union,Pennsylvania,42119,9844,135.0,44923.0
2022-01-16,Union,Pennsylvania,42119,9975,135.0,44923.0
2022-01-17,Union,Pennsylvania,42119,10022,135.0,44923.0
2022-01-18,Union,Pennsylvania,42119,10230,135.0,44923.0
2022-01-19,Union,Pennsylvania,42119,10310,135.0,44923.0
2022-01-20,Union,Pennsylvania,42119,10402,136.0,44923.0
2022-01-21,Union,Pennsylvania,42119,10481,136.0,44923.0
2022-01-22,Union,Pennsylvania,42119,10553,136.0,44923.0
2022-01-23,Union,Pennsylvania,42119,10589,136.0,44923.0
2022-01-24,Union,Pennsylvania,42119,10642,137.0,44923.0
2022-01-25,Union,Pennsylvania,42119,10688,137.0,44923.0
2022-01-26,Union,Pennsylvania,42119,10736,137.0,44923.0
2022-01-27,Union,Pennsylvania,42119,10829,137.0,44923.0
2022-01-28,Union,Pennsylvania,42119,10914,137.0,44923.0
2022-01-29,Union,Pennsylvania,42119,10982,137.0,44923.0
2022-01-30,Union,Pennsylvania,42119,11015,137.0,44923.0
2022-01-31,Union,Pennsylvania,42119,11036,137.0,44923.0
2022-02-01,Union,Pennsylvania,42119,11062,139.0,44923.0
2022-02-02,Union,Pennsylvania,42119,11090,139.0,44923.0
2022-02-03,Union,Pennsylvania,42119,11128,139.0,44923.0
2022-02-04,Union,Pennsylvania,42119,11157,140.0,44923.0
2022-02-05,Union,Pennsylvania,42119,11228,141.0,44923.0
2022-02-06,Union,Pennsylvania,42119,11239,141.0,44923.0
2022-02-07,Union,Pennsylvania,42119,11301,141.0,44923.0
2022-02-08,Union,Pennsylvania,42119,11276,142.0,44923.0
2022-02-09,Union,Pennsylvania,42119,11310,142.0,44923.0
2022-02-10,Union,Pennsylvania,42119,11333,143.0,44923.0
2022-02-11,Union,Pennsylvania,42119,11362,144.0,44923.0
2022-02-12,Union,Pennsylvania,42119,11381,144.0,44923.0
2022-02-13,Union,Pennsylvania,42119,11389,144.0,44923.0
2022-02-14,Union,Pennsylvania,42119,11391,144.0,44923.0
2022-02-15,Union,Pennsylvania,42119,11397,145.0,44923.0
2022-02-16,Union,Pennsylvania,42119,11415,145.0,44923.0
2022-02-17,Union,Pennsylvania,42119,11432,146.0,44923.0
2022-02-18,Union,Pennsylvania,42119,11449,146.0,44923.0
2022-02-19,Union,Pennsylvania,42119,11471,146.0,44923.0
2022-02-20,Union,Pennsylvania,42119,11473,147.0,44923.0
2022-02-21,Union,Pennsylvania,42119,11473,147.0,44923.0
2022-02-22,Union,Pennsylvania,42119,11484,147.0,44923.0
2022-02-23,Union,Pennsylvania,42119,11498,148.0,44923.0
2022-02-24,Union,Pennsylvania,42119,11512,148.0,44923.0
2022-02-25,Union,Pennsylvania,42119,11530,150.0,44923.0
2022-02-26,Union,Pennsylvania,42119,11541,150.0,44923.0
2022-02-27,Union,Pennsylvania,42119,11544,150.0,44923.0
2022-02-28,Union,Pennsylvania,42119,11548,150.0,44923.0
2022-03-01,Union,Pennsylvania,42119,11555,150.0,44923.0
2022-03-02,Union,Pennsylvania,42119,11567,150.0,44923.0
2022-03-03,Union,Pennsylvania,42119,11581,151.0,44923.0
2022-03-04,Union,Pennsylvania,42119,11600,151.0,44923.0
2022-03-05,Union,Pennsylvania,42119,11608,151.0,44923.0
2022-03-06,Union,Pennsylvania,42119,11612,151.0,44923.0
2022-03-07,Union,Pennsylvania,42119,11616,151.0,44923.0
2022-03-08,Union,Pennsylvania,42119,11626,151.0,44923.0
2022-03-09,Union,Pennsylvania,42119,11633,151.0,44923.0
2022-03-10,Union,Pennsylvania,42119,11641,151.0,44923.0
2022-03-11,Union,Pennsylvania,42119,11647,151.0,44923.0
2022-03-12,Union,Pennsylvania,42119,11649,151.0,44923.0
2022-03-13,Union,Pennsylvania,42119,11650,151.0,44923.0
2022-03-14,Union,Pennsylvania,42119,11650,151.0,44923.0
2022-03-15,Union,Pennsylvania,42119,11651,151.0,44923.0
2022-03-16,Union,Pennsylvania,42119,11652,151.0,44923.0
2022-03-17,Union,Pennsylvania,42119,11657,151.0,44923.0
2022-03-18,Union,Pennsylvania,42119,11658,151.0,44923.0
2022-03-19,Union,Pennsylvania,42119,11662,151.0,44923.0
2022-03-20,Union,Pennsylvania,42119,11663,151.0,44923.0
2022-03-21,Union,Pennsylvania,42119,11664,151.0,44923.0
2022-03-22,Union,Pennsylvania,42119,11665,151.0,44923.0
2022-03-23,Union,Pennsylvania,42119,11667,151.0,44923.0
2022-03-24,Union,Pennsylvania,42119,11668,151.0,44923.0
2022-03-25,Union,Pennsylvania,42119,11669,152.0,44923.0
2022-03-26,Union,Pennsylvania,42119,11670,152.0,44923.0
2022-03-27,Union,Pennsylvania,42119,11670,152.0,44923.0
2022-03-28,Union,Pennsylvania,42119,11671,152.0,44923.0
2022-03-29,Union,Pennsylvania,42119,11674,153.0,44923.0
2022-03-30,Union,Pennsylvania,42119,11675,153.0,44923.0
2022-03-31,Union,Pennsylvania,42119,11677,153.0,44923.0
2022-04-01,Union,Pennsylvania,42119,11678,153.0,44923.0
2022-04-02,Union,Pennsylvania,42119,11679,153.0,44923.0
2022-04-03,Union,Pennsylvania,42119,11679,153.0,44923.0
2022-04-04,Union,Pennsylvania,42119,11680,153.0,44923.0
2022-04-05,Union,Pennsylvania,42119,11682,153.0,44923.0
2022-04-06,Union,Pennsylvania,42119,11682,153.0,44923.0
2022-04-07,Union,Pennsylvania,42119,11682,153.0,44923.0
2022-04-08,Union,Pennsylvania,42119,11683,153.0,44923.0
2022-04-09,Union,Pennsylvania,42119,11683,153.0,44923.0
2022-04-10,Union,Pennsylvania,42119,11685,153.0,44923.0
2022-04-11,Union,Pennsylvania,42119,11687,153.0,44923.0
2022-04-12,Union,Pennsylvania,42119,11691,153.0,44923.0
2022-04-13,Union,Pennsylvania,42119,11697,153.0,44923.0
2022-04-14,Union,Pennsylvania,42119,11697,153.0,44923.0
2022-04-15,Union,Pennsylvania,42119,11701,153.0,44923.0
2022-04-16,Union,Pennsylvania,42119,11702,153.0,44923.0
2022-04-17,Union,Pennsylvania,42119,11705,153.0,44923.0
2022-04-18,Union,Pennsylvania,42119,11707,153.0,44923.0
2022-04-19,Union,Pennsylvania,42119,11708,154.0,44923.0
2022-04-20,Union,Pennsylvania,42119,11716,154.0,44923.0
2022-04-21,Union,Pennsylvania,42119,11720,154.0,44923.0
2022-04-22,Union,Pennsylvania,42119,11724,154.0,44923.0
2022-04-23,Union,Pennsylvania,42119,11729,154.0,44923.0
2022-04-24,Union,Pennsylvania,42119,11730,154.0,44923.0
2022-04-25,Union,Pennsylvania,42119,11732,154.0,44923.0
2022-04-26,Union,Pennsylvania,42119,11737,154.0,44923.0
2022-04-27,Union,Pennsylvania,42119,11767,154.0,44923.0
2022-04-28,Union,Pennsylvania,42119,11770,154.0,44923.0
2022-04-29,Union,Pennsylvania,42119,11779,154.0,44923.0
2022-04-30,Union,Pennsylvania,42119,11783,154.0,44923.0
2021-12-01,Providence,Rhode Island,44007,122481,2129.0,638931.0
2021-12-02,Providence,Rhode Island,44007,122481,2129.0,638931.0
2021-12-03,Providence,Rhode Island,44007,122481,2129.0,638931.0
2021-12-04,Providence,Rhode Island,44007,122481,2129.0,638931.0
2021-12-05,Providence,Rhode Island,44007,122481,2129.0,638931.0
2021-12-06,Providence,Rhode Island,44007,122481,2129.0,638931.0
2021-12-07,Providence,Rhode Island,44007,122481,2129.0,638931.0
2021-12-08,Providence,Rhode Island,44007,122481,2129.0,638931.0
2021-12-09,Providence,Rhode Island,44007,125753,2141.0,638931.0
2021-12-10,Providence,Rhode Island,44007,125753,2141.0,638931.0
2021-12-11,Providence,Rhode Island,44007,125753,2141.0,638931.0
2021-12-12,Providence,Rhode Island,44007,125753,2141.0,638931.0
2021-12-13,Providence,Rhode Island,44007,125753,2141.0,638931.0
2021-12-14,Providence,Rhode Island,44007,125753,2141.0,638931.0
2021-12-15,Providence,Rhode Island,44007,125753,2141.0,638931.0
2021-12-16,Providence,Rhode Island,44007,129229,2156.0,638931.0
2021-12-17,Providence,Rhode Island,44007,129229,2156.0,638931.0
2021-12-18,Providence,Rhode Island,44007,129229,2156.0,638931.0
2021-12-19,Providence,Rhode Island,44007,129229,2156.0,638931.0
2021-12-20,Providence,Rhode Island,44007,129229,2156.0,638931.0
2021-12-21,Providence,Rhode Island,44007,129229,2156.0,638931.0
2021-12-22,Providence,Rhode Island,44007,134381,2173.0,638931.0
2021-12-23,Providence,Rhode Island,44007,134381,2173.0,638931.0
2021-12-24,Providence,Rhode Island,44007,134381,2173.0,638931.0
2021-12-25,Providence,Rhode Island,44007,134381,2173.0,638931.0
2021-12-26,Providence,Rhode Island,44007,134381,2173.0,638931.0
2021-12-27,Providence,Rhode Island,44007,134381,2173.0,638931.0
2021-12-28,Providence,Rhode Island,44007,134381,2173.0,638931.0
2021-12-29,Providence,Rhode Island,44007,138925,2204.0,638931.0
2021-12-30,Providence,Rhode Island,44007,138925,2204.0,638931.0
2021-12-31,Providence,Rhode Island,44007,138925,2204.0,638931.0
2022-01-01,Providence,Rhode Island,44007,138925,2204.0,638931.0
2022-01-02,Providence,Rhode Island,44007,138925,2204.0,638931.0
2022-01-03,Providence,Rhode Island,44007,138925,2204.0,638931.0
2022-01-04,Providence,Rhode Island,44007,138925,2204.0,638931.0
2022-01-05,Providence,Rhode Island,44007,150844,2237.0,638931.0
2022-01-06,Providence,Rhode Island,44007,150844,2237.0,638931.0
2022-01-07,Providence,Rhode Island,44007,150844,2237.0,638931.0
2022-01-08,Providence,Rhode Island,44007,150844,2237.0,638931.0
2022-01-09,Providence,Rhode Island,44007,150844,2237.0,638931.0
2022-01-10,Providence,Rhode Island,44007,150844,2237.0,638931.0
2022-01-11,Providence,Rhode Island,44007,150844,2237.0,638931.0
2022-01-12,Providence,Rhode Island,44007,172007,2266.0,638931.0
2022-01-13,Providence,Rhode Island,44007,172007,2266.0,638931.0
2022-01-14,Providence,Rhode Island,44007,172007,2266.0,638931.0
2022-01-15,Providence,Rhode Island,44007,172007,2266.0,638931.0
2022-01-16,Providence,Rhode Island,44007,172007,2266.0,638931.0
2022-01-17,Providence,Rhode Island,44007,172007,2266.0,638931.0
2022-01-18,Providence,Rhode Island,44007,172007,2266.0,638931.0
2022-01-19,Providence,Rhode Island,44007,192208,2301.0,638931.0
2022-01-20,Providence,Rhode Island,44007,192208,2301.0,638931.0
2022-01-21,Providence,Rhode Island,44007,192208,2301.0,638931.0
2022-01-22,Providence,Rhode Island,44007,192208,2301.0,638931.0
2022-01-23,Providence,Rhode Island,44007,192208,2301.0,638931.0
2022-01-24,Providence,Rhode Island,44007,192208,2301.0,638931.0
2022-01-25,Providence,Rhode Island,44007,192208,2301.0,638931.0
2022-01-26,Providence,Rhode Island,44007,203168,2347.0,638931.0
2022-01-27,Providence,Rhode Island,44007,203168,2347.0,638931.0
2022-01-28,Providence,Rhode Island,44007,203168,2347.0,638931.0
2022-01-29,Providence,Rhode Island,44007,203168,2347.0,638931.0
2022-01-30,Providence,Rhode Island,44007,203168,2347.0,638931.0
2022-01-31,Providence,Rhode Island,44007,203168,2347.0,638931.0
2022-02-01,Providence,Rhode Island,44007,203168,2347.0,638931.0
2022-02-02,Providence,Rhode Island,44007,209760,2392.0,638931.0
2022-02-03,Providence,Rhode Island,44007,209760,2392.0,638931.0
2022-02-04,Providence,Rhode Island,44007,209760,2392.0,638931.0
2022-02-05,Providence,Rhode Island,44007,209760,2392.0,638931.0
2022-02-06,Providence,Rhode Island,44007,209760,2392.0,638931.0
2022-02-07,Providence,Rhode Island,44007,209760,2392.0,638931.0
2022-02-08,Providence,Rhode Island,44007,209760,2392.0,638931.0
2022-02-09,Providence,Rhode Island,44007,213024,2420.0,638931.0
2022-02-10,Providence,Rhode Island,44007,213024,2420.0,638931.0
2022-02-11,Providence,Rhode Island,44007,213024,2420.0,638931.0
2022-02-12,Providence,Rhode Island,44007,213024,2420.0,638931.0
2022-02-13,Providence,Rhode Island,44007,213024,2420.0,638931.0
2022-02-14,Providence,Rhode Island,44007,213024,2420.0,638931.0
2022-02-15,Providence,Rhode Island,44007,213024,2420.0,638931.0
2022-02-16,Providence,Rhode Island,44007,213024,2420.0,638931.0
2022-02-17,Providence,Rhode Island,44007,214864,2431.0,638931.0
2022-02-18,Providence,Rhode Island,44007,214864,2431.0,638931.0
2022-02-19,Providence,Rhode Island,44007,214864,2431.0,638931.0
2022-02-20,Providence,Rhode Island,44007,214864,2431.0,638931.0
2022-02-21,Providence,Rhode Island,44007,214864,2431.0,638931.0
2022-02-22,Providence,Rhode Island,44007,214864,2431.0,638931.0
2022-02-23,Providence,Rhode Island,44007,215862,2442.0,638931.0
2022-02-24,Providence,Rhode Island,44007,215862,2442.0,638931.0
2022-02-25,Providence,Rhode Island,44007,215862,2442.0,638931.0
2022-02-26,Providence,Rhode Island,44007,215862,2442.0,638931.0
2022-02-27,Providence,Rhode Island,44007,215862,2442.0,638931.0
2022-02-28,Providence,Rhode Island,44007,215862,2442.0,638931.0
2022-03-01,Providence,Rhode Island,44007,215862,2442.0,638931.0
2022-03-02,Providence,Rhode Island,44007,216688,2449.0,638931.0
2022-03-03,Providence,Rhode Island,44007,216688,2449.0,638931.0
2022-03-04,Providence,Rhode Island,44007,216688,2449.0,638931.0
2022-03-05,Providence,Rhode Island,44007,216688,2449.0,638931.0
2022-03-06,Providence,Rhode Island,44007,216688,2449.0,638931.0
2022-03-07,Providence,Rhode Island,44007,216688,2449.0,638931.0
2022-03-08,Providence,Rhode Island,44007,216688,2449.0,638931.0
2022-03-09,Providence,Rhode Island,44007,217616,2453.0,638931.0
2022-03-10,Providence,Rhode Island,44007,217616,2453.0,638931.0
2022-03-11,Providence,Rhode Island,44007,217616,2453.0,638931.0
2022-03-12,Providence,Rhode Island,44007,217616,2453.0,638931.0
2022-03-13,Providence,Rhode Island,44007,217616,2453.0,638931.0
2022-03-14,Providence,Rhode Island,44007,217616,2453.0,638931.0
2022-03-15,Providence,Rhode Island,44007,217616,2453.0,638931.0
2022-03-16,Providence,Rhode Island,44007,218520,2458.0,638931.0
2022-03-17,Providence,Rhode Island,44007,218520,2458.0,638931.0
2022-03-18,Providence,Rhode Island,44007,218520,2458.0,638931.0
2022-03-19,Providence,Rhode Island,44007,218520,2458.0,638931.0
2022-03-20,Providence,Rhode Island,44007,218520,2458.0,638931.0
2022-03-21,Providence,Rhode Island,44007,218520,2458.0,638931.0
2022-03-22,Providence,Rhode Island,44007,218520,2458.0,638931.0
2022-03-23,Providence,Rhode Island,44007,219344,2462.0,638931.0
2022-03-24,Providence,Rhode Island,44007,219344,2462.0,638931.0
2022-03-25,Providence,Rhode Island,44007,219344,2462.0,638931.0
2022-03-26,Providence,Rhode Island,44007,219344,2462.0,638931.0
2022-03-27,Providence,Rhode Island,44007,219344,2462.0,638931.0
2022-03-28,Providence,Rhode Island,44007,219344,2462.0,638931.0
2022-03-29,Providence,Rhode Island,44007,219344,2462.0,638931.0
2022-03-30,Providence,Rhode Island,44007,220234,2522.0,638931.0
2022-03-31,Providence,Rhode Island,44007,220234,2522.0,638931.0
2022-04-01,Providence,Rhode Island,44007,220234,2522.0,638931.0
2022-04-02,Providence,Rhode Island,44007,220234,2522.0,638931.0
2022-04-03,Providence,Rhode Island,44007,220234,2522.0,638931.0
2022-04-04,Providence,Rhode Island,44007,220234,2522.0,638931.0
2022-04-05,Providence,Rhode Island,44007,220234,2522.0,638931.0
2022-04-06,Providence,Rhode Island,44007,221007,2522.0,638931.0
2022-04-07,Providence,Rhode Island,44007,221007,2522.0,638931.0
2022-04-08,Providence,Rhode Island,44007,221007,2522.0,638931.0
2022-04-09,Providence,Rhode Island,44007,221007,2522.0,638931.0
2022-04-10,Providence,Rhode Island,44007,221007,2522.0,638931.0
2022-04-11,Providence,Rhode Island,44007,221007,2522.0,638931.0
2022-04-12,Providence,Rhode Island,44007,221007,2522.0,638931.0
2022-04-13,Providence,Rhode Island,44007,222113,2525.0,638931.0
2022-04-14,Providence,Rhode Island,44007,222113,2525.0,638931.0
2022-04-15,Providence,Rhode Island,44007,222113,2525.0,638931.0
2022-04-16,Providence,Rhode Island,44007,222113,2525.0,638931.0
2022-04-17,Providence,Rhode Island,44007,222113,2525.0,638931.0
2022-04-18,Providence,Rhode Island,44007,222113,2525.0,638931.0
2022-04-19,Providence,Rhode Island,44007,222113,2525.0,638931.0
2022-04-20,Providence,Rhode Island,44007,223474,2527.0,638931.0
2022-04-21,Providence,Rhode Island,44007,223474,2527.0,638931.0
2022-04-22,Providence,Rhode Island,44007,223474,2527.0,638931.0
2022-04-23,Providence,Rhode Island,44007,223474,2527.0,638931.0
2022-04-24,Providence,Rhode Island,44007,223474,2527.0,638931.0
2022-04-25,Providence,Rhode Island,44007,223474,2527.0,638931.0
2022-04-26,Providence,Rhode Island,44007,223474,2527.0,638931.0
2022-04-27,Providence,Rhode Island,44007,224954,2531.0,638931.0
2022-04-28,Providence,Rhode Island,44007,224954,2531.0,638931.0
2022-04-29,Providence,Rhode Island,44007,224954,2531.0,638931.0
2022-04-30,Providence,Rhode Island,44007,224954,2531.0,638931.0
2021-12-01,Greenville,South Carolina,45045,107810,1518.0,523542.0
2021-12-02,Greenville,South Carolina,45045,107942,1524.0,523542.0
2021-12-03,Greenville,South Carolina,45045,108113,1524.0,523542.0
2021-12-04,Greenville,South Carolina,45045,108113,1524.0,523542.0
2021-12-05,Greenville,South Carolina,45045,108113,1524.0,523542.0
2021-12-06,Greenville,South Carolina,45045,108497,1529.0,523542.0
2021-12-07,Greenville,South Carolina,45045,108588,1529.0,523542.0
2021-12-08,Greenville,South Carolina,45045,108705,1530.0,523542.0
2021-12-09,Greenville,South Carolina,45045,108855,1530.0,523542.0
2021-12-10,Greenville,South Carolina,45045,109023,1535.0,523542.0
2021-12-11,Greenville,South Carolina,45045,109023,1535.0,523542.0
2021-12-12,Greenville,South Carolina,45045,109023,1535.0,523542.0
2021-12-13,Greenville,South Carolina,45045,109359,1542.0,523542.0
2021-12-14,Greenville,South Carolina,45045,109462,1543.0,523542.0
2021-12-15,Greenville,South Carolina,45045,109573,1543.0,523542.0
2021-12-16,Greenville,South Carolina,45045,109710,1546.0,523542.0
2021-12-17,Greenville,South Carolina,45045,109877,1547.0,523542.0
2021-12-18,Greenville,South Carolina,45045,109877,1547.0,523542.0
2021-12-19,Greenville,South Carolina,45045,109877,1547.0,523542.0
2021-12-20,Greenville,South Carolina,45045,110336,1553.0,523542.0
2021-12-21,Greenville,South Carolina,45045,110456,1555.0,523542.0
2021-12-22,Greenville,South Carolina,45045,110588,1555.0,523542.0
2021-12-23,Greenville,South Carolina,45045,110808,1558.0,523542.0
2021-12-24,Greenville,South Carolina,45045,110808,1558.0,523542.0
2021-12-25,Greenville,South Carolina,45045,110808,1558.0,523542.0
2021-12-26,Greenville,South Carolina,45045,110808,1558.0,523542.0
2021-12-27,Greenville,South Carolina,45045,110808,1558.0,523542.0
2021-12-28,Greenville,South Carolina,45045,110808,1558.0,523542.0
2021-12-29,Greenville,South Carolina,45045,112757,1564.0,523542.0
2021-12-30,Greenville,South Carolina,45045,113552,1564.0,523542.0
2021-12-31,Greenville,South Carolina,45045,114621,1565.0,523542.0
2022-01-01,Greenville,South Carolina,45045,114621,1565.0,523542.0
2022-01-02,Greenville,South Carolina,45045,114621,1565.0,523542.0
2022-01-03,Greenville,South Carolina,45045,114621,1565.0,523542.0
2022-01-04,Greenville,South Carolina,45045,118977,1571.0,523542.0
2022-01-05,Greenville,South Carolina,45045,119687,1576.0,523542.0
2022-01-06,Greenville,South Carolina,45045,121769,1579.0,523542.0
2022-01-07,Greenville,South Carolina,45045,123333,1579.0,523542.0
2022-01-08,Greenville,South Carolina,45045,123333,1579.0,523542.0
2022-01-09,Greenville,South Carolina,45045,123333,1579.0,523542.0
2022-01-10,Greenville,South Carolina,45045,128738,1582.0,523542.0
2022-01-11,Greenville,South Carolina,45045,129795,1582.0,523542.0
2022-01-12,Greenville,South Carolina,45045,131064,1589.0,523542.0
2022-01-13,Greenville,South Carolina,45045,132731,1591.0,523542.0
2022-01-14,Greenville,South Carolina,45045,135501,1601.0,523542.0
2022-01-15,Greenville,South Carolina,45045,135501,1601.0,523542.0
2022-01-16,Greenville,South Carolina,45045,135501,1601.0,523542.0
2022-01-17,Greenville,South Carolina,45045,135501,1601.0,523542.0
2022-01-18,Greenville,South Carolina,45045,145770,1613.0,523542.0
2022-01-19,Greenville,South Carolina,45045,147276,1613.0,523542.0
2022-01-20,Greenville,South Carolina,45045,148471,1615.0,523542.0
2022-01-21,Greenville,South Carolina,45045,149844,1621.0,523542.0
2022-01-22,Greenville,South Carolina,45045,149844,1621.0,523542.0
2022-01-23,Greenville,South Carolina,45045,149844,1621.0,523542.0
2022-01-24,Greenville,South Carolina,45045,149844,1621.0,523542.0
2022-01-25,Greenville,South Carolina,45045,149844,1621.0,523542.0
2022-01-26,Greenville,South Carolina,45045,157063,1621.0,523542.0
2022-01-27,Greenville,South Carolina,45045,158094,1621.0,523542.0
2022-01-28,Greenville,South Carolina,45045,159827,1632.0,523542.0
2022-01-29,Greenville,South Carolina,45045,159827,1632.0,523542.0
2022-01-30,Greenville,South Carolina,45045,159827,1632.0,523542.0
2022-01-31,Greenville,South Carolina,45045,164441,1666.0,523542.0
2022-02-01,Greenville,South Carolina,45045,165022,1672.0,523542.0
2022-02-02,Greenville,South Carolina,45045,166045,1672.0,523542.0
2022-02-03,Greenville,South Carolina,45045,166514,1708.0,523542.0
2022-02-04,Greenville,South Carolina,45045,167177,1712.0,523542.0
2022-02-05,Greenville,South Carolina,45045,167177,1712.0,523542.0
2022-02-06,Greenville,South Carolina,45045,167177,1712.0,523542.0
2022-02-07,Greenville,South Carolina,45045,168499,1730.0,523542.0
2022-02-08,Greenville,South Carolina,45045,168706,1745.0,523542.0
2022-02-09,Greenville,South Carolina,45045,168967,1749.0,523542.0
2022-02-10,Greenville,South Carolina,45045,169252,1767.0,523542.0
2022-02-11,Greenville,South Carolina,45045,169252,1767.0,523542.0
2022-02-12,Greenville,South Carolina,45045,169252,1767.0,523542.0
2022-02-13,Greenville,South Carolina,45045,169252,1767.0,523542.0
2022-02-14,Greenville,South Carolina,45045,170161,1779.0,523542.0
2022-02-15,Greenville,South Carolina,45045,170273,1779.0,523542.0
2022-02-16,Greenville,South Carolina,45045,170362,1806.0,523542.0
2022-02-17,Greenville,South Carolina,45045,170533,1824.0,523542.0
2022-02-18,Greenville,South Carolina,45045,170671,1824.0,523542.0
2022-02-19,Greenville,South Carolina,45045,170671,1824.0,523542.0
2022-02-20,Greenville,South Carolina,45045,170671,1824.0,523542.0
2022-02-21,Greenville,South Carolina,45045,170671,1824.0,523542.0
2022-02-22,Greenville,South Carolina,45045,171029,1835.0,523542.0
2022-02-23,Greenville,South Carolina,45045,171048,1835.0,523542.0
2022-02-24,Greenville,South Carolina,45045,171094,1841.0,523542.0
2022-02-25,Greenville,South Carolina,45045,171160,1866.0,523542.0
2022-02-26,Greenville,South Carolina,45045,171160,1866.0,523542.0
2022-02-27,Greenville,South Carolina,45045,171160,1866.0,523542.0
2022-02-28,Greenville,South Carolina,45045,171310,1880.0,523542.0
2022-03-01,Greenville,South Carolina,45045,171327,1886.0,523542.0
2022-03-02,Greenville,South Carolina,45045,171342,1886.0,523542.0
2022-03-03,Greenville,South Carolina,45045,171398,1890.0,523542.0
2022-03-04,Greenville,South Carolina,45045,171418,1890.0,523542.0
2022-03-05,Greenville,South Carolina,45045,171418,1890.0,523542.0
2022-03-06,Greenville,South Carolina,45045,171418,1890.0,523542.0
2022-03-07,Greenville,South Carolina,45045,171487,1926.0,523542.0
2022-03-08,Greenville,South Carolina,45045,171497,1928.0,523542.0
2022-03-09,Greenville,South Carolina,45045,171511,1928.0,523542.0
2022-03-10,Greenville,South Carolina,45045,171545,1940.0,523542.0
2022-03-11,Greenville,South Carolina,45045,171604,1941.0,523542.0
2022-03-12,Greenville,South Carolina,45045,171604,1941.0,523542.0
2022-03-13,Greenville,South Carolina,45045,171604,1941.0,523542.0
2022-03-14,Greenville,South Carolina,45045,171604,1941.0,523542.0
2022-03-15,Greenville,South Carolina,45045,171641,1941.0,523542.0
2022-03-16,Greenville,South Carolina,45045,171641,1941.0,523542.0
2022-03-17,Greenville,South Carolina,45045,171641,1941.0,523542.0
2022-03-18,Greenville,South Carolina,45045,171641,1941.0,523542.0
2022-03-19,Greenville,South Carolina,45045,171641,1941.0,523542.0
2022-03-20,Greenville,South Carolina,45045,171641,1941.0,523542.0
2022-03-21,Greenville,South Carolina,45045,171641,1941.0,523542.0
2022-03-22,Greenville,South Carolina,45045,171904,1958.0,523542.0
2022-03-23,Greenville,South Carolina,45045,171904,1958.0,523542.0
2022-03-24,Greenville,South Carolina,45045,171904,1958.0,523542.0
2022-03-25,Greenville,South Carolina,45045,171904,1958.0,523542.0
2022-03-26,Greenville,South Carolina,45045,171904,1958.0,523542.0
2022-03-27,Greenville,South Carolina,45045,171904,1958.0,523542.0
2022-03-28,Greenville,South Carolina,45045,171904,1958.0,523542.0
2022-03-29,Greenville,South Carolina,45045,172002,1971.0,523542.0
2022-03-30,Greenville,South Carolina,45045,172002,1971.0,523542.0
2022-03-31,Greenville,South Carolina,45045,172002,1971.0,523542.0
2022-04-01,Greenville,South Carolina,45045,172002,1971.0,523542.0
2022-04-02,Greenville,South Carolina,45045,172002,1971.0,523542.0
2022-04-03,Greenville,South Carolina,45045,172002,1971.0,523542.0
2022-04-04,Greenville,South Carolina,45045,172002,1971.0,523542.0
2022-04-05,Greenville,South Carolina,45045,172180,1979.0,523542.0
2022-04-06,Greenville,South Carolina,45045,172180,1979.0,523542.0
2022-04-07,Greenville,South Carolina,45045,172180,1979.0,523542.0
2022-04-08,Greenville,South Carolina,45045,172180,1979.0,523542.0
2022-04-09,Greenville,South Carolina,45045,172180,1979.0,523542.0
2022-04-10,Greenville,South Carolina,45045,172180,1979.0,523542.0
2022-04-11,Greenville,South Carolina,45045,172180,1979.0,523542.0
2022-04-12,Greenville,South Carolina,45045,172282,1984.0,523542.0
2022-04-13,Greenville,South Carolina,45045,172282,1984.0,523542.0
2022-04-14,Greenville,South Carolina,45045,172282,1984.0,523542.0
2022-04-15,Greenville,South Carolina,45045,172282,1984.0,523542.0
2022-04-16,Greenville,South Carolina,45045,172282,1984.0,523542.0
2022-04-17,Greenville,South Carolina,45045,172282,1984.0,523542.0
2022-04-18,Greenville,South Carolina,45045,172282,1984.0,523542.0
2022-04-19,Greenville,South Carolina,45045,172440,1993.0,523542.0
2022-04-20,Greenville,South Carolina,45045,172440,1993.0,523542.0
2022-04-21,Greenville,South Carolina,45045,172440,1993.0,523542.0
2022-04-22,Greenville,South Carolina,45045,172440,1993.0,523542.0
2022-04-23,Greenville,South Carolina,45045,172440,1993.0,523542.0
2022-04-24,Greenville,South Carolina,45045,172440,1993.0,523542.0
2022-04-25,Greenville,South Carolina,45045,172440,1993.0,523542.0
2022-04-26,Greenville,South Carolina,45045,172440,1993.0,523542.0
2022-04-27,Greenville,South Carolina,45045,172440,1993.0,523542.0
2022-04-28,Greenville,South Carolina,45045,172688,1996.0,523542.0
2022-04-29,Greenville,South Carolina,45045,172688,1996.0,523542.0
2022-04-30,Greenville,South Carolina,45045,172688,1996.0,523542.0
2021-12-01,Pickens,South Carolina,45077,28530,492.0,126884.0
2021-12-02,Pickens,South Carolina,45077,28558,493.0,126884.0
2021-12-03,Pickens,South Carolina,45077,28620,494.0,126884.0
2021-12-04,Pickens,South Carolina,45077,28620,494.0,126884.0
2021-12-05,Pickens,South Carolina,45077,28620,494.0,126884.0
2021-12-06,Pickens,South Carolina,45077,28754,494.0,126884.0
2021-12-07,Pickens,South Carolina,45077,28781,495.0,126884.0
2021-12-08,Pickens,South Carolina,45077,28811,496.0,126884.0
2021-12-09,Pickens,South Carolina,45077,28844,496.0,126884.0
2021-12-10,Pickens,South Carolina,45077,28881,499.0,126884.0
2021-12-11,Pickens,South Carolina,45077,28881,499.0,126884.0
2021-12-12,Pickens,South Carolina,45077,28881,499.0,126884.0
2021-12-13,Pickens,South Carolina,45077,29002,499.0,126884.0
2021-12-14,Pickens,South Carolina,45077,29023,500.0,126884.0
2021-12-15,Pickens,South Carolina,45077,29051,500.0,126884.0
2021-12-16,Pickens,South Carolina,45077,29082,501.0,126884.0
2021-12-17,Pickens,South Carolina,45077,29128,503.0,126884.0
2021-12-18,Pickens,South Carolina,45077,29128,503.0,126884.0
2021-12-19,Pickens,South Carolina,45077,29128,503.0,126884.0
2021-12-20,Pickens,South Carolina,45077,29246,503.0,126884.0
2021-12-21,Pickens,South Carolina,45077,29286,504.0,126884.0
2021-12-22,Pickens,South Carolina,45077,29299,504.0,126884.0
2021-12-23,Pickens,South Carolina,45077,29362,505.0,126884.0
2021-12-24,Pickens,South Carolina,45077,29362,505.0,126884.0
2021-12-25,Pickens,South Carolina,45077,29362,505.0,126884.0
2021-12-26,Pickens,South Carolina,45077,29362,505.0,126884.0
2021-12-27,Pickens,South Carolina,45077,29362,505.0,126884.0
2021-12-28,Pickens,South Carolina,45077,29362,505.0,126884.0
2021-12-29,Pickens,South Carolina,45077,29700,510.0,126884.0
2021-12-30,Pickens,South Carolina,45077,29785,510.0,126884.0
2021-12-31,Pickens,South Carolina,45077,29986,512.0,126884.0
2022-01-01,Pickens,South Carolina,45077,29986,512.0,126884.0
2022-01-02,Pickens,South Carolina,45077,29986,512.0,126884.0
2022-01-03,Pickens,South Carolina,45077,29986,512.0,126884.0
2022-01-04,Pickens,South Carolina,45077,30938,512.0,126884.0
2022-01-05,Pickens,South Carolina,45077,31043,513.0,126884.0
2022-01-06,Pickens,South Carolina,45077,31390,515.0,126884.0
2022-01-07,Pickens,South Carolina,45077,31978,515.0,126884.0
2022-01-08,Pickens,South Carolina,45077,31978,515.0,126884.0
2022-01-09,Pickens,South Carolina,45077,31978,515.0,126884.0
2022-01-10,Pickens,South Carolina,45077,33325,518.0,126884.0
2022-01-11,Pickens,South Carolina,45077,33558,518.0,126884.0
2022-01-12,Pickens,South Carolina,45077,33795,520.0,126884.0
2022-01-13,Pickens,South Carolina,45077,34302,522.0,126884.0
2022-01-14,Pickens,South Carolina,45077,34930,523.0,126884.0
2022-01-15,Pickens,South Carolina,45077,34930,523.0,126884.0
2022-01-16,Pickens,South Carolina,45077,34930,523.0,126884.0
2022-01-17,Pickens,South Carolina,45077,34930,523.0,126884.0
2022-01-18,Pickens,South Carolina,45077,37749,526.0,126884.0
2022-01-19,Pickens,South Carolina,45077,38085,526.0,126884.0
2022-01-20,Pickens,South Carolina,45077,38332,526.0,126884.0
2022-01-21,Pickens,South Carolina,45077,38589,529.0,126884.0
2022-01-22,Pickens,South Carolina,45077,38589,529.0,126884.0
2022-01-23,Pickens,South Carolina,45077,38589,529.0,126884.0
2022-01-24,Pickens,South Carolina,45077,38589,529.0,126884.0
2022-01-25,Pickens,South Carolina,45077,38589,529.0,126884.0
2022-01-26,Pickens,South Carolina,45077,41546,530.0,126884.0
2022-01-27,Pickens,South Carolina,45077,41815,530.0,126884.0
2022-01-28,Pickens,South Carolina,45077,42484,535.0,126884.0
2022-01-29,Pickens,South Carolina,45077,42484,535.0,126884.0
2022-01-30,Pickens,South Carolina,45077,42484,535.0,126884.0
2022-01-31,Pickens,South Carolina,45077,43533,540.0,126884.0
2022-02-01,Pickens,South Carolina,45077,43678,542.0,126884.0
2022-02-02,Pickens,South Carolina,45077,43775,542.0,126884.0
2022-02-03,Pickens,South Carolina,45077,43978,549.0,126884.0
2022-02-04,Pickens,South Carolina,45077,44175,550.0,126884.0
2022-02-05,Pickens,South Carolina,45077,44175,550.0,126884.0
2022-02-06,Pickens,South Carolina,45077,44175,550.0,126884.0
2022-02-07,Pickens,South Carolina,45077,44614,553.0,126884.0
2022-02-08,Pickens,South Carolina,45077,44683,559.0,126884.0
2022-02-09,Pickens,South Carolina,45077,44744,559.0,126884.0
2022-02-10,Pickens,South Carolina,45077,44827,560.0,126884.0
2022-02-11,Pickens,South Carolina,45077,44827,560.0,126884.0
2022-02-12,Pickens,South Carolina,45077,44827,560.0,126884.0
2022-02-13,Pickens,South Carolina,45077,44827,560.0,126884.0
2022-02-14,Pickens,South Carolina,45077,45148,563.0,126884.0
2022-02-15,Pickens,South Carolina,45077,45190,563.0,126884.0
2022-02-16,Pickens,South Carolina,45077,45222,570.0,126884.0
2022-02-17,Pickens,South Carolina,45077,45280,578.0,126884.0
2022-02-18,Pickens,South Carolina,45077,45325,579.0,126884.0
2022-02-19,Pickens,South Carolina,45077,45325,579.0,126884.0
2022-02-20,Pickens,South Carolina,45077,45325,579.0,126884.0
2022-02-21,Pickens,South Carolina,45077,45325,579.0,126884.0
2022-02-22,Pickens,South Carolina,45077,45484,580.0,126884.0
2022-02-23,Pickens,South Carolina,45077,45495,580.0,126884.0
2022-02-24,Pickens,South Carolina,45077,45529,582.0,126884.0
2022-02-25,Pickens,South Carolina,45077,45556,589.0,126884.0
2022-02-26,Pickens,South Carolina,45077,45556,589.0,126884.0
2022-02-27,Pickens,South Carolina,45077,45556,589.0,126884.0
2022-02-28,Pickens,South Carolina,45077,45603,591.0,126884.0
2022-03-01,Pickens,South Carolina,45077,45607,593.0,126884.0
2022-03-02,Pickens,South Carolina,45077,45615,593.0,126884.0
2022-03-03,Pickens,South Carolina,45077,45632,594.0,126884.0
2022-03-04,Pickens,South Carolina,45077,45646,594.0,126884.0
2022-03-05,Pickens,South Carolina,45077,45646,594.0,126884.0
2022-03-06,Pickens,South Carolina,45077,45646,594.0,126884.0
2022-03-07,Pickens,South Carolina,45077,45658,602.0,126884.0
2022-03-08,Pickens,South Carolina,45077,45660,603.0,126884.0
2022-03-09,Pickens,South Carolina,45077,45665,603.0,126884.0
2022-03-10,Pickens,South Carolina,45077,45669,606.0,126884.0
2022-03-11,Pickens,South Carolina,45077,45678,606.0,126884.0
2022-03-12,Pickens,South Carolina,45077,45678,606.0,126884.0
2022-03-13,Pickens,South Carolina,45077,45678,606.0,126884.0
2022-03-14,Pickens,South Carolina,45077,45678,606.0,126884.0
2022-03-15,Pickens,South Carolina,45077,45676,606.0,126884.0
2022-03-16,Pickens,South Carolina,45077,45676,606.0,126884.0
2022-03-17,Pickens,South Carolina,45077,45676,606.0,126884.0
2022-03-18,Pickens,South Carolina,45077,45676,606.0,126884.0
2022-03-19,Pickens,South Carolina,45077,45676,606.0,126884.0
2022-03-20,Pickens,South Carolina,45077,45676,606.0,126884.0
2022-03-21,Pickens,South Carolina,45077,45676,606.0,126884.0
2022-03-22,Pickens,South Carolina,45077,45757,612.0,126884.0
2022-03-23,Pickens,South Carolina,45077,45757,612.0,126884.0
2022-03-24,Pickens,South Carolina,45077,45757,612.0,126884.0
2022-03-25,Pickens,South Carolina,45077,45757,612.0,126884.0
2022-03-26,Pickens,South Carolina,45077,45757,612.0,126884.0
2022-03-27,Pickens,South Carolina,45077,45757,612.0,126884.0
2022-03-28,Pickens,South Carolina,45077,45757,612.0,126884.0
2022-03-29,Pickens,South Carolina,45077,45775,616.0,126884.0
2022-03-30,Pickens,South Carolina,45077,45775,616.0,126884.0
2022-03-31,Pickens,South Carolina,45077,45775,616.0,126884.0
2022-04-01,Pickens,South Carolina,45077,45775,616.0,126884.0
2022-04-02,Pickens,South Carolina,45077,45775,616.0,126884.0
2022-04-03,Pickens,South Carolina,45077,45775,616.0,126884.0
2022-04-04,Pickens,South Carolina,45077,45775,616.0,126884.0
2022-04-05,Pickens,South Carolina,45077,45820,621.0,126884.0
2022-04-06,Pickens,South Carolina,45077,45820,621.0,126884.0
2022-04-07,Pickens,South Carolina,45077,45820,621.0,126884.0
2022-04-08,Pickens,South Carolina,45077,45820,621.0,126884.0
2022-04-09,Pickens,South Carolina,45077,45820,621.0,126884.0
2022-04-10,Pickens,South Carolina,45077,45820,621.0,126884.0
2022-04-11,Pickens,South Carolina,45077,45820,621.0,126884.0
2022-04-12,Pickens,South Carolina,45077,45840,624.0,126884.0
2022-04-13,Pickens,South Carolina,45077,45840,624.0,126884.0
2022-04-14,Pickens,South Carolina,45077,45840,624.0,126884.0
2022-04-15,Pickens,South Carolina,45077,45840,624.0,126884.0
2022-04-16,Pickens,South Carolina,45077,45840,624.0,126884.0
2022-04-17,Pickens,South Carolina,45077,45840,624.0,126884.0
2022-04-18,Pickens,South Carolina,45077,45840,624.0,126884.0
2022-04-19,Pickens,South Carolina,45077,45892,625.0,126884.0
2022-04-20,Pickens,South Carolina,45077,45892,625.0,126884.0
2022-04-21,Pickens,South Carolina,45077,45892,625.0,126884.0
2022-04-22,Pickens,South Carolina,45077,45892,625.0,126884.0
2022-04-23,Pickens,South Carolina,45077,45892,625.0,126884.0
2022-04-24,Pickens,South Carolina,45077,45892,625.0,126884.0
2022-04-25,Pickens,South Carolina,45077,45892,625.0,126884.0
2022-04-26,Pickens,South Carolina,45077,45892,625.0,126884.0
2022-04-27,Pickens,South Carolina,45077,45892,625.0,126884.0
2022-04-28,Pickens,South Carolina,45077,45942,628.0,126884.0
2022-04-29,Pickens,South Carolina,45077,45942,628.0,126884.0
2022-04-30,Pickens,South Carolina,45077,45942,628.0,126884.0
2021-12-01,Richland,South Carolina,45079,70268,787.0,415759.0
2021-12-02,Richland,South Carolina,45079,70359,789.0,415759.0
2021-12-03,Richland,South Carolina,45079,70437,789.0,415759.0
2021-12-04,Richland,South Carolina,45079,70437,789.0,415759.0
2021-12-05,Richland,South Carolina,45079,70437,789.0,415759.0
2021-12-06,Richland,South Carolina,45079,70622,790.0,415759.0
2021-12-07,Richland,South Carolina,45079,70663,791.0,415759.0
2021-12-08,Richland,South Carolina,45079,70701,792.0,415759.0
2021-12-09,Richland,South Carolina,45079,70767,793.0,415759.0
2021-12-10,Richland,South Carolina,45079,70854,795.0,415759.0
2021-12-11,Richland,South Carolina,45079,70854,795.0,415759.0
2021-12-12,Richland,South Carolina,45079,70854,795.0,415759.0
2021-12-13,Richland,South Carolina,45079,71012,796.0,415759.0
2021-12-14,Richland,South Carolina,45079,71064,798.0,415759.0
2021-12-15,Richland,South Carolina,45079,71089,799.0,415759.0
2021-12-16,Richland,South Carolina,45079,71171,799.0,415759.0
2021-12-17,Richland,South Carolina,45079,71257,799.0,415759.0
2021-12-18,Richland,South Carolina,45079,71257,799.0,415759.0
2021-12-19,Richland,South Carolina,45079,71257,799.0,415759.0
2021-12-20,Richland,South Carolina,45079,71579,799.0,415759.0
2021-12-21,Richland,South Carolina,45079,71662,799.0,415759.0
2021-12-22,Richland,South Carolina,45079,71773,800.0,415759.0
2021-12-23,Richland,South Carolina,45079,72050,800.0,415759.0
2021-12-24,Richland,South Carolina,45079,72050,800.0,415759.0
2021-12-25,Richland,South Carolina,45079,72050,800.0,415759.0
2021-12-26,Richland,South Carolina,45079,72050,800.0,415759.0
2021-12-27,Richland,South Carolina,45079,72050,800.0,415759.0
2021-12-28,Richland,South Carolina,45079,72050,800.0,415759.0
2021-12-29,Richland,South Carolina,45079,74208,801.0,415759.0
2021-12-30,Richland,South Carolina,45079,74853,801.0,415759.0
2021-12-31,Richland,South Carolina,45079,76175,801.0,415759.0
2022-01-01,Richland,South Carolina,45079,76175,801.0,415759.0
2022-01-02,Richland,South Carolina,45079,76175,801.0,415759.0
2022-01-03,Richland,South Carolina,45079,76175,801.0,415759.0
2022-01-04,Richland,South Carolina,45079,80959,805.0,415759.0
2022-01-05,Richland,South Carolina,45079,81927,805.0,415759.0
2022-01-06,Richland,South Carolina,45079,83761,806.0,415759.0
2022-01-07,Richland,South Carolina,45079,85356,806.0,415759.0
2022-01-08,Richland,South Carolina,45079,85356,806.0,415759.0
2022-01-09,Richland,South Carolina,45079,85356,806.0,415759.0
2022-01-10,Richland,South Carolina,45079,89803,807.0,415759.0
2022-01-11,Richland,South Carolina,45079,90724,810.0,415759.0
2022-01-12,Richland,South Carolina,45079,91971,811.0,415759.0
2022-01-13,Richland,South Carolina,45079,93834,811.0,415759.0
2022-01-14,Richland,South Carolina,45079,95494,812.0,415759.0
2022-01-15,Richland,South Carolina,45079,95494,812.0,415759.0
2022-01-16,Richland,South Carolina,45079,95494,812.0,415759.0
2022-01-17,Richland,South Carolina,45079,95494,812.0,415759.0
2022-01-18,Richland,South Carolina,45079,102249,817.0,415759.0
2022-01-19,Richland,South Carolina,45079,102973,817.0,415759.0
2022-01-20,Richland,South Carolina,45079,104055,817.0,415759.0
2022-01-21,Richland,South Carolina,45079,105365,818.0,415759.0
2022-01-22,Richland,South Carolina,45079,105365,818.0,415759.0
2022-01-23,Richland,South Carolina,45079,105365,818.0,415759.0
2022-01-24,Richland,South Carolina,45079,105365,818.0,415759.0
2022-01-25,Richland,South Carolina,45079,105365,818.0,415759.0
2022-01-26,Richland,South Carolina,45079,109697,820.0,415759.0
2022-01-27,Richland,South Carolina,45079,110423,820.0,415759.0
2022-01-28,Richland,South Carolina,45079,111938,825.0,415759.0
2022-01-29,Richland,South Carolina,45079,111938,825.0,415759.0
2022-01-30,Richland,South Carolina,45079,111938,825.0,415759.0
2022-01-31,Richland,South Carolina,45079,114014,834.0,415759.0
2022-02-01,Richland,South Carolina,45079,114292,834.0,415759.0
2022-02-02,Richland,South Carolina,45079,114617,843.0,415759.0
2022-02-03,Richland,South Carolina,45079,115093,846.0,415759.0
2022-02-04,Richland,South Carolina,45079,115589,846.0,415759.0
2022-02-05,Richland,South Carolina,45079,115589,846.0,415759.0
2022-02-06,Richland,South Carolina,45079,115589,846.0,415759.0
2022-02-07,Richland,South Carolina,45079,116799,851.0,415759.0
2022-02-08,Richland,South Carolina,45079,117015,851.0,415759.0
2022-02-09,Richland,South Carolina,45079,117506,855.0,415759.0
2022-02-10,Richland,South Carolina,45079,117759,864.0,415759.0
2022-02-11,Richland,South Carolina,45079,117759,864.0,415759.0
2022-02-12,Richland,South Carolina,45079,117759,864.0,415759.0
2022-02-13,Richland,South Carolina,45079,117759,864.0,415759.0
2022-02-14,Richland,South Carolina,45079,118759,870.0,415759.0
2022-02-15,Richland,South Carolina,45079,118849,870.0,415759.0
2022-02-16,Richland,South Carolina,45079,119056,880.0,415759.0
2022-02-17,Richland,South Carolina,45079,119215,883.0,415759.0
2022-02-18,Richland,South Carolina,45079,119399,883.0,415759.0
2022-02-19,Richland,South Carolina,45079,119399,883.0,415759.0
2022-02-20,Richland,South Carolina,45079,119399,883.0,415759.0
2022-02-21,Richland,South Carolina,45079,119399,883.0,415759.0
2022-02-22,Richland,South Carolina,45079,121134,885.0,415759.0
2022-02-23,Richland,South Carolina,45079,121191,885.0,415759.0
2022-02-24,Richland,South Carolina,45079,121291,886.0,415759.0
2022-02-25,Richland,South Carolina,45079,121379,889.0,415759.0
2022-02-26,Richland,South Carolina,45079,121379,889.0,415759.0
2022-02-27,Richland,South Carolina,45079,121379,889.0,415759.0
2022-02-28,Richland,South Carolina,45079,121563,893.0,415759.0
2022-03-01,Richland,South Carolina,45079,121593,895.0,415759.0
2022-03-02,Richland,South Carolina,45079,121639,895.0,415759.0
2022-03-03,Richland,South Carolina,45079,121684,895.0,415759.0
2022-03-04,Richland,South Carolina,45079,121736,895.0,415759.0
2022-03-05,Richland,South Carolina,45079,121736,895.0,415759.0
2022-03-06,Richland,South Carolina,45079,121736,895.0,415759.0
2022-03-07,Richland,South Carolina,45079,121886,907.0,415759.0
2022-03-08,Richland,South Carolina,45079,121891,912.0,415759.0
2022-03-09,Richland,South Carolina,45079,121915,914.0,415759.0
2022-03-10,Richland,South Carolina,45079,121931,920.0,415759.0
2022-03-11,Richland,South Carolina,45079,122003,920.0,415759.0
2022-03-12,Richland,South Carolina,45079,122003,920.0,415759.0
2022-03-13,Richland,South Carolina,45079,122003,920.0,415759.0
2022-03-14,Richland,South Carolina,45079,122003,920.0,415759.0
2022-03-15,Richland,South Carolina,45079,122056,921.0,415759.0
2022-03-16,Richland,South Carolina,45079,122056,921.0,415759.0
2022-03-17,Richland,South Carolina,45079,122056,921.0,415759.0
2022-03-18,Richland,South Carolina,45079,122056,921.0,415759.0
2022-03-19,Richland,South Carolina,45079,122056,921.0,415759.0
2022-03-20,Richland,South Carolina,45079,122056,921.0,415759.0
2022-03-21,Richland,South Carolina,45079,122056,921.0,415759.0
2022-03-22,Richland,South Carolina,45079,122105,926.0,415759.0
2022-03-23,Richland,South Carolina,45079,122105,926.0,415759.0
2022-03-24,Richland,South Carolina,45079,122105,926.0,415759.0
2022-03-25,Richland,South Carolina,45079,122105,926.0,415759.0
2022-03-26,Richland,South Carolina,45079,122105,926.0,415759.0
2022-03-27,Richland,South Carolina,45079,122105,926.0,415759.0
2022-03-28,Richland,South Carolina,45079,122105,926.0,415759.0
2022-03-29,Richland,South Carolina,45079,122129,932.0,415759.0
2022-03-30,Richland,South Carolina,45079,122129,932.0,415759.0
2022-03-31,Richland,South Carolina,45079,122129,932.0,415759.0
2022-04-01,Richland,South Carolina,45079,122129,932.0,415759.0
2022-04-02,Richland,South Carolina,45079,122129,932.0,415759.0
2022-04-03,Richland,South Carolina,45079,122129,932.0,415759.0
2022-04-04,Richland,South Carolina,45079,122129,932.0,415759.0
2022-04-05,Richland,South Carolina,45079,122213,937.0,415759.0
2022-04-06,Richland,South Carolina,45079,122213,937.0,415759.0
2022-04-07,Richland,South Carolina,45079,122213,937.0,415759.0
2022-04-08,Richland,South Carolina,45079,122213,937.0,415759.0
2022-04-09,Richland,South Carolina,45079,122213,937.0,415759.0
2022-04-10,Richland,South Carolina,45079,122213,937.0,415759.0
2022-04-11,Richland,South Carolina,45079,122213,937.0,415759.0
2022-04-12,Richland,South Carolina,45079,122265,937.0,415759.0
2022-04-13,Richland,South Carolina,45079,122265,937.0,415759.0
2022-04-14,Richland,South Carolina,45079,122265,937.0,415759.0
2022-04-15,Richland,South Carolina,45079,122265,937.0,415759.0
2022-04-16,Richland,South Carolina,45079,122265,937.0,415759.0
2022-04-17,Richland,South Carolina,45079,122265,937.0,415759.0
2022-04-18,Richland,South Carolina,45079,122265,937.0,415759.0
2022-04-19,Richland,South Carolina,45079,122419,939.0,415759.0
2022-04-20,Richland,South Carolina,45079,122419,939.0,415759.0
2022-04-21,Richland,South Carolina,45079,122419,939.0,415759.0
2022-04-22,Richland,South Carolina,45079,122419,939.0,415759.0
2022-04-23,Richland,South Carolina,45079,122419,939.0,415759.0
2022-04-24,Richland,South Carolina,45079,122419,939.0,415759.0
2022-04-25,Richland,South Carolina,45079,122419,939.0,415759.0
2022-04-26,Richland,South Carolina,45079,122419,939.0,415759.0
2022-04-27,Richland,South Carolina,45079,122419,939.0,415759.0
2022-04-28,Richland,South Carolina,45079,122652,943.0,415759.0
2022-04-29,Richland,South Carolina,45079,122652,943.0,415759.0
2022-04-30,Richland,South Carolina,45079,122652,943.0,415759.0
2021-12-01,Davidson,Tennessee,47037,135846,1205.0,694144.0
2021-12-02,Davidson,Tennessee,47037,135846,1205.0,694144.0
2021-12-03,Davidson,Tennessee,47037,136279,1210.0,694144.0
2021-12-04,Davidson,Tennessee,47037,136279,1210.0,694144.0
2021-12-05,Davidson,Tennessee,47037,136279,1210.0,694144.0
2021-12-06,Davidson,Tennessee,47037,136773,1220.0,694144.0
2021-12-07,Davidson,Tennessee,47037,136773,1223.0,694144.0
2021-12-08,Davidson,Tennessee,47037,136986,1225.0,694144.0
2021-12-09,Davidson,Tennessee,47037,136986,1225.0,694144.0
2021-12-10,Davidson,Tennessee,47037,137371,1226.0,694144.0
2021-12-11,Davidson,Tennessee,47037,137371,1226.0,694144.0
2021-12-12,Davidson,Tennessee,47037,137371,1226.0,694144.0
2021-12-13,Davidson,Tennessee,47037,137754,1230.0,694144.0
2021-12-14,Davidson,Tennessee,47037,137754,1230.0,694144.0
2021-12-15,Davidson,Tennessee,47037,137964,1235.0,694144.0
2021-12-16,Davidson,Tennessee,47037,137964,1236.0,694144.0
2021-12-17,Davidson,Tennessee,47037,138460,1236.0,694144.0
2021-12-18,Davidson,Tennessee,47037,138460,1236.0,694144.0
2021-12-19,Davidson,Tennessee,47037,138460,1236.0,694144.0
2021-12-20,Davidson,Tennessee,47037,138460,1245.0,694144.0
2021-12-21,Davidson,Tennessee,47037,138460,1248.0,694144.0
2021-12-22,Davidson,Tennessee,47037,140061,1250.0,694144.0
2021-12-23,Davidson,Tennessee,47037,140061,1355.0,694144.0
2021-12-24,Davidson,Tennessee,47037,140061,1355.0,694144.0
2021-12-25,Davidson,Tennessee,47037,140061,1355.0,694144.0
2021-12-26,Davidson,Tennessee,47037,140061,1355.0,694144.0
2021-12-27,Davidson,Tennessee,47037,140061,1369.0,694144.0
2021-12-28,Davidson,Tennessee,47037,140061,1377.0,694144.0
2021-12-29,Davidson,Tennessee,47037,145386,1382.0,694144.0
2021-12-30,Davidson,Tennessee,47037,145386,1384.0,694144.0
2021-12-31,Davidson,Tennessee,47037,149462,1384.0,694144.0
2022-01-01,Davidson,Tennessee,47037,149462,1384.0,694144.0
2022-01-02,Davidson,Tennessee,47037,149462,1384.0,694144.0
2022-01-03,Davidson,Tennessee,47037,154851,1384.0,694144.0
2022-01-04,Davidson,Tennessee,47037,154851,1386.0,694144.0
2022-01-05,Davidson,Tennessee,47037,157311,1386.0,694144.0
2022-01-06,Davidson,Tennessee,47037,157311,1386.0,694144.0
2022-01-07,Davidson,Tennessee,47037,162661,1386.0,694144.0
2022-01-08,Davidson,Tennessee,47037,162661,1386.0,694144.0
2022-01-09,Davidson,Tennessee,47037,162661,1386.0,694144.0
2022-01-10,Davidson,Tennessee,47037,167346,1386.0,694144.0
2022-01-11,Davidson,Tennessee,47037,167346,1386.0,694144.0
2022-01-12,Davidson,Tennessee,47037,170069,1393.0,694144.0
2022-01-13,Davidson,Tennessee,47037,170069,1393.0,694144.0
2022-01-14,Davidson,Tennessee,47037,173956,1393.0,694144.0
2022-01-15,Davidson,Tennessee,47037,173956,1393.0,694144.0
2022-01-16,Davidson,Tennessee,47037,173956,1393.0,694144.0
2022-01-17,Davidson,Tennessee,47037,179427,1401.0,694144.0
2022-01-18,Davidson,Tennessee,47037,179427,1401.0,694144.0
2022-01-19,Davidson,Tennessee,47037,181067,1425.0,694144.0
2022-01-20,Davidson,Tennessee,47037,181067,1425.0,694144.0
2022-01-21,Davidson,Tennessee,47037,185079,1425.0,694144.0
2022-01-22,Davidson,Tennessee,47037,185079,1425.0,694144.0
2022-01-23,Davidson,Tennessee,47037,185079,1425.0,694144.0
2022-01-24,Davidson,Tennessee,47037,188886,1426.0,694144.0
2022-01-25,Davidson,Tennessee,47037,188886,1426.0,694144.0
2022-01-26,Davidson,Tennessee,47037,191254,1452.0,694144.0
2022-01-27,Davidson,Tennessee,47037,191254,1452.0,694144.0
2022-01-28,Davidson,Tennessee,47037,193686,1452.0,694144.0
2022-01-29,Davidson,Tennessee,47037,193686,1452.0,694144.0
2022-01-30,Davidson,Tennessee,47037,193686,1452.0,694144.0
2022-01-31,Davidson,Tennessee,47037,196376,1458.0,694144.0
2022-02-01,Davidson,Tennessee,47037,196376,1458.0,694144.0
2022-02-02,Davidson,Tennessee,47037,197612,1485.0,694144.0
2022-02-03,Davidson,Tennessee,47037,197612,1485.0,694144.0
2022-02-04,Davidson,Tennessee,47037,199416,1485.0,694144.0
2022-02-05,Davidson,Tennessee,47037,199416,1485.0,694144.0
2022-02-06,Davidson,Tennessee,47037,199416,1485.0,694144.0
2022-02-07,Davidson,Tennessee,47037,200927,1487.0,694144.0
2022-02-08,Davidson,Tennessee,47037,200927,1487.0,694144.0
2022-02-09,Davidson,Tennessee,47037,201749,1516.0,694144.0
2022-02-10,Davidson,Tennessee,47037,201749,1516.0,694144.0
2022-02-11,Davidson,Tennessee,47037,202675,1516.0,694144.0
2022-02-12,Davidson,Tennessee,47037,202675,1516.0,694144.0
2022-02-13,Davidson,Tennessee,47037,202675,1516.0,694144.0
2022-02-14,Davidson,Tennessee,47037,203551,1516.0,694144.0
2022-02-15,Davidson,Tennessee,47037,203551,1516.0,694144.0
2022-02-16,Davidson,Tennessee,47037,203961,1534.0,694144.0
2022-02-17,Davidson,Tennessee,47037,203961,1534.0,694144.0
2022-02-18,Davidson,Tennessee,47037,204386,1534.0,694144.0
2022-02-19,Davidson,Tennessee,47037,204386,1534.0,694144.0
2022-02-20,Davidson,Tennessee,47037,204386,1534.0,694144.0
2022-02-21,Davidson,Tennessee,47037,204860,1536.0,694144.0
2022-02-22,Davidson,Tennessee,47037,204860,1536.0,694144.0
2022-02-23,Davidson,Tennessee,47037,205061,1568.0,694144.0
2022-02-24,Davidson,Tennessee,47037,205061,1568.0,694144.0
2022-02-25,Davidson,Tennessee,47037,205375,1568.0,694144.0
2022-02-26,Davidson,Tennessee,47037,205375,1568.0,694144.0
2022-02-27,Davidson,Tennessee,47037,205375,1568.0,694144.0
2022-02-28,Davidson,Tennessee,47037,205570,1568.0,694144.0
2022-03-01,Davidson,Tennessee,47037,205570,1568.0,694144.0
2022-03-02,Davidson,Tennessee,47037,205772,1584.0,694144.0
2022-03-03,Davidson,Tennessee,47037,205772,1584.0,694144.0
2022-03-04,Davidson,Tennessee,47037,205987,1584.0,694144.0
2022-03-05,Davidson,Tennessee,47037,205987,1584.0,694144.0
2022-03-06,Davidson,Tennessee,47037,205987,1584.0,694144.0
2022-03-07,Davidson,Tennessee,47037,206089,1584.0,694144.0
2022-03-08,Davidson,Tennessee,47037,206089,1584.0,694144.0
2022-03-09,Davidson,Tennessee,47037,206190,1601.0,694144.0
2022-03-10,Davidson,Tennessee,47037,206190,1601.0,694144.0
2022-03-11,Davidson,Tennessee,47037,206359,1601.0,694144.0
2022-03-12,Davidson,Tennessee,47037,206359,1601.0,694144.0
2022-03-13,Davidson,Tennessee,47037,206359,1601.0,694144.0
2022-03-14,Davidson,Tennessee,47037,206440,1601.0,694144.0
2022-03-15,Davidson,Tennessee,47037,206440,1601.0,694144.0
2022-03-16,Davidson,Tennessee,47037,206522,1623.0,694144.0
2022-03-17,Davidson,Tennessee,47037,206522,1623.0,694144.0
2022-03-18,Davidson,Tennessee,47037,206615,1623.0,694144.0
2022-03-19,Davidson,Tennessee,47037,206615,1623.0,694144.0
2022-03-20,Davidson,Tennessee,47037,206615,1623.0,694144.0
2022-03-21,Davidson,Tennessee,47037,206711,1623.0,694144.0
2022-03-22,Davidson,Tennessee,47037,206711,1623.0,694144.0
2022-03-23,Davidson,Tennessee,47037,206775,1631.0,694144.0
2022-03-24,Davidson,Tennessee,47037,206775,1631.0,694144.0
2022-03-25,Davidson,Tennessee,47037,206889,1631.0,694144.0
2022-03-26,Davidson,Tennessee,47037,206889,1631.0,694144.0
2022-03-27,Davidson,Tennessee,47037,206889,1631.0,694144.0
2022-03-28,Davidson,Tennessee,47037,206980,1631.0,694144.0
2022-03-29,Davidson,Tennessee,47037,206980,1631.0,694144.0
2022-03-30,Davidson,Tennessee,47037,207054,1635.0,694144.0
2022-03-31,Davidson,Tennessee,47037,207054,1635.0,694144.0
2022-04-01,Davidson,Tennessee,47037,207132,1635.0,694144.0
2022-04-02,Davidson,Tennessee,47037,207132,1635.0,694144.0
2022-04-03,Davidson,Tennessee,47037,207132,1635.0,694144.0
2022-04-04,Davidson,Tennessee,47037,207193,1635.0,694144.0
2022-04-05,Davidson,Tennessee,47037,207193,1635.0,694144.0
2022-04-06,Davidson,Tennessee,47037,207262,1641.0,694144.0
2022-04-07,Davidson,Tennessee,47037,207262,1641.0,694144.0
2022-04-08,Davidson,Tennessee,47037,207404,1641.0,694144.0
2022-04-09,Davidson,Tennessee,47037,207404,1641.0,694144.0
2022-04-10,Davidson,Tennessee,47037,207404,1641.0,694144.0
2022-04-11,Davidson,Tennessee,47037,207548,1641.0,694144.0
2022-04-12,Davidson,Tennessee,47037,207548,1641.0,694144.0
2022-04-13,Davidson,Tennessee,47037,207635,1664.0,694144.0
2022-04-14,Davidson,Tennessee,47037,207635,1664.0,694144.0
2022-04-15,Davidson,Tennessee,47037,207807,1664.0,694144.0
2022-04-16,Davidson,Tennessee,47037,207807,1664.0,694144.0
2022-04-17,Davidson,Tennessee,47037,207807,1664.0,694144.0
2022-04-18,Davidson,Tennessee,47037,208020,1664.0,694144.0
2022-04-19,Davidson,Tennessee,47037,208020,1664.0,694144.0
2022-04-20,Davidson,Tennessee,47037,208147,1670.0,694144.0
2022-04-21,Davidson,Tennessee,47037,208147,1670.0,694144.0
2022-04-22,Davidson,Tennessee,47037,208350,1670.0,694144.0
2022-04-23,Davidson,Tennessee,47037,208350,1670.0,694144.0
2022-04-24,Davidson,Tennessee,47037,208350,1670.0,694144.0
2022-04-25,Davidson,Tennessee,47037,208592,1670.0,694144.0
2022-04-26,Davidson,Tennessee,47037,208592,1670.0,694144.0
2022-04-27,Davidson,Tennessee,47037,208752,1673.0,694144.0
2022-04-28,Davidson,Tennessee,47037,208752,1673.0,694144.0
2022-04-29,Davidson,Tennessee,47037,208958,1673.0,694144.0
2022-04-30,Davidson,Tennessee,47037,208958,1673.0,694144.0
2021-12-01,Knox,Tennessee,47093,81052,954.0,470313.0
2021-12-02,Knox,Tennessee,47093,81236,958.0,470313.0
2021-12-03,Knox,Tennessee,47093,81372,958.0,470313.0
2021-12-04,Knox,Tennessee,47093,81372,958.0,470313.0
2021-12-05,Knox,Tennessee,47093,81372,958.0,470313.0
2021-12-06,Knox,Tennessee,47093,81633,963.0,470313.0
2021-12-07,Knox,Tennessee,47093,81776,971.0,470313.0
2021-12-08,Knox,Tennessee,47093,81902,973.0,470313.0
2021-12-09,Knox,Tennessee,47093,81902,973.0,470313.0
2021-12-10,Knox,Tennessee,47093,82191,977.0,470313.0
2021-12-11,Knox,Tennessee,47093,82191,977.0,470313.0
2021-12-12,Knox,Tennessee,47093,82191,977.0,470313.0
2021-12-13,Knox,Tennessee,47093,82393,983.0,470313.0
2021-12-14,Knox,Tennessee,47093,82502,987.0,470313.0
2021-12-15,Knox,Tennessee,47093,82609,990.0,470313.0
2021-12-16,Knox,Tennessee,47093,82766,991.0,470313.0
2021-12-17,Knox,Tennessee,47093,82906,993.0,470313.0
2021-12-18,Knox,Tennessee,47093,82906,993.0,470313.0
2021-12-19,Knox,Tennessee,47093,82906,993.0,470313.0
2021-12-20,Knox,Tennessee,47093,83187,997.0,470313.0
2021-12-21,Knox,Tennessee,47093,83291,998.0,470313.0
2021-12-22,Knox,Tennessee,47093,83465,1001.0,470313.0
2021-12-23,Knox,Tennessee,47093,83647,1049.0,470313.0
2021-12-24,Knox,Tennessee,47093,83647,1049.0,470313.0
2021-12-25,Knox,Tennessee,47093,83647,1049.0,470313.0
2021-12-26,Knox,Tennessee,47093,83647,1049.0,470313.0
2021-12-27,Knox,Tennessee,47093,84190,1061.0,470313.0
2021-12-28,Knox,Tennessee,47093,84498,1063.0,470313.0
2021-12-29,Knox,Tennessee,47093,84850,1064.0,470313.0
2021-12-30,Knox,Tennessee,47093,85554,1065.0,470313.0
2021-12-31,Knox,Tennessee,47093,85554,1065.0,470313.0
2022-01-01,Knox,Tennessee,47093,85554,1065.0,470313.0
2022-01-02,Knox,Tennessee,47093,85554,1065.0,470313.0
2022-01-03,Knox,Tennessee,47093,87277,1070.0,470313.0
2022-01-04,Knox,Tennessee,47093,87981,1076.0,470313.0
2022-01-05,Knox,Tennessee,47093,87981,1076.0,470313.0
2022-01-06,Knox,Tennessee,47093,87981,1076.0,470313.0
2022-01-07,Knox,Tennessee,47093,87981,1076.0,470313.0
2022-01-08,Knox,Tennessee,47093,87981,1076.0,470313.0
2022-01-09,Knox,Tennessee,47093,87981,1076.0,470313.0
2022-01-10,Knox,Tennessee,47093,87981,1076.0,470313.0
2022-01-11,Knox,Tennessee,47093,90723,1076.0,470313.0
2022-01-12,Knox,Tennessee,47093,92864,1079.0,470313.0
2022-01-13,Knox,Tennessee,47093,92864,1079.0,470313.0
2022-01-14,Knox,Tennessee,47093,92864,1079.0,470313.0
2022-01-15,Knox,Tennessee,47093,92864,1079.0,470313.0
2022-01-16,Knox,Tennessee,47093,92864,1079.0,470313.0
2022-01-17,Knox,Tennessee,47093,92864,1079.0,470313.0
2022-01-18,Knox,Tennessee,47093,92864,1079.0,470313.0
2022-01-19,Knox,Tennessee,47093,100632,1103.0,470313.0
2022-01-20,Knox,Tennessee,47093,100632,1103.0,470313.0
2022-01-21,Knox,Tennessee,47093,100632,1103.0,470313.0
2022-01-22,Knox,Tennessee,47093,100632,1103.0,470313.0
2022-01-23,Knox,Tennessee,47093,100632,1103.0,470313.0
2022-01-24,Knox,Tennessee,47093,100632,1103.0,470313.0
2022-01-25,Knox,Tennessee,47093,100632,1103.0,470313.0
2022-01-26,Knox,Tennessee,47093,109058,1132.0,470313.0
2022-01-27,Knox,Tennessee,47093,109058,1132.0,470313.0
2022-01-28,Knox,Tennessee,47093,109058,1132.0,470313.0
2022-01-29,Knox,Tennessee,47093,109058,1132.0,470313.0
2022-01-30,Knox,Tennessee,47093,109058,1132.0,470313.0
2022-01-31,Knox,Tennessee,47093,109058,1132.0,470313.0
2022-02-01,Knox,Tennessee,47093,109058,1132.0,470313.0
2022-02-02,Knox,Tennessee,47093,116195,1166.0,470313.0
2022-02-03,Knox,Tennessee,47093,116195,1166.0,470313.0
2022-02-04,Knox,Tennessee,47093,116195,1166.0,470313.0
2022-02-05,Knox,Tennessee,47093,116195,1166.0,470313.0
2022-02-06,Knox,Tennessee,47093,116195,1166.0,470313.0
2022-02-07,Knox,Tennessee,47093,116195,1166.0,470313.0
2022-02-08,Knox,Tennessee,47093,116195,1166.0,470313.0
2022-02-09,Knox,Tennessee,47093,121675,1194.0,470313.0
2022-02-10,Knox,Tennessee,47093,121675,1194.0,470313.0
2022-02-11,Knox,Tennessee,47093,121675,1194.0,470313.0
2022-02-12,Knox,Tennessee,47093,121675,1194.0,470313.0
2022-02-13,Knox,Tennessee,47093,121675,1194.0,470313.0
2022-02-14,Knox,Tennessee,47093,121675,1194.0,470313.0
2022-02-15,Knox,Tennessee,47093,121675,1194.0,470313.0
2022-02-16,Knox,Tennessee,47093,124460,1234.0,470313.0
2022-02-17,Knox,Tennessee,47093,124460,1234.0,470313.0
2022-02-18,Knox,Tennessee,47093,124460,1234.0,470313.0
2022-02-19,Knox,Tennessee,47093,124460,1234.0,470313.0
2022-02-20,Knox,Tennessee,47093,124460,1234.0,470313.0
2022-02-21,Knox,Tennessee,47093,124460,1234.0,470313.0
2022-02-22,Knox,Tennessee,47093,124460,1234.0,470313.0
2022-02-23,Knox,Tennessee,47093,126007,1257.0,470313.0
2022-02-24,Knox,Tennessee,47093,126007,1257.0,470313.0
2022-02-25,Knox,Tennessee,47093,126007,1257.0,470313.0
2022-02-26,Knox,Tennessee,47093,126007,1257.0,470313.0
2022-02-27,Knox,Tennessee,47093,126007,1257.0,470313.0
2022-02-28,Knox,Tennessee,47093,126007,1257.0,470313.0
2022-03-01,Knox,Tennessee,47093,126007,1257.0,470313.0
2022-03-02,Knox,Tennessee,47093,126763,1277.0,470313.0
2022-03-03,Knox,Tennessee,47093,126763,1277.0,470313.0
2022-03-04,Knox,Tennessee,47093,126763,1277.0,470313.0
2022-03-05,Knox,Tennessee,47093,126763,1277.0,470313.0
2022-03-06,Knox,Tennessee,47093,126763,1277.0,470313.0
2022-03-07,Knox,Tennessee,47093,126763,1277.0,470313.0
2022-03-08,Knox,Tennessee,47093,126763,1277.0,470313.0
2022-03-09,Knox,Tennessee,47093,127157,1298.0,470313.0
2022-03-10,Knox,Tennessee,47093,127157,1298.0,470313.0
2022-03-11,Knox,Tennessee,47093,127157,1298.0,470313.0
2022-03-12,Knox,Tennessee,47093,127157,1298.0,470313.0
2022-03-13,Knox,Tennessee,47093,127157,1298.0,470313.0
2022-03-14,Knox,Tennessee,47093,127157,1298.0,470313.0
2022-03-15,Knox,Tennessee,47093,127157,1298.0,470313.0
2022-03-16,Knox,Tennessee,47093,127369,1318.0,470313.0
2022-03-17,Knox,Tennessee,47093,127369,1318.0,470313.0
2022-03-18,Knox,Tennessee,47093,127369,1318.0,470313.0
2022-03-19,Knox,Tennessee,47093,127369,1318.0,470313.0
2022-03-20,Knox,Tennessee,47093,127369,1318.0,470313.0
2022-03-21,Knox,Tennessee,47093,127369,1318.0,470313.0
2022-03-22,Knox,Tennessee,47093,127369,1318.0,470313.0
2022-03-23,Knox,Tennessee,47093,127542,1335.0,470313.0
2022-03-24,Knox,Tennessee,47093,127542,1335.0,470313.0
2022-03-25,Knox,Tennessee,47093,127542,1335.0,470313.0
2022-03-26,Knox,Tennessee,47093,127542,1335.0,470313.0
2022-03-27,Knox,Tennessee,47093,127542,1335.0,470313.0
2022-03-28,Knox,Tennessee,47093,127542,1335.0,470313.0
2022-03-29,Knox,Tennessee,47093,127542,1335.0,470313.0
2022-03-30,Knox,Tennessee,47093,127671,1343.0,470313.0
2022-03-31,Knox,Tennessee,47093,127671,1343.0,470313.0
2022-04-01,Knox,Tennessee,47093,127671,1343.0,470313.0
2022-04-02,Knox,Tennessee,47093,127671,1343.0,470313.0
2022-04-03,Knox,Tennessee,47093,127671,1343.0,470313.0
2022-04-04,Knox,Tennessee,47093,127671,1343.0,470313.0
2022-04-05,Knox,Tennessee,47093,127671,1343.0,470313.0
2022-04-06,Knox,Tennessee,47093,127773,1353.0,470313.0
2022-04-07,Knox,Tennessee,47093,127773,1353.0,470313.0
2022-04-08,Knox,Tennessee,47093,127773,1353.0,470313.0
2022-04-09,Knox,Tennessee,47093,127773,1353.0,470313.0
2022-04-10,Knox,Tennessee,47093,127773,1353.0,470313.0
2022-04-11,Knox,Tennessee,47093,127773,1353.0,470313.0
2022-04-12,Knox,Tennessee,47093,127773,1353.0,470313.0
2022-04-13,Knox,Tennessee,47093,127860,1371.0,470313.0
2022-04-14,Knox,Tennessee,47093,127860,1371.0,470313.0
2022-04-15,Knox,Tennessee,47093,127860,1371.0,470313.0
2022-04-16,Knox,Tennessee,47093,127860,1371.0,470313.0
2022-04-17,Knox,Tennessee,47093,127860,1371.0,470313.0
2022-04-18,Knox,Tennessee,47093,127860,1371.0,470313.0
2022-04-19,Knox,Tennessee,47093,127860,1371.0,470313.0
2022-04-20,Knox,Tennessee,47093,127998,1377.0,470313.0
2022-04-21,Knox,Tennessee,47093,127998,1377.0,470313.0
2022-04-22,Knox,Tennessee,47093,127998,1377.0,470313.0
2022-04-23,Knox,Tennessee,47093,127998,1377.0,470313.0
2022-04-24,Knox,Tennessee,47093,127998,1377.0,470313.0
2022-04-25,Knox,Tennessee,47093,127998,1377.0,470313.0
2022-04-26,Knox,Tennessee,47093,127998,1377.0,470313.0
2022-04-27,Knox,Tennessee,47093,128199,1378.0,470313.0
2022-04-28,Knox,Tennessee,47093,128199,1378.0,470313.0
2022-04-29,Knox,Tennessee,47093,128199,1378.0,470313.0
2022-04-30,Knox,Tennessee,47093,128199,1378.0,470313.0
2021-12-01,Putnam,Tennessee,47141,17133,226.0,80245.0
2021-12-02,Putnam,Tennessee,47141,17151,227.0,80245.0
2021-12-03,Putnam,Tennessee,47141,17173,228.0,80245.0
2021-12-04,Putnam,Tennessee,47141,17173,228.0,80245.0
2021-12-05,Putnam,Tennessee,47141,17173,228.0,80245.0
2021-12-06,Putnam,Tennessee,47141,17214,228.0,80245.0
2021-12-07,Putnam,Tennessee,47141,17234,228.0,80245.0
2021-12-08,Putnam,Tennessee,47141,17259,228.0,80245.0
2021-12-09,Putnam,Tennessee,47141,17259,228.0,80245.0
2021-12-10,Putnam,Tennessee,47141,17304,228.0,80245.0
2021-12-11,Putnam,Tennessee,47141,17304,228.0,80245.0
2021-12-12,Putnam,Tennessee,47141,17304,228.0,80245.0
2021-12-13,Putnam,Tennessee,47141,17354,228.0,80245.0
2021-12-14,Putnam,Tennessee,47141,17372,228.0,80245.0
2021-12-15,Putnam,Tennessee,47141,17409,229.0,80245.0
2021-12-16,Putnam,Tennessee,47141,17423,230.0,80245.0
2021-12-17,Putnam,Tennessee,47141,17444,232.0,80245.0
2021-12-18,Putnam,Tennessee,47141,17444,232.0,80245.0
2021-12-19,Putnam,Tennessee,47141,17444,232.0,80245.0
2021-12-20,Putnam,Tennessee,47141,17503,232.0,80245.0
2021-12-21,Putnam,Tennessee,47141,17527,232.0,80245.0
2021-12-22,Putnam,Tennessee,47141,17560,234.0,80245.0
2021-12-23,Putnam,Tennessee,47141,17618,257.0,80245.0
2021-12-24,Putnam,Tennessee,47141,17618,257.0,80245.0
2021-12-25,Putnam,Tennessee,47141,17618,257.0,80245.0
2021-12-26,Putnam,Tennessee,47141,17618,257.0,80245.0
2021-12-27,Putnam,Tennessee,47141,17686,259.0,80245.0
2021-12-28,Putnam,Tennessee,47141,17731,260.0,80245.0
2021-12-29,Putnam,Tennessee,47141,17830,260.0,80245.0
2021-12-30,Putnam,Tennessee,47141,17874,262.0,80245.0
2021-12-31,Putnam,Tennessee,47141,17874,262.0,80245.0
2022-01-01,Putnam,Tennessee,47141,17874,262.0,80245.0
2022-01-02,Putnam,Tennessee,47141,17874,262.0,80245.0
2022-01-03,Putnam,Tennessee,47141,18156,262.0,80245.0
2022-01-04,Putnam,Tennessee,47141,18207,262.0,80245.0
2022-01-05,Putnam,Tennessee,47141,18207,262.0,80245.0
2022-01-06,Putnam,Tennessee,47141,18207,262.0,80245.0
2022-01-07,Putnam,Tennessee,47141,18207,262.0,80245.0
2022-01-08,Putnam,Tennessee,47141,18207,262.0,80245.0
2022-01-09,Putnam,Tennessee,47141,18207,262.0,80245.0
2022-01-10,Putnam,Tennessee,47141,18207,262.0,80245.0
2022-01-11,Putnam,Tennessee,47141,18207,262.0,80245.0
2022-01-12,Putnam,Tennessee,47141,18810,267.0,80245.0
2022-01-13,Putnam,Tennessee,47141,18810,267.0,80245.0
2022-01-14,Putnam,Tennessee,47141,18810,267.0,80245.0
2022-01-15,Putnam,Tennessee,47141,18810,267.0,80245.0
2022-01-16,Putnam,Tennessee,47141,18810,267.0,80245.0
2022-01-17,Putnam,Tennessee,47141,18810,267.0,80245.0
2022-01-18,Putnam,Tennessee,47141,18810,267.0,80245.0
2022-01-19,Putnam,Tennessee,47141,19918,270.0,80245.0
2022-01-20,Putnam,Tennessee,47141,19918,270.0,80245.0
2022-01-21,Putnam,Tennessee,47141,19918,270.0,80245.0
2022-01-22,Putnam,Tennessee,47141,19918,270.0,80245.0
2022-01-23,Putnam,Tennessee,47141,19918,270.0,80245.0
2022-01-24,Putnam,Tennessee,47141,19918,270.0,80245.0
2022-01-25,Putnam,Tennessee,47141,19918,270.0,80245.0
2022-01-26,Putnam,Tennessee,47141,21213,271.0,80245.0
2022-01-27,Putnam,Tennessee,47141,21213,271.0,80245.0
2022-01-28,Putnam,Tennessee,47141,21213,271.0,80245.0
2022-01-29,Putnam,Tennessee,47141,21213,271.0,80245.0
2022-01-30,Putnam,Tennessee,47141,21213,271.0,80245.0
2022-01-31,Putnam,Tennessee,47141,21213,271.0,80245.0
2022-02-01,Putnam,Tennessee,47141,21213,271.0,80245.0
2022-02-02,Putnam,Tennessee,47141,22644,275.0,80245.0
2022-02-03,Putnam,Tennessee,47141,22644,275.0,80245.0
2022-02-04,Putnam,Tennessee,47141,22644,275.0,80245.0
2022-02-05,Putnam,Tennessee,47141,22644,275.0,80245.0
2022-02-06,Putnam,Tennessee,47141,22644,275.0,80245.0
2022-02-07,Putnam,Tennessee,47141,22644,275.0,80245.0
2022-02-08,Putnam,Tennessee,47141,22644,275.0,80245.0
2022-02-09,Putnam,Tennessee,47141,24020,275.0,80245.0
2022-02-10,Putnam,Tennessee,47141,24020,275.0,80245.0
2022-02-11,Putnam,Tennessee,47141,24020,275.0,80245.0
2022-02-12,Putnam,Tennessee,47141,24020,275.0,80245.0
2022-02-13,Putnam,Tennessee,47141,24020,275.0,80245.0
2022-02-14,Putnam,Tennessee,47141,24020,275.0,80245.0
2022-02-15,Putnam,Tennessee,47141,24020,275.0,80245.0
2022-02-16,Putnam,Tennessee,47141,24545,283.0,80245.0
2022-02-17,Putnam,Tennessee,47141,24545,283.0,80245.0
2022-02-18,Putnam,Tennessee,47141,24545,283.0,80245.0
2022-02-19,Putnam,Tennessee,47141,24545,283.0,80245.0
2022-02-20,Putnam,Tennessee,47141,24545,283.0,80245.0
2022-02-21,Putnam,Tennessee,47141,24545,283.0,80245.0
2022-02-22,Putnam,Tennessee,47141,24545,283.0,80245.0
2022-02-23,Putnam,Tennessee,47141,24841,291.0,80245.0
2022-02-24,Putnam,Tennessee,47141,24841,291.0,80245.0
2022-02-25,Putnam,Tennessee,47141,24841,291.0,80245.0
2022-02-26,Putnam,Tennessee,47141,24841,291.0,80245.0
2022-02-27,Putnam,Tennessee,47141,24841,291.0,80245.0
2022-02-28,Putnam,Tennessee,47141,24841,291.0,80245.0
2022-03-01,Putnam,Tennessee,47141,24841,291.0,80245.0
2022-03-02,Putnam,Tennessee,47141,24976,291.0,80245.0
2022-03-03,Putnam,Tennessee,47141,24976,291.0,80245.0
2022-03-04,Putnam,Tennessee,47141,24976,291.0,80245.0
2022-03-05,Putnam,Tennessee,47141,24976,291.0,80245.0
2022-03-06,Putnam,Tennessee,47141,24976,291.0,80245.0
2022-03-07,Putnam,Tennessee,47141,24976,291.0,80245.0
2022-03-08,Putnam,Tennessee,47141,24976,291.0,80245.0
2022-03-09,Putnam,Tennessee,47141,25037,295.0,80245.0
2022-03-10,Putnam,Tennessee,47141,25037,295.0,80245.0
2022-03-11,Putnam,Tennessee,47141,25037,295.0,80245.0
2022-03-12,Putnam,Tennessee,47141,25037,295.0,80245.0
2022-03-13,Putnam,Tennessee,47141,25037,295.0,80245.0
2022-03-14,Putnam,Tennessee,47141,25037,295.0,80245.0
2022-03-15,Putnam,Tennessee,47141,25037,295.0,80245.0
2022-03-16,Putnam,Tennessee,47141,25056,301.0,80245.0
2022-03-17,Putnam,Tennessee,47141,25056,301.0,80245.0
2022-03-18,Putnam,Tennessee,47141,25056,301.0,80245.0
2022-03-19,Putnam,Tennessee,47141,25056,301.0,80245.0
2022-03-20,Putnam,Tennessee,47141,25056,301.0,80245.0
2022-03-21,Putnam,Tennessee,47141,25056,301.0,80245.0
2022-03-22,Putnam,Tennessee,47141,25056,301.0,80245.0
2022-03-23,Putnam,Tennessee,47141,25068,302.0,80245.0
2022-03-24,Putnam,Tennessee,47141,25068,302.0,80245.0
2022-03-25,Putnam,Tennessee,47141,25068,302.0,80245.0
2022-03-26,Putnam,Tennessee,47141,25068,302.0,80245.0
2022-03-27,Putnam,Tennessee,47141,25068,302.0,80245.0
2022-03-28,Putnam,Tennessee,47141,25068,302.0,80245.0
2022-03-29,Putnam,Tennessee,47141,25068,302.0,80245.0
2022-03-30,Putnam,Tennessee,47141,25074,302.0,80245.0
2022-03-31,Putnam,Tennessee,47141,25074,302.0,80245.0
2022-04-01,Putnam,Tennessee,47141,25074,302.0,80245.0
2022-04-02,Putnam,Tennessee,47141,25074,302.0,80245.0
2022-04-03,Putnam,Tennessee,47141,25074,302.0,80245.0
2022-04-04,Putnam,Tennessee,47141,25074,302.0,80245.0
2022-04-05,Putnam,Tennessee,47141,25074,302.0,80245.0
2022-04-06,Putnam,Tennessee,47141,25082,302.0,80245.0
2022-04-07,Putnam,Tennessee,47141,25082,302.0,80245.0
2022-04-08,Putnam,Tennessee,47141,25082,302.0,80245.0
2022-04-09,Putnam,Tennessee,47141,25082,302.0,80245.0
2022-04-10,Putnam,Tennessee,47141,25082,302.0,80245.0
2022-04-11,Putnam,Tennessee,47141,25082,302.0,80245.0
2022-04-12,Putnam,Tennessee,47141,25082,302.0,80245.0
2022-04-13,Putnam,Tennessee,47141,25096,303.0,80245.0
2022-04-14,Putnam,Tennessee,47141,25096,303.0,80245.0
2022-04-15,Putnam,Tennessee,47141,25096,303.0,80245.0
2022-04-16,Putnam,Tennessee,47141,25096,303.0,80245.0
2022-04-17,Putnam,Tennessee,47141,25096,303.0,80245.0
2022-04-18,Putnam,Tennessee,47141,25096,303.0,80245.0
2022-04-19,Putnam,Tennessee,47141,25096,303.0,80245.0
2022-04-20,Putnam,Tennessee,47141,25114,304.0,80245.0
2022-04-21,Putnam,Tennessee,47141,25114,304.0,80245.0
2022-04-22,Putnam,Tennessee,47141,25114,304.0,80245.0
2022-04-23,Putnam,Tennessee,47141,25114,304.0,80245.0
2022-04-24,Putnam,Tennessee,47141,25114,304.0,80245.0
2022-04-25,Putnam,Tennessee,47141,25114,304.0,80245.0
2022-04-26,Putnam,Tennessee,47141,25114,304.0,80245.0
2022-04-27,Putnam,Tennessee,47141,25135,304.0,80245.0
2022-04-28,Putnam,Tennessee,47141,25135,304.0,80245.0
2022-04-29,Putnam,Tennessee,47141,25135,304.0,80245.0
2022-04-30,Putnam,Tennessee,47141,25135,304.0,80245.0
2021-12-01,Brazos,Texas,48041,39111,364.0,229211.0
2021-12-02,Brazos,Texas,48041,39142,364.0,229211.0
2021-12-03,Brazos,Texas,48041,39167,366.0,229211.0
2021-12-04,Brazos,Texas,48041,39167,366.0,229211.0
2021-12-05,Brazos,Texas,48041,39167,366.0,229211.0
2021-12-06,Brazos,Texas,48041,39194,366.0,229211.0
2021-12-07,Brazos,Texas,48041,39222,366.0,229211.0
2021-12-08,Brazos,Texas,48041,39249,366.0,229211.0
2021-12-09,Brazos,Texas,48041,39274,366.0,229211.0
2021-12-10,Brazos,Texas,48041,39302,368.0,229211.0
2021-12-11,Brazos,Texas,48041,39302,368.0,229211.0
2021-12-12,Brazos,Texas,48041,39302,368.0,229211.0
2021-12-13,Brazos,Texas,48041,39324,368.0,229211.0
2021-12-14,Brazos,Texas,48041,39351,368.0,229211.0
2021-12-15,Brazos,Texas,48041,39381,368.0,229211.0
2021-12-16,Brazos,Texas,48041,39415,368.0,229211.0
2021-12-17,Brazos,Texas,48041,39446,368.0,229211.0
2021-12-18,Brazos,Texas,48041,39446,368.0,229211.0
2021-12-19,Brazos,Texas,48041,39448,368.0,229211.0
2021-12-20,Brazos,Texas,48041,39493,368.0,229211.0
2021-12-21,Brazos,Texas,48041,39549,368.0,229211.0
2021-12-22,Brazos,Texas,48041,39685,368.0,229211.0
2021-12-23,Brazos,Texas,48041,39865,368.0,229211.0
2021-12-24,Brazos,Texas,48041,39865,368.0,229211.0
2021-12-25,Brazos,Texas,48041,39865,368.0,229211.0
2021-12-26,Brazos,Texas,48041,39865,368.0,229211.0
2021-12-27,Brazos,Texas,48041,40491,368.0,229211.0
2021-12-28,Brazos,Texas,48041,40558,368.0,229211.0
2021-12-29,Brazos,Texas,48041,40641,368.0,229211.0
2021-12-30,Brazos,Texas,48041,40712,368.0,229211.0
2021-12-31,Brazos,Texas,48041,40712,368.0,229211.0
2022-01-01,Brazos,Texas,48041,40712,368.0,229211.0
2022-01-02,Brazos,Texas,48041,40712,368.0,229211.0
2022-01-03,Brazos,Texas,48041,42894,368.0,229211.0
2022-01-04,Brazos,Texas,48041,43358,368.0,229211.0
2022-01-05,Brazos,Texas,48041,43877,368.0,229211.0
2022-01-06,Brazos,Texas,48041,44709,368.0,229211.0
2022-01-07,Brazos,Texas,48041,45559,368.0,229211.0
2022-01-08,Brazos,Texas,48041,46041,368.0,229211.0
2022-01-09,Brazos,Texas,48041,46425,368.0,229211.0
2022-01-10,Brazos,Texas,48041,46882,368.0,229211.0
2022-01-11,Brazos,Texas,48041,47444,368.0,229211.0
2022-01-12,Brazos,Texas,48041,47748,368.0,229211.0
2022-01-13,Brazos,Texas,48041,48387,368.0,229211.0
2022-01-14,Brazos,Texas,48041,48872,368.0,229211.0
2022-01-15,Brazos,Texas,48041,49714,368.0,229211.0
2022-01-16,Brazos,Texas,48041,50285,368.0,229211.0
2022-01-17,Brazos,Texas,48041,50792,368.0,229211.0
2022-01-18,Brazos,Texas,48041,51025,370.0,229211.0
2022-01-19,Brazos,Texas,48041,51550,370.0,229211.0
2022-01-20,Brazos,Texas,48041,52003,372.0,229211.0
2022-01-21,Brazos,Texas,48041,52681,372.0,229211.0
2022-01-22,Brazos,Texas,48041,53269,372.0,229211.0
2022-01-23,Brazos,Texas,48041,54142,372.0,229211.0
2022-01-24,Brazos,Texas,48041,54501,372.0,229211.0
2022-01-25,Brazos,Texas,48041,54726,372.0,229211.0
2022-01-26,Brazos,Texas,48041,55207,372.0,229211.0
2022-01-27,Brazos,Texas,48041,55601,372.0,229211.0
2022-01-28,Brazos,Texas,48041,56020,372.0,229211.0
2022-01-29,Brazos,Texas,48041,56463,374.0,229211.0
2022-01-30,Brazos,Texas,48041,56783,374.0,229211.0
2022-01-31,Brazos,Texas,48041,56959,374.0,229211.0
2022-02-01,Brazos,Texas,48041,57101,375.0,229211.0
2022-02-02,Brazos,Texas,48041,57382,375.0,229211.0
2022-02-03,Brazos,Texas,48041,57837,377.0,229211.0
2022-02-04,Brazos,Texas,48041,58048,381.0,229211.0
2022-02-05,Brazos,Texas,48041,58121,382.0,229211.0
2022-02-06,Brazos,Texas,48041,58286,382.0,229211.0
2022-02-07,Brazos,Texas,48041,58349,382.0,229211.0
2022-02-08,Brazos,Texas,48041,58439,382.0,229211.0
2022-02-09,Brazos,Texas,48041,58663,383.0,229211.0
2022-02-10,Brazos,Texas,48041,58858,384.0,229211.0
2022-02-11,Brazos,Texas,48041,58964,386.0,229211.0
2022-02-12,Brazos,Texas,48041,59047,389.0,229211.0
2022-02-13,Brazos,Texas,48041,59092,389.0,229211.0
2022-02-14,Brazos,Texas,48041,59140,390.0,229211.0
2022-02-15,Brazos,Texas,48041,59171,391.0,229211.0
2022-02-16,Brazos,Texas,48041,59228,391.0,229211.0
2022-02-17,Brazos,Texas,48041,59299,393.0,229211.0
2022-02-18,Brazos,Texas,48041,59366,394.0,229211.0
2022-02-19,Brazos,Texas,48041,59403,396.0,229211.0
2022-02-20,Brazos,Texas,48041,59420,396.0,229211.0
2022-02-21,Brazos,Texas,48041,59432,396.0,229211.0
2022-02-22,Brazos,Texas,48041,59467,396.0,229211.0
2022-02-23,Brazos,Texas,48041,59517,397.0,229211.0
2022-02-24,Brazos,Texas,48041,59552,397.0,229211.0
2022-02-25,Brazos,Texas,48041,59587,399.0,229211.0
2022-02-26,Brazos,Texas,48041,59607,400.0,229211.0
2022-02-27,Brazos,Texas,48041,59615,400.0,229211.0
2022-02-28,Brazos,Texas,48041,59637,400.0,229211.0
2022-03-01,Brazos,Texas,48041,59648,401.0,229211.0
2022-03-02,Brazos,Texas,48041,59667,402.0,229211.0
2022-03-03,Brazos,Texas,48041,59692,402.0,229211.0
2022-03-04,Brazos,Texas,48041,59711,404.0,229211.0
2022-03-05,Brazos,Texas,48041,59727,404.0,229211.0
2022-03-06,Brazos,Texas,48041,59735,404.0,229211.0
2022-03-07,Brazos,Texas,48041,59753,404.0,229211.0
2022-03-08,Brazos,Texas,48041,59756,404.0,229211.0
2022-03-09,Brazos,Texas,48041,59767,404.0,229211.0
2022-03-10,Brazos,Texas,48041,59786,404.0,229211.0
2022-03-11,Brazos,Texas,48041,59795,405.0,229211.0
2022-03-12,Brazos,Texas,48041,59801,405.0,229211.0
2022-03-13,Brazos,Texas,48041,59817,405.0,229211.0
2022-03-14,Brazos,Texas,48041,59821,405.0,229211.0
2022-03-15,Brazos,Texas,48041,59824,405.0,229211.0
2022-03-16,Brazos,Texas,48041,59831,405.0,229211.0
2022-03-17,Brazos,Texas,48041,59881,405.0,229211.0
2022-03-18,Brazos,Texas,48041,59923,405.0,229211.0
2022-03-19,Brazos,Texas,48041,60011,405.0,229211.0
2022-03-20,Brazos,Texas,48041,60016,405.0,229211.0
2022-03-21,Brazos,Texas,48041,60022,405.0,229211.0
2022-03-22,Brazos,Texas,48041,60074,405.0,229211.0
2022-03-23,Brazos,Texas,48041,60119,405.0,229211.0
2022-03-24,Brazos,Texas,48041,60140,405.0,229211.0
2022-03-25,Brazos,Texas,48041,60151,405.0,229211.0
2022-03-26,Brazos,Texas,48041,60163,406.0,229211.0
2022-03-27,Brazos,Texas,48041,60167,406.0,229211.0
2022-03-28,Brazos,Texas,48041,60170,406.0,229211.0
2022-03-29,Brazos,Texas,48041,60185,406.0,229211.0
2022-03-30,Brazos,Texas,48041,60194,406.0,229211.0
2022-03-31,Brazos,Texas,48041,60207,406.0,229211.0
2022-04-01,Brazos,Texas,48041,60213,406.0,229211.0
2022-04-02,Brazos,Texas,48041,60235,406.0,229211.0
2022-04-03,Brazos,Texas,48041,60242,406.0,229211.0
2022-04-04,Brazos,Texas,48041,60244,406.0,229211.0
2022-04-05,Brazos,Texas,48041,60263,406.0,229211.0
2022-04-06,Brazos,Texas,48041,60275,407.0,229211.0
2022-04-07,Brazos,Texas,48041,60291,407.0,229211.0
2022-04-08,Brazos,Texas,48041,60302,407.0,229211.0
2022-04-09,Brazos,Texas,48041,60310,407.0,229211.0
2022-04-10,Brazos,Texas,48041,60317,407.0,229211.0
2022-04-11,Brazos,Texas,48041,60321,407.0,229211.0
2022-04-12,Brazos,Texas,48041,60326,408.0,229211.0
2022-04-13,Brazos,Texas,48041,60344,408.0,229211.0
2022-04-14,Brazos,Texas,48041,60350,408.0,229211.0
2022-04-15,Brazos,Texas,48041,60350,408.0,229211.0
2022-04-16,Brazos,Texas,48041,60350,408.0,229211.0
2022-04-17,Brazos,Texas,48041,60350,408.0,229211.0
2022-04-18,Brazos,Texas,48041,60380,408.0,229211.0
2022-04-19,Brazos,Texas,48041,60410,408.0,229211.0
2022-04-20,Brazos,Texas,48041,60422,408.0,229211.0
2022-04-21,Brazos,Texas,48041,60441,409.0,229211.0
2022-04-22,Brazos,Texas,48041,60450,409.0,229211.0
2022-04-23,Brazos,Texas,48041,60481,409.0,229211.0
2022-04-24,Brazos,Texas,48041,60487,409.0,229211.0
2022-04-25,Brazos,Texas,48041,60493,409.0,229211.0
2022-04-26,Brazos,Texas,48041,60525,409.0,229211.0
2022-04-27,Brazos,Texas,48041,60539,409.0,229211.0
2022-04-28,Brazos,Texas,48041,60562,409.0,229211.0
2022-04-29,Brazos,Texas,48041,60584,411.0,229211.0
2022-04-30,Brazos,Texas,48041,60606,411.0,229211.0
2021-12-01,Dallas,Texas,48113,413282,5610.0,2635516.0
2021-12-02,Dallas,Texas,48113,413398,5617.0,2635516.0
2021-12-03,Dallas,Texas,48113,413595,5621.0,2635516.0
2021-12-04,Dallas,Texas,48113,413776,5626.0,2635516.0
2021-12-05,Dallas,Texas,48113,413913,5626.0,2635516.0
2021-12-06,Dallas,Texas,48113,414089,5626.0,2635516.0
2021-12-07,Dallas,Texas,48113,414384,5638.0,2635516.0
2021-12-08,Dallas,Texas,48113,414472,5644.0,2635516.0
2021-12-09,Dallas,Texas,48113,414606,5651.0,2635516.0
2021-12-10,Dallas,Texas,48113,421330,5665.0,2635516.0
2021-12-11,Dallas,Texas,48113,421625,5670.0,2635516.0
2021-12-12,Dallas,Texas,48113,421838,5673.0,2635516.0
2021-12-13,Dallas,Texas,48113,422161,5675.0,2635516.0
2021-12-14,Dallas,Texas,48113,422461,5682.0,2635516.0
2021-12-15,Dallas,Texas,48113,422755,5692.0,2635516.0
2021-12-16,Dallas,Texas,48113,423082,5704.0,2635516.0
2021-12-17,Dallas,Texas,48113,423371,5712.0,2635516.0
2021-12-18,Dallas,Texas,48113,423924,5718.0,2635516.0
2021-12-19,Dallas,Texas,48113,424524,5719.0,2635516.0
2021-12-20,Dallas,Texas,48113,425385,5719.0,2635516.0
2021-12-21,Dallas,Texas,48113,426143,5725.0,2635516.0
2021-12-22,Dallas,Texas,48113,426624,5731.0,2635516.0
2021-12-23,Dallas,Texas,48113,427406,5736.0,2635516.0
2021-12-24,Dallas,Texas,48113,427406,5736.0,2635516.0
2021-12-25,Dallas,Texas,48113,427406,5736.0,2635516.0
2021-12-26,Dallas,Texas,48113,427406,5736.0,2635516.0
2021-12-27,Dallas,Texas,48113,432113,5749.0,2635516.0
2021-12-28,Dallas,Texas,48113,433707,5755.0,2635516.0
2021-12-29,Dallas,Texas,48113,434569,5759.0,2635516.0
2021-12-30,Dallas,Texas,48113,436400,5765.0,2635516.0
2021-12-31,Dallas,Texas,48113,436400,5765.0,2635516.0
2022-01-01,Dallas,Texas,48113,436400,5765.0,2635516.0
2022-01-02,Dallas,Texas,48113,436400,5765.0,2635516.0
2022-01-03,Dallas,Texas,48113,451602,5780.0,2635516.0
2022-01-04,Dallas,Texas,48113,457058,5785.0,2635516.0
2022-01-05,Dallas,Texas,48113,461225,5790.0,2635516.0
2022-01-06,Dallas,Texas,48113,465748,5799.0,2635516.0
2022-01-07,Dallas,Texas,48113,468826,5803.0,2635516.0
2022-01-08,Dallas,Texas,48113,473735,5815.0,2635516.0
2022-01-09,Dallas,Texas,48113,477343,5817.0,2635516.0
2022-01-10,Dallas,Texas,48113,481528,5817.0,2635516.0
2022-01-11,Dallas,Texas,48113,486776,5833.0,2635516.0
2022-01-12,Dallas,Texas,48113,493676,5845.0,2635516.0
2022-01-13,Dallas,Texas,48113,500937,5853.0,2635516.0
2022-01-14,Dallas,Texas,48113,483129,5862.0,2635516.0
2022-01-15,Dallas,Texas,48113,488927,5871.0,2635516.0
2022-01-16,Dallas,Texas,48113,492459,5874.0,2635516.0
2022-01-17,Dallas,Texas,48113,498291,5874.0,2635516.0
2022-01-18,Dallas,Texas,48113,502972,5883.0,2635516.0
2022-01-19,Dallas,Texas,48113,507067,5903.0,2635516.0
2022-01-20,Dallas,Texas,48113,511006,5913.0,2635516.0
2022-01-21,Dallas,Texas,48113,514880,5930.0,2635516.0
2022-01-22,Dallas,Texas,48113,519617,5940.0,2635516.0
2022-01-23,Dallas,Texas,48113,524095,5947.0,2635516.0
2022-01-24,Dallas,Texas,48113,526319,5949.0,2635516.0
2022-01-25,Dallas,Texas,48113,529249,5965.0,2635516.0
2022-01-26,Dallas,Texas,48113,530879,5976.0,2635516.0
2022-01-27,Dallas,Texas,48113,533154,5999.0,2635516.0
2022-01-28,Dallas,Texas,48113,537084,6007.0,2635516.0
2022-01-29,Dallas,Texas,48113,540704,6027.0,2635516.0
2022-01-30,Dallas,Texas,48113,542113,6039.0,2635516.0
2022-01-31,Dallas,Texas,48113,544412,6040.0,2635516.0
2022-02-01,Dallas,Texas,48113,546714,6052.0,2635516.0
2022-02-02,Dallas,Texas,48113,548328,6074.0,2635516.0
2022-02-03,Dallas,Texas,48113,550086,6098.0,2635516.0
2022-02-04,Dallas,Texas,48113,551508,6112.0,2635516.0
2022-02-05,Dallas,Texas,48113,553101,6126.0,2635516.0
2022-02-06,Dallas,Texas,48113,554406,6127.0,2635516.0
2022-02-07,Dallas,Texas,48113,555210,6128.0,2635516.0
2022-02-08,Dallas,Texas,48113,555719,6156.0,2635516.0
2022-02-09,Dallas,Texas,48113,556237,6183.0,2635516.0
2022-02-10,Dallas,Texas,48113,557007,6209.0,2635516.0
2022-02-11,Dallas,Texas,48113,557614,6225.0,2635516.0
2022-02-12,Dallas,Texas,48113,559449,6244.0,2635516.0
2022-02-13,Dallas,Texas,48113,560219,6261.0,2635516.0
2022-02-14,Dallas,Texas,48113,560583,6263.0,2635516.0
2022-02-15,Dallas,Texas,48113,561344,6281.0,2635516.0
2022-02-16,Dallas,Texas,48113,561589,6318.0,2635516.0
2022-02-17,Dallas,Texas,48113,561889,6340.0,2635516.0
2022-02-18,Dallas,Texas,48113,562185,6363.0,2635516.0
2022-02-19,Dallas,Texas,48113,562735,6376.0,2635516.0
2022-02-20,Dallas,Texas,48113,562814,6379.0,2635516.0
2022-02-21,Dallas,Texas,48113,563249,6386.0,2635516.0
2022-02-22,Dallas,Texas,48113,563579,6412.0,2635516.0
2022-02-23,Dallas,Texas,48113,563693,6424.0,2635516.0
2022-02-24,Dallas,Texas,48113,563876,6437.0,2635516.0
2022-02-25,Dallas,Texas,48113,564925,6444.0,2635516.0
2022-02-26,Dallas,Texas,48113,565097,6452.0,2635516.0
2022-02-27,Dallas,Texas,48113,565145,6461.0,2635516.0
2022-02-28,Dallas,Texas,48113,565280,6464.0,2635516.0
2022-03-01,Dallas,Texas,48113,565424,6477.0,2635516.0
2022-03-02,Dallas,Texas,48113,565498,6495.0,2635516.0
2022-03-03,Dallas,Texas,48113,565596,6501.0,2635516.0
2022-03-04,Dallas,Texas,48113,565678,6523.0,2635516.0
2022-03-05,Dallas,Texas,48113,565830,6535.0,2635516.0
2022-03-06,Dallas,Texas,48113,565847,6537.0,2635516.0
2022-03-07,Dallas,Texas,48113,566011,6537.0,2635516.0
2022-03-08,Dallas,Texas,48113,566262,6553.0,2635516.0
2022-03-09,Dallas,Texas,48113,566551,6564.0,2635516.0
2022-03-10,Dallas,Texas,48113,566714,6572.0,2635516.0
2022-03-11,Dallas,Texas,48113,567025,6583.0,2635516.0
2022-03-12,Dallas,Texas,48113,567107,6595.0,2635516.0
2022-03-13,Dallas,Texas,48113,567346,6598.0,2635516.0
2022-03-14,Dallas,Texas,48113,567392,6599.0,2635516.0
2022-03-15,Dallas,Texas,48113,567438,6608.0,2635516.0
2022-03-16,Dallas,Texas,48113,567466,6619.0,2635516.0
2022-03-17,Dallas,Texas,48113,567536,6633.0,2635516.0
2022-03-18,Dallas,Texas,48113,567593,6645.0,2635516.0
2022-03-19,Dallas,Texas,48113,567596,6651.0,2635516.0
2022-03-20,Dallas,Texas,48113,567799,6653.0,2635516.0
2022-03-21,Dallas,Texas,48113,567906,6658.0,2635516.0
2022-03-22,Dallas,Texas,48113,567920,6667.0,2635516.0
2022-03-23,Dallas,Texas,48113,568019,6673.0,2635516.0
2022-03-24,Dallas,Texas,48113,568094,6675.0,2635516.0
2022-03-25,Dallas,Texas,48113,568151,6680.0,2635516.0
2022-03-26,Dallas,Texas,48113,568206,6690.0,2635516.0
2022-03-27,Dallas,Texas,48113,568232,6694.0,2635516.0
2022-03-28,Dallas,Texas,48113,568247,6696.0,2635516.0
2022-03-29,Dallas,Texas,48113,568402,6703.0,2635516.0
2022-03-30,Dallas,Texas,48113,568457,6705.0,2635516.0
2022-03-31,Dallas,Texas,48113,569024,6709.0,2635516.0
2022-04-01,Dallas,Texas,48113,569086,6711.0,2635516.0
2022-04-02,Dallas,Texas,48113,569181,6714.0,2635516.0
2022-04-03,Dallas,Texas,48113,569241,6715.0,2635516.0
2022-04-04,Dallas,Texas,48113,569284,6715.0,2635516.0
2022-04-05,Dallas,Texas,48113,569319,6716.0,2635516.0
2022-04-06,Dallas,Texas,48113,569368,6719.0,2635516.0
2022-04-07,Dallas,Texas,48113,569467,6722.0,2635516.0
2022-04-08,Dallas,Texas,48113,569544,6722.0,2635516.0
2022-04-09,Dallas,Texas,48113,569602,6726.0,2635516.0
2022-04-10,Dallas,Texas,48113,569675,6726.0,2635516.0
2022-04-11,Dallas,Texas,48113,569744,6726.0,2635516.0
2022-04-12,Dallas,Texas,48113,569797,6732.0,2635516.0
2022-04-13,Dallas,Texas,48113,569862,6735.0,2635516.0
2022-04-14,Dallas,Texas,48113,569947,6736.0,2635516.0
2022-04-15,Dallas,Texas,48113,569947,6736.0,2635516.0
2022-04-16,Dallas,Texas,48113,569947,6736.0,2635516.0
2022-04-17,Dallas,Texas,48113,569947,6736.0,2635516.0
2022-04-18,Dallas,Texas,48113,570286,6738.0,2635516.0
2022-04-19,Dallas,Texas,48113,570377,6742.0,2635516.0
2022-04-20,Dallas,Texas,48113,570443,6744.0,2635516.0
2022-04-21,Dallas,Texas,48113,570524,6749.0,2635516.0
2022-04-22,Dallas,Texas,48113,570619,6752.0,2635516.0
2022-04-23,Dallas,Texas,48113,570747,6753.0,2635516.0
2022-04-24,Dallas,Texas,48113,570889,6754.0,2635516.0
2022-04-25,Dallas,Texas,48113,570968,6754.0,2635516.0
2022-04-26,Dallas,Texas,48113,571051,6755.0,2635516.0
2022-04-27,Dallas,Texas,48113,571141,6757.0,2635516.0
2022-04-28,Dallas,Texas,48113,571260,6760.0,2635516.0
2022-04-29,Dallas,Texas,48113,571412,6762.0,2635516.0
2022-04-30,Dallas,Texas,48113,571559,6762.0,2635516.0
2021-12-01,Denton,Texas,48121,111194,1062.0,887207.0
2021-12-02,Denton,Texas,48121,111445,1065.0,887207.0
2021-12-03,Denton,Texas,48121,111621,1066.0,887207.0
2021-12-04,Denton,Texas,48121,111621,1066.0,887207.0
2021-12-05,Denton,Texas,48121,111621,1068.0,887207.0
2021-12-06,Denton,Texas,48121,111758,1068.0,887207.0
2021-12-07,Denton,Texas,48121,111961,1069.0,887207.0
2021-12-08,Denton,Texas,48121,112171,1070.0,887207.0
2021-12-09,Denton,Texas,48121,112396,1072.0,887207.0
2021-12-10,Denton,Texas,48121,112576,1073.0,887207.0
2021-12-11,Denton,Texas,48121,112576,1074.0,887207.0
2021-12-12,Denton,Texas,48121,112576,1074.0,887207.0
2021-12-13,Denton,Texas,48121,112750,1074.0,887207.0
2021-12-14,Denton,Texas,48121,112941,1074.0,887207.0
2021-12-15,Denton,Texas,48121,113141,1077.0,887207.0
2021-12-16,Denton,Texas,48121,113343,1077.0,887207.0
2021-12-17,Denton,Texas,48121,113461,1078.0,887207.0
2021-12-18,Denton,Texas,48121,113461,1079.0,887207.0
2021-12-19,Denton,Texas,48121,113461,1079.0,887207.0
2021-12-20,Denton,Texas,48121,113623,1079.0,887207.0
2021-12-21,Denton,Texas,48121,113923,1079.0,887207.0
2021-12-22,Denton,Texas,48121,114212,1079.0,887207.0
2021-12-23,Denton,Texas,48121,114212,1081.0,887207.0
2021-12-24,Denton,Texas,48121,114212,1081.0,887207.0
2021-12-25,Denton,Texas,48121,114212,1081.0,887207.0
2021-12-26,Denton,Texas,48121,114212,1081.0,887207.0
2021-12-27,Denton,Texas,48121,115364,1083.0,887207.0
2021-12-28,Denton,Texas,48121,115923,1085.0,887207.0
2021-12-29,Denton,Texas,48121,116189,1085.0,887207.0
2021-12-30,Denton,Texas,48121,116830,1088.0,887207.0
2021-12-31,Denton,Texas,48121,116830,1088.0,887207.0
2022-01-01,Denton,Texas,48121,116830,1088.0,887207.0
2022-01-02,Denton,Texas,48121,116830,1088.0,887207.0
2022-01-03,Denton,Texas,48121,121828,1093.0,887207.0
2022-01-04,Denton,Texas,48121,123507,1093.0,887207.0
2022-01-05,Denton,Texas,48121,124870,1093.0,887207.0
2022-01-06,Denton,Texas,48121,126785,1094.0,887207.0
2022-01-07,Denton,Texas,48121,127874,1096.0,887207.0
2022-01-08,Denton,Texas,48121,129486,1100.0,887207.0
2022-01-09,Denton,Texas,48121,130639,1101.0,887207.0
2022-01-10,Denton,Texas,48121,131984,1101.0,887207.0
2022-01-11,Denton,Texas,48121,133641,1103.0,887207.0
2022-01-12,Denton,Texas,48121,136117,1108.0,887207.0
2022-01-13,Denton,Texas,48121,138621,1113.0,887207.0
2022-01-14,Denton,Texas,48121,136846,1113.0,887207.0
2022-01-15,Denton,Texas,48121,139269,1117.0,887207.0
2022-01-16,Denton,Texas,48121,140457,1119.0,887207.0
2022-01-17,Denton,Texas,48121,142954,1119.0,887207.0
2022-01-18,Denton,Texas,48121,144701,1124.0,887207.0
2022-01-19,Denton,Texas,48121,146253,1127.0,887207.0
2022-01-20,Denton,Texas,48121,147504,1128.0,887207.0
2022-01-21,Denton,Texas,48121,149226,1130.0,887207.0
2022-01-22,Denton,Texas,48121,151067,1137.0,887207.0
2022-01-23,Denton,Texas,48121,153245,1139.0,887207.0
2022-01-24,Denton,Texas,48121,154269,1145.0,887207.0
2022-01-25,Denton,Texas,48121,155602,1149.0,887207.0
2022-01-26,Denton,Texas,48121,157735,1158.0,887207.0
2022-01-27,Denton,Texas,48121,158688,1164.0,887207.0
2022-01-28,Denton,Texas,48121,160096,1170.0,887207.0
2022-01-29,Denton,Texas,48121,160096,1173.0,887207.0
2022-01-30,Denton,Texas,48121,160314,1179.0,887207.0
2022-01-31,Denton,Texas,48121,162119,1179.0,887207.0
2022-02-01,Denton,Texas,48121,164946,1186.0,887207.0
2022-02-02,Denton,Texas,48121,165595,1193.0,887207.0
2022-02-03,Denton,Texas,48121,165595,1200.0,887207.0
2022-02-04,Denton,Texas,48121,165595,1206.0,887207.0
2022-02-05,Denton,Texas,48121,165595,1208.0,887207.0
2022-02-06,Denton,Texas,48121,166696,1209.0,887207.0
2022-02-07,Denton,Texas,48121,168469,1209.0,887207.0
2022-02-08,Denton,Texas,48121,170328,1219.0,887207.0
2022-02-09,Denton,Texas,48121,171278,1226.0,887207.0
2022-02-10,Denton,Texas,48121,172160,1232.0,887207.0
2022-02-11,Denton,Texas,48121,172822,1234.0,887207.0
2022-02-12,Denton,Texas,48121,172822,1236.0,887207.0
2022-02-13,Denton,Texas,48121,172822,1244.0,887207.0
2022-02-14,Denton,Texas,48121,173407,1244.0,887207.0
2022-02-15,Denton,Texas,48121,173818,1248.0,887207.0
2022-02-16,Denton,Texas,48121,174182,1256.0,887207.0
2022-02-17,Denton,Texas,48121,174525,1263.0,887207.0
2022-02-18,Denton,Texas,48121,175015,1265.0,887207.0
2022-02-19,Denton,Texas,48121,175015,1269.0,887207.0
2022-02-20,Denton,Texas,48121,175015,1270.0,887207.0
2022-02-21,Denton,Texas,48121,175015,1270.0,887207.0
2022-02-22,Denton,Texas,48121,175474,1276.0,887207.0
2022-02-23,Denton,Texas,48121,175741,1281.0,887207.0
2022-02-24,Denton,Texas,48121,175741,1285.0,887207.0
2022-02-25,Denton,Texas,48121,176146,1285.0,887207.0
2022-02-26,Denton,Texas,48121,176146,1290.0,887207.0
2022-02-27,Denton,Texas,48121,176146,1292.0,887207.0
2022-02-28,Denton,Texas,48121,176477,1292.0,887207.0
2022-03-01,Denton,Texas,48121,176621,1292.0,887207.0
2022-03-02,Denton,Texas,48121,176766,1297.0,887207.0
2022-03-03,Denton,Texas,48121,176921,1301.0,887207.0
2022-03-04,Denton,Texas,48121,177015,1304.0,887207.0
2022-03-05,Denton,Texas,48121,177015,1310.0,887207.0
2022-03-06,Denton,Texas,48121,177015,1313.0,887207.0
2022-03-07,Denton,Texas,48121,177122,1313.0,887207.0
2022-03-08,Denton,Texas,48121,177215,1315.0,887207.0
2022-03-09,Denton,Texas,48121,177370,1317.0,887207.0
2022-03-10,Denton,Texas,48121,177558,1323.0,887207.0
2022-03-11,Denton,Texas,48121,177647,1324.0,887207.0
2022-03-12,Denton,Texas,48121,177647,1325.0,887207.0
2022-03-13,Denton,Texas,48121,177647,1329.0,887207.0
2022-03-14,Denton,Texas,48121,177765,1329.0,887207.0
2022-03-15,Denton,Texas,48121,177926,1331.0,887207.0
2022-03-16,Denton,Texas,48121,177983,1331.0,887207.0
2022-03-17,Denton,Texas,48121,178231,1337.0,887207.0
2022-03-18,Denton,Texas,48121,178458,1338.0,887207.0
2022-03-19,Denton,Texas,48121,178458,1339.0,887207.0
2022-03-20,Denton,Texas,48121,178458,1338.0,887207.0
2022-03-21,Denton,Texas,48121,178531,1338.0,887207.0
2022-03-22,Denton,Texas,48121,178605,1339.0,887207.0
2022-03-23,Denton,Texas,48121,178681,1340.0,887207.0
2022-03-24,Denton,Texas,48121,178756,1341.0,887207.0
2022-03-25,Denton,Texas,48121,178818,1341.0,887207.0
2022-03-26,Denton,Texas,48121,178818,1341.0,887207.0
2022-03-27,Denton,Texas,48121,178818,1341.0,887207.0
2022-03-28,Denton,Texas,48121,178883,1341.0,887207.0
2022-03-29,Denton,Texas,48121,178954,1341.0,887207.0
2022-03-30,Denton,Texas,48121,178987,1342.0,887207.0
2022-03-31,Denton,Texas,48121,179128,1344.0,887207.0
2022-04-01,Denton,Texas,48121,179201,1345.0,887207.0
2022-04-02,Denton,Texas,48121,179201,1346.0,887207.0
2022-04-03,Denton,Texas,48121,179201,1344.0,887207.0
2022-04-04,Denton,Texas,48121,179271,1344.0,887207.0
2022-04-05,Denton,Texas,48121,179318,1344.0,887207.0
2022-04-06,Denton,Texas,48121,179354,1344.0,887207.0
2022-04-07,Denton,Texas,48121,179388,1345.0,887207.0
2022-04-08,Denton,Texas,48121,179444,1345.0,887207.0
2022-04-09,Denton,Texas,48121,179444,1345.0,887207.0
2022-04-10,Denton,Texas,48121,179444,1345.0,887207.0
2022-04-11,Denton,Texas,48121,179537,1345.0,887207.0
2022-04-12,Denton,Texas,48121,179590,1346.0,887207.0
2022-04-13,Denton,Texas,48121,179621,1347.0,887207.0
2022-04-14,Denton,Texas,48121,179677,1346.0,887207.0
2022-04-15,Denton,Texas,48121,179677,1346.0,887207.0
2022-04-16,Denton,Texas,48121,179677,1346.0,887207.0
2022-04-17,Denton,Texas,48121,179677,1346.0,887207.0
2022-04-18,Denton,Texas,48121,179697,1347.0,887207.0
2022-04-19,Denton,Texas,48121,179791,1347.0,887207.0
2022-04-20,Denton,Texas,48121,179853,1347.0,887207.0
2022-04-21,Denton,Texas,48121,179875,1349.0,887207.0
2022-04-22,Denton,Texas,48121,179925,1350.0,887207.0
2022-04-23,Denton,Texas,48121,179925,1350.0,887207.0
2022-04-24,Denton,Texas,48121,179925,1350.0,887207.0
2022-04-25,Denton,Texas,48121,180003,1350.0,887207.0
2022-04-26,Denton,Texas,48121,180087,1350.0,887207.0
2022-04-27,Denton,Texas,48121,180136,1350.0,887207.0
2022-04-28,Denton,Texas,48121,180203,1350.0,887207.0
2022-04-29,Denton,Texas,48121,180267,1351.0,887207.0
2022-04-30,Denton,Texas,48121,180267,1352.0,887207.0
2021-12-01,Hays,Texas,48209,33888,407.0,230191.0
2021-12-02,Hays,Texas,48209,33969,407.0,230191.0
2021-12-03,Hays,Texas,48209,33981,407.0,230191.0
2021-12-04,Hays,Texas,48209,33981,407.0,230191.0
2021-12-05,Hays,Texas,48209,33981,407.0,230191.0
2021-12-06,Hays,Texas,48209,34028,408.0,230191.0
2021-12-07,Hays,Texas,48209,34028,408.0,230191.0
2021-12-08,Hays,Texas,48209,34098,408.0,230191.0
2021-12-09,Hays,Texas,48209,34131,408.0,230191.0
2021-12-10,Hays,Texas,48209,34173,408.0,230191.0
2021-12-11,Hays,Texas,48209,34206,408.0,230191.0
2021-12-12,Hays,Texas,48209,34231,408.0,230191.0
2021-12-13,Hays,Texas,48209,34253,410.0,230191.0
2021-12-14,Hays,Texas,48209,34270,410.0,230191.0
2021-12-15,Hays,Texas,48209,34302,411.0,230191.0
2021-12-16,Hays,Texas,48209,34346,411.0,230191.0
2021-12-17,Hays,Texas,48209,34420,411.0,230191.0
2021-12-18,Hays,Texas,48209,34480,411.0,230191.0
2021-12-19,Hays,Texas,48209,34526,411.0,230191.0
2021-12-20,Hays,Texas,48209,34602,411.0,230191.0
2021-12-21,Hays,Texas,48209,34687,411.0,230191.0
2021-12-22,Hays,Texas,48209,34781,411.0,230191.0
2021-12-23,Hays,Texas,48209,34970,411.0,230191.0
2021-12-24,Hays,Texas,48209,34970,411.0,230191.0
2021-12-25,Hays,Texas,48209,34970,411.0,230191.0
2021-12-26,Hays,Texas,48209,34970,411.0,230191.0
2021-12-27,Hays,Texas,48209,35610,411.0,230191.0
2021-12-28,Hays,Texas,48209,35924,413.0,230191.0
2021-12-29,Hays,Texas,48209,36656,413.0,230191.0
2021-12-30,Hays,Texas,48209,36959,414.0,230191.0
2021-12-31,Hays,Texas,48209,37439,414.0,230191.0
2022-01-01,Hays,Texas,48209,37439,414.0,230191.0
2022-01-02,Hays,Texas,48209,37439,414.0,230191.0
2022-01-03,Hays,Texas,48209,38221,414.0,230191.0
2022-01-04,Hays,Texas,48209,39257,416.0,230191.0
2022-01-05,Hays,Texas,48209,39569,417.0,230191.0
2022-01-06,Hays,Texas,48209,40659,418.0,230191.0
2022-01-07,Hays,Texas,48209,41399,418.0,230191.0
2022-01-08,Hays,Texas,48209,41399,418.0,230191.0
2022-01-09,Hays,Texas,48209,41808,418.0,230191.0
2022-01-10,Hays,Texas,48209,42564,418.0,230191.0
2022-01-11,Hays,Texas,48209,43004,418.0,230191.0
2022-01-12,Hays,Texas,48209,43542,420.0,230191.0
2022-01-13,Hays,Texas,48209,44196,420.0,230191.0
2022-01-14,Hays,Texas,48209,45096,426.0,230191.0
2022-01-15,Hays,Texas,48209,45655,426.0,230191.0
2022-01-16,Hays,Texas,48209,46040,426.0,230191.0
2022-01-17,Hays,Texas,48209,46691,426.0,230191.0
2022-01-18,Hays,Texas,48209,47252,427.0,230191.0
2022-01-19,Hays,Texas,48209,48024,427.0,230191.0
2022-01-20,Hays,Texas,48209,48440,430.0,230191.0
2022-01-21,Hays,Texas,48209,49416,431.0,230191.0
2022-01-22,Hays,Texas,48209,49957,431.0,230191.0
2022-01-23,Hays,Texas,48209,50819,431.0,230191.0
2022-01-24,Hays,Texas,48209,51102,437.0,230191.0
2022-01-25,Hays,Texas,48209,51455,440.0,230191.0
2022-01-26,Hays,Texas,48209,51873,442.0,230191.0
2022-01-27,Hays,Texas,48209,52389,445.0,230191.0
2022-01-28,Hays,Texas,48209,52817,446.0,230191.0
2022-01-29,Hays,Texas,48209,53233,446.0,230191.0
2022-01-30,Hays,Texas,48209,53576,446.0,230191.0
2022-01-31,Hays,Texas,48209,53842,447.0,230191.0
2022-02-01,Hays,Texas,48209,54102,452.0,230191.0
2022-02-02,Hays,Texas,48209,54454,454.0,230191.0
2022-02-03,Hays,Texas,48209,54668,454.0,230191.0
2022-02-04,Hays,Texas,48209,54852,454.0,230191.0
2022-02-05,Hays,Texas,48209,55196,454.0,230191.0
2022-02-06,Hays,Texas,48209,55312,454.0,230191.0
2022-02-07,Hays,Texas,48209,56037,459.0,230191.0
2022-02-08,Hays,Texas,48209,56267,459.0,230191.0
2022-02-09,Hays,Texas,48209,56482,462.0,230191.0
2022-02-10,Hays,Texas,48209,56763,463.0,230191.0
2022-02-11,Hays,Texas,48209,56930,467.0,230191.0
2022-02-12,Hays,Texas,48209,56930,467.0,230191.0
2022-02-13,Hays,Texas,48209,56930,467.0,230191.0
2022-02-14,Hays,Texas,48209,56930,467.0,230191.0
2022-02-15,Hays,Texas,48209,57687,468.0,230191.0
2022-02-16,Hays,Texas,48209,58060,469.0,230191.0
2022-02-17,Hays,Texas,48209,58060,469.0,230191.0
2022-02-18,Hays,Texas,48209,58647,471.0,230191.0
2022-02-19,Hays,Texas,48209,58647,471.0,230191.0
2022-02-20,Hays,Texas,48209,58647,471.0,230191.0
2022-02-21,Hays,Texas,48209,58647,471.0,230191.0
2022-02-22,Hays,Texas,48209,58647,471.0,230191.0
2022-02-23,Hays,Texas,48209,59201,479.0,230191.0
2022-02-24,Hays,Texas,48209,59311,479.0,230191.0
2022-02-25,Hays,Texas,48209,59366,479.0,230191.0
2022-02-26,Hays,Texas,48209,59366,479.0,230191.0
2022-02-27,Hays,Texas,48209,59366,479.0,230191.0
2022-02-28,Hays,Texas,48209,59530,483.0,230191.0
2022-03-01,Hays,Texas,48209,59550,485.0,230191.0
2022-03-02,Hays,Texas,48209,59571,486.0,230191.0
2022-03-03,Hays,Texas,48209,59595,488.0,230191.0
2022-03-04,Hays,Texas,48209,59631,491.0,230191.0
2022-03-05,Hays,Texas,48209,59631,491.0,230191.0
2022-03-06,Hays,Texas,48209,59631,491.0,230191.0
2022-03-07,Hays,Texas,48209,59671,492.0,230191.0
2022-03-08,Hays,Texas,48209,59698,492.0,230191.0
2022-03-09,Hays,Texas,48209,59729,492.0,230191.0
2022-03-10,Hays,Texas,48209,59751,492.0,230191.0
2022-03-11,Hays,Texas,48209,59751,492.0,230191.0
2022-03-12,Hays,Texas,48209,59751,492.0,230191.0
2022-03-13,Hays,Texas,48209,59751,492.0,230191.0
2022-03-14,Hays,Texas,48209,59751,494.0,230191.0
2022-03-15,Hays,Texas,48209,59773,494.0,230191.0
2022-03-16,Hays,Texas,48209,59786,494.0,230191.0
2022-03-17,Hays,Texas,48209,59804,494.0,230191.0
2022-03-18,Hays,Texas,48209,59804,495.0,230191.0
2022-03-19,Hays,Texas,48209,59804,495.0,230191.0
2022-03-20,Hays,Texas,48209,59804,495.0,230191.0
2022-03-21,Hays,Texas,48209,59830,496.0,230191.0
2022-03-22,Hays,Texas,48209,59844,496.0,230191.0
2022-03-23,Hays,Texas,48209,59861,496.0,230191.0
2022-03-24,Hays,Texas,48209,59878,496.0,230191.0
2022-03-25,Hays,Texas,48209,59901,496.0,230191.0
2022-03-26,Hays,Texas,48209,59901,496.0,230191.0
2022-03-27,Hays,Texas,48209,59901,496.0,230191.0
2022-03-28,Hays,Texas,48209,59904,497.0,230191.0
2022-03-29,Hays,Texas,48209,59904,497.0,230191.0
2022-03-30,Hays,Texas,48209,59916,497.0,230191.0
2022-03-31,Hays,Texas,48209,59952,497.0,230191.0
2022-04-01,Hays,Texas,48209,59967,497.0,230191.0
2022-04-02,Hays,Texas,48209,59967,497.0,230191.0
2022-04-03,Hays,Texas,48209,59967,497.0,230191.0
2022-04-04,Hays,Texas,48209,60018,497.0,230191.0
2022-04-05,Hays,Texas,48209,60033,497.0,230191.0
2022-04-06,Hays,Texas,48209,60044,497.0,230191.0
2022-04-07,Hays,Texas,48209,60065,497.0,230191.0
2022-04-08,Hays,Texas,48209,60081,497.0,230191.0
2022-04-09,Hays,Texas,48209,60081,497.0,230191.0
2022-04-10,Hays,Texas,48209,60081,497.0,230191.0
2022-04-11,Hays,Texas,48209,60107,497.0,230191.0
2022-04-12,Hays,Texas,48209,60127,497.0,230191.0
2022-04-13,Hays,Texas,48209,60149,497.0,230191.0
2022-04-14,Hays,Texas,48209,60164,497.0,230191.0
2022-04-15,Hays,Texas,48209,60164,497.0,230191.0
2022-04-16,Hays,Texas,48209,60164,497.0,230191.0
2022-04-17,Hays,Texas,48209,60164,497.0,230191.0
2022-04-18,Hays,Texas,48209,60216,497.0,230191.0
2022-04-19,Hays,Texas,48209,60256,497.0,230191.0
2022-04-20,Hays,Texas,48209,60275,497.0,230191.0
2022-04-21,Hays,Texas,48209,60301,497.0,230191.0
2022-04-22,Hays,Texas,48209,60331,497.0,230191.0
2022-04-23,Hays,Texas,48209,60331,497.0,230191.0
2022-04-24,Hays,Texas,48209,60331,497.0,230191.0
2022-04-25,Hays,Texas,48209,60380,497.0,230191.0
2022-04-26,Hays,Texas,48209,60393,497.0,230191.0
2022-04-27,Hays,Texas,48209,60422,497.0,230191.0
2022-04-28,Hays,Texas,48209,60453,497.0,230191.0
2022-04-29,Hays,Texas,48209,60479,497.0,230191.0
2022-04-30,Hays,Texas,48209,60479,497.0,230191.0
2021-12-01,Lubbock,Texas,48303,68182,1050.0,310569.0
2021-12-02,Lubbock,Texas,48303,68348,1055.0,310569.0
2021-12-03,Lubbock,Texas,48303,68477,1055.0,310569.0
2021-12-04,Lubbock,Texas,48303,68477,1058.0,310569.0
2021-12-05,Lubbock,Texas,48303,68477,1061.0,310569.0
2021-12-06,Lubbock,Texas,48303,68713,1061.0,310569.0
2021-12-07,Lubbock,Texas,48303,68812,1062.0,310569.0
2021-12-08,Lubbock,Texas,48303,68903,1063.0,310569.0
2021-12-09,Lubbock,Texas,48303,69028,1063.0,310569.0
2021-12-10,Lubbock,Texas,48303,69208,1065.0,310569.0
2021-12-11,Lubbock,Texas,48303,69208,1066.0,310569.0
2021-12-12,Lubbock,Texas,48303,69208,1067.0,310569.0
2021-12-13,Lubbock,Texas,48303,69419,1067.0,310569.0
2021-12-14,Lubbock,Texas,48303,69517,1070.0,310569.0
2021-12-15,Lubbock,Texas,48303,69637,1075.0,310569.0
2021-12-16,Lubbock,Texas,48303,69772,1076.0,310569.0
2021-12-17,Lubbock,Texas,48303,69873,1079.0,310569.0
2021-12-18,Lubbock,Texas,48303,69873,1082.0,310569.0
2021-12-19,Lubbock,Texas,48303,69873,1082.0,310569.0
2021-12-20,Lubbock,Texas,48303,70082,1082.0,310569.0
2021-12-21,Lubbock,Texas,48303,70255,1083.0,310569.0
2021-12-22,Lubbock,Texas,48303,70398,1087.0,310569.0
2021-12-23,Lubbock,Texas,48303,70524,1090.0,310569.0
2021-12-24,Lubbock,Texas,48303,70524,1090.0,310569.0
2021-12-25,Lubbock,Texas,48303,70524,1090.0,310569.0
2021-12-26,Lubbock,Texas,48303,70524,1090.0,310569.0
2021-12-27,Lubbock,Texas,48303,70768,1095.0,310569.0
2021-12-28,Lubbock,Texas,48303,70843,1095.0,310569.0
2021-12-29,Lubbock,Texas,48303,71309,1097.0,310569.0
2021-12-30,Lubbock,Texas,48303,71724,1099.0,310569.0
2021-12-31,Lubbock,Texas,48303,71724,1099.0,310569.0
2022-01-01,Lubbock,Texas,48303,71724,1099.0,310569.0
2022-01-02,Lubbock,Texas,48303,71724,1099.0,310569.0
2022-01-03,Lubbock,Texas,48303,73877,1102.0,310569.0
2022-01-04,Lubbock,Texas,48303,74427,1104.0,310569.0
2022-01-05,Lubbock,Texas,48303,74940,1107.0,310569.0
2022-01-06,Lubbock,Texas,48303,75523,1108.0,310569.0
2022-01-07,Lubbock,Texas,48303,76191,1109.0,310569.0
2022-01-08,Lubbock,Texas,48303,77074,1113.0,310569.0
2022-01-09,Lubbock,Texas,48303,77777,1113.0,310569.0
2022-01-10,Lubbock,Texas,48303,78409,1113.0,310569.0
2022-01-11,Lubbock,Texas,48303,79518,1116.0,310569.0
2022-01-12,Lubbock,Texas,48303,80535,1121.0,310569.0
2022-01-13,Lubbock,Texas,48303,81551,1124.0,310569.0
2022-01-14,Lubbock,Texas,48303,82797,1127.0,310569.0
2022-01-15,Lubbock,Texas,48303,82797,1129.0,310569.0
2022-01-16,Lubbock,Texas,48303,82797,1131.0,310569.0
2022-01-17,Lubbock,Texas,48303,82797,1131.0,310569.0
2022-01-18,Lubbock,Texas,48303,86496,1137.0,310569.0
2022-01-19,Lubbock,Texas,48303,86976,1149.0,310569.0
2022-01-20,Lubbock,Texas,48303,87942,1156.0,310569.0
2022-01-21,Lubbock,Texas,48303,88975,1160.0,310569.0
2022-01-22,Lubbock,Texas,48303,88975,1162.0,310569.0
2022-01-23,Lubbock,Texas,48303,88975,1164.0,310569.0
2022-01-24,Lubbock,Texas,48303,91485,1164.0,310569.0
2022-01-25,Lubbock,Texas,48303,92046,1165.0,310569.0
2022-01-26,Lubbock,Texas,48303,92533,1171.0,310569.0
2022-01-27,Lubbock,Texas,48303,92971,1185.0,310569.0
2022-01-28,Lubbock,Texas,48303,93525,1190.0,310569.0
2022-01-29,Lubbock,Texas,48303,93525,1197.0,310569.0
2022-01-30,Lubbock,Texas,48303,93525,1199.0,310569.0
2022-01-31,Lubbock,Texas,48303,94459,1199.0,310569.0
2022-02-01,Lubbock,Texas,48303,94794,1205.0,310569.0
2022-02-02,Lubbock,Texas,48303,95054,1211.0,310569.0
2022-02-03,Lubbock,Texas,48303,95226,1217.0,310569.0
2022-02-04,Lubbock,Texas,48303,95556,1219.0,310569.0
2022-02-05,Lubbock,Texas,48303,95556,1225.0,310569.0
2022-02-06,Lubbock,Texas,48303,95556,1225.0,310569.0
2022-02-07,Lubbock,Texas,48303,95926,1227.0,310569.0
2022-02-08,Lubbock,Texas,48303,96047,1234.0,310569.0
2022-02-09,Lubbock,Texas,48303,96128,1237.0,310569.0
2022-02-10,Lubbock,Texas,48303,96195,1239.0,310569.0
2022-02-11,Lubbock,Texas,48303,96357,1243.0,310569.0
2022-02-12,Lubbock,Texas,48303,96357,1244.0,310569.0
2022-02-13,Lubbock,Texas,48303,96357,1248.0,310569.0
2022-02-14,Lubbock,Texas,48303,96503,1250.0,310569.0
2022-02-15,Lubbock,Texas,48303,96548,1254.0,310569.0
2022-02-16,Lubbock,Texas,48303,96569,1256.0,310569.0
2022-02-17,Lubbock,Texas,48303,96614,1259.0,310569.0
2022-02-18,Lubbock,Texas,48303,96679,1265.0,310569.0
2022-02-19,Lubbock,Texas,48303,96679,1269.0,310569.0
2022-02-20,Lubbock,Texas,48303,96679,1270.0,310569.0
2022-02-21,Lubbock,Texas,48303,96716,1270.0,310569.0
2022-02-22,Lubbock,Texas,48303,96754,1276.0,310569.0
2022-02-23,Lubbock,Texas,48303,96763,1279.0,310569.0
2022-02-24,Lubbock,Texas,48303,96778,1284.0,310569.0
2022-02-25,Lubbock,Texas,48303,96797,1285.0,310569.0
2022-02-26,Lubbock,Texas,48303,96797,1286.0,310569.0
2022-02-27,Lubbock,Texas,48303,96797,1289.0,310569.0
2022-02-28,Lubbock,Texas,48303,96835,1289.0,310569.0
2022-03-01,Lubbock,Texas,48303,92983,1291.0,310569.0
2022-03-02,Lubbock,Texas,48303,93010,1295.0,310569.0
2022-03-03,Lubbock,Texas,48303,93020,1296.0,310569.0
2022-03-04,Lubbock,Texas,48303,93044,1297.0,310569.0
2022-03-05,Lubbock,Texas,48303,93149,1299.0,310569.0
2022-03-06,Lubbock,Texas,48303,93157,1299.0,310569.0
2022-03-07,Lubbock,Texas,48303,93170,1299.0,310569.0
2022-03-08,Lubbock,Texas,48303,93180,1300.0,310569.0
2022-03-09,Lubbock,Texas,48303,93184,1300.0,310569.0
2022-03-10,Lubbock,Texas,48303,93192,1303.0,310569.0
2022-03-11,Lubbock,Texas,48303,93193,1303.0,310569.0
2022-03-12,Lubbock,Texas,48303,93213,1303.0,310569.0
2022-03-13,Lubbock,Texas,48303,93221,1303.0,310569.0
2022-03-14,Lubbock,Texas,48303,93224,1304.0,310569.0
2022-03-15,Lubbock,Texas,48303,93227,1304.0,310569.0
2022-03-16,Lubbock,Texas,48303,93235,1304.0,310569.0
2022-03-17,Lubbock,Texas,48303,93240,1308.0,310569.0
2022-03-18,Lubbock,Texas,48303,93274,1308.0,310569.0
2022-03-19,Lubbock,Texas,48303,93274,1311.0,310569.0
2022-03-20,Lubbock,Texas,48303,93283,1311.0,310569.0
2022-03-21,Lubbock,Texas,48303,93287,1311.0,310569.0
2022-03-22,Lubbock,Texas,48303,93295,1313.0,310569.0
2022-03-23,Lubbock,Texas,48303,93323,1313.0,310569.0
2022-03-24,Lubbock,Texas,48303,93340,1313.0,310569.0
2022-03-25,Lubbock,Texas,48303,93346,1313.0,310569.0
2022-03-26,Lubbock,Texas,48303,93363,1315.0,310569.0
2022-03-27,Lubbock,Texas,48303,93366,1315.0,310569.0
2022-03-28,Lubbock,Texas,48303,93370,1315.0,310569.0
2022-03-29,Lubbock,Texas,48303,93386,1315.0,310569.0
2022-03-30,Lubbock,Texas,48303,93392,1316.0,310569.0
2022-03-31,Lubbock,Texas,48303,93399,1317.0,310569.0
2022-04-01,Lubbock,Texas,48303,93423,1317.0,310569.0
2022-04-02,Lubbock,Texas,48303,93443,1317.0,310569.0
2022-04-03,Lubbock,Texas,48303,93447,1317.0,310569.0
2022-04-04,Lubbock,Texas,48303,93450,1317.0,310569.0
2022-04-05,Lubbock,Texas,48303,93453,1317.0,310569.0
2022-04-06,Lubbock,Texas,48303,93458,1318.0,310569.0
2022-04-07,Lubbock,Texas,48303,93465,1318.0,310569.0
2022-04-08,Lubbock,Texas,48303,93485,1318.0,310569.0
2022-04-09,Lubbock,Texas,48303,93491,1318.0,310569.0
2022-04-10,Lubbock,Texas,48303,93492,1318.0,310569.0
2022-04-11,Lubbock,Texas,48303,93499,1318.0,310569.0
2022-04-12,Lubbock,Texas,48303,93501,1320.0,310569.0
2022-04-13,Lubbock,Texas,48303,93509,1322.0,310569.0
2022-04-14,Lubbock,Texas,48303,93528,1324.0,310569.0
2022-04-15,Lubbock,Texas,48303,93528,1324.0,310569.0
2022-04-16,Lubbock,Texas,48303,93528,1324.0,310569.0
2022-04-17,Lubbock,Texas,48303,93528,1324.0,310569.0
2022-04-18,Lubbock,Texas,48303,93556,1324.0,310569.0
2022-04-19,Lubbock,Texas,48303,93561,1324.0,310569.0
2022-04-20,Lubbock,Texas,48303,93566,1324.0,310569.0
2022-04-21,Lubbock,Texas,48303,93589,1324.0,310569.0
2022-04-22,Lubbock,Texas,48303,93597,1324.0,310569.0
2022-04-23,Lubbock,Texas,48303,93606,1324.0,310569.0
2022-04-24,Lubbock,Texas,48303,93612,1324.0,310569.0
2022-04-25,Lubbock,Texas,48303,93617,1324.0,310569.0
2022-04-26,Lubbock,Texas,48303,93633,1325.0,310569.0
2022-04-27,Lubbock,Texas,48303,93638,1325.0,310569.0
2022-04-28,Lubbock,Texas,48303,93641,1325.0,310569.0
2022-04-29,Lubbock,Texas,48303,93647,1325.0,310569.0
2022-04-30,Lubbock,Texas,48303,93663,1325.0,310569.0
2021-12-01,Iron,Utah,49021,9911,62.0,54839.0
2021-12-02,Iron,Utah,49021,9975,65.0,54839.0
2021-12-03,Iron,Utah,49021,9999,66.0,54839.0
2021-12-04,Iron,Utah,49021,9999,66.0,54839.0
2021-12-05,Iron,Utah,49021,9999,66.0,54839.0
2021-12-06,Iron,Utah,49021,9999,66.0,54839.0
2021-12-07,Iron,Utah,49021,10072,67.0,54839.0
2021-12-08,Iron,Utah,49021,10093,68.0,54839.0
2021-12-09,Iron,Utah,49021,10121,69.0,54839.0
2021-12-10,Iron,Utah,49021,10139,69.0,54839.0
2021-12-11,Iron,Utah,49021,10139,69.0,54839.0
2021-12-12,Iron,Utah,49021,10139,69.0,54839.0
2021-12-13,Iron,Utah,49021,10186,70.0,54839.0
2021-12-14,Iron,Utah,49021,10195,70.0,54839.0
2021-12-15,Iron,Utah,49021,10218,71.0,54839.0
2021-12-16,Iron,Utah,49021,10230,71.0,54839.0
2021-12-17,Iron,Utah,49021,10243,71.0,54839.0
2021-12-18,Iron,Utah,49021,10243,71.0,54839.0
2021-12-19,Iron,Utah,49021,10243,71.0,54839.0
2021-12-20,Iron,Utah,49021,10288,71.0,54839.0
2021-12-21,Iron,Utah,49021,10296,71.0,54839.0
2021-12-22,Iron,Utah,49021,10313,71.0,54839.0
2021-12-23,Iron,Utah,49021,10326,71.0,54839.0
2021-12-24,Iron,Utah,49021,10326,71.0,54839.0
2021-12-25,Iron,Utah,49021,10326,71.0,54839.0
2021-12-26,Iron,Utah,49021,10326,71.0,54839.0
2021-12-27,Iron,Utah,49021,10371,72.0,54839.0
2021-12-28,Iron,Utah,49021,10395,72.0,54839.0
2021-12-29,Iron,Utah,49021,10439,72.0,54839.0
2021-12-30,Iron,Utah,49021,10439,72.0,54839.0
2021-12-31,Iron,Utah,49021,10496,73.0,54839.0
2022-01-01,Iron,Utah,49021,10496,73.0,54839.0
2022-01-02,Iron,Utah,49021,10496,73.0,54839.0
2022-01-03,Iron,Utah,49021,10581,73.0,54839.0
2022-01-04,Iron,Utah,49021,10581,73.0,54839.0
2022-01-05,Iron,Utah,49021,10581,73.0,54839.0
2022-01-06,Iron,Utah,49021,10923,73.0,54839.0
2022-01-07,Iron,Utah,49021,11043,73.0,54839.0
2022-01-08,Iron,Utah,49021,11043,73.0,54839.0
2022-01-09,Iron,Utah,49021,11043,73.0,54839.0
2022-01-10,Iron,Utah,49021,11043,73.0,54839.0
2022-01-11,Iron,Utah,49021,11343,73.0,54839.0
2022-01-12,Iron,Utah,49021,11343,73.0,54839.0
2022-01-13,Iron,Utah,49021,11796,74.0,54839.0
2022-01-14,Iron,Utah,49021,11931,74.0,54839.0
2022-01-15,Iron,Utah,49021,11931,74.0,54839.0
2022-01-16,Iron,Utah,49021,11931,74.0,54839.0
2022-01-17,Iron,Utah,49021,11931,74.0,54839.0
2022-01-18,Iron,Utah,49021,11931,74.0,54839.0
2022-01-19,Iron,Utah,49021,12615,74.0,54839.0
2022-01-20,Iron,Utah,49021,12845,76.0,54839.0
2022-01-21,Iron,Utah,49021,12985,76.0,54839.0
2022-01-22,Iron,Utah,49021,12985,76.0,54839.0
2022-01-23,Iron,Utah,49021,12985,76.0,54839.0
2022-01-24,Iron,Utah,49021,12985,76.0,54839.0
2022-01-25,Iron,Utah,49021,13500,79.0,54839.0
2022-01-26,Iron,Utah,49021,13639,79.0,54839.0
2022-01-27,Iron,Utah,49021,13778,79.0,54839.0
2022-01-28,Iron,Utah,49021,13850,79.0,54839.0
2022-01-29,Iron,Utah,49021,13850,79.0,54839.0
2022-01-30,Iron,Utah,49021,13850,79.0,54839.0
2022-01-31,Iron,Utah,49021,14067,79.0,54839.0
2022-02-01,Iron,Utah,49021,14095,80.0,54839.0
2022-02-02,Iron,Utah,49021,14167,81.0,54839.0
2022-02-03,Iron,Utah,49021,14235,81.0,54839.0
2022-02-04,Iron,Utah,49021,14269,82.0,54839.0
2022-02-05,Iron,Utah,49021,14269,82.0,54839.0
2022-02-06,Iron,Utah,49021,14269,82.0,54839.0
2022-02-07,Iron,Utah,49021,14367,82.0,54839.0
2022-02-08,Iron,Utah,49021,14380,82.0,54839.0
2022-02-09,Iron,Utah,49021,14425,82.0,54839.0
2022-02-10,Iron,Utah,49021,14455,82.0,54839.0
2022-02-11,Iron,Utah,49021,14474,82.0,54839.0
2022-02-12,Iron,Utah,49021,14474,82.0,54839.0
2022-02-13,Iron,Utah,49021,14474,82.0,54839.0
2022-02-14,Iron,Utah,49021,14502,83.0,54839.0
2022-02-15,Iron,Utah,49021,14512,83.0,54839.0
2022-02-16,Iron,Utah,49021,14526,83.0,54839.0
2022-02-17,Iron,Utah,49021,14535,83.0,54839.0
2022-02-18,Iron,Utah,49021,14545,83.0,54839.0
2022-02-19,Iron,Utah,49021,14545,83.0,54839.0
2022-02-20,Iron,Utah,49021,14545,83.0,54839.0
2022-02-21,Iron,Utah,49021,14545,83.0,54839.0
2022-02-22,Iron,Utah,49021,14568,83.0,54839.0
2022-02-23,Iron,Utah,49021,14573,83.0,54839.0
2022-02-24,Iron,Utah,49021,14581,83.0,54839.0
2022-02-25,Iron,Utah,49021,14586,83.0,54839.0
2022-02-26,Iron,Utah,49021,14586,83.0,54839.0
2022-02-27,Iron,Utah,49021,14586,83.0,54839.0
2022-02-28,Iron,Utah,49021,14601,84.0,54839.0
2022-03-01,Iron,Utah,49021,14605,84.0,54839.0
2022-03-02,Iron,Utah,49021,14611,84.0,54839.0
2022-03-03,Iron,Utah,49021,14617,84.0,54839.0
2022-03-04,Iron,Utah,49021,14617,84.0,54839.0
2022-03-05,Iron,Utah,49021,14617,84.0,54839.0
2022-03-06,Iron,Utah,49021,14617,84.0,54839.0
2022-03-07,Iron,Utah,49021,14617,84.0,54839.0
2022-03-08,Iron,Utah,49021,14628,85.0,54839.0
2022-03-09,Iron,Utah,49021,14632,85.0,54839.0
2022-03-10,Iron,Utah,49021,14633,85.0,54839.0
2022-03-11,Iron,Utah,49021,14636,85.0,54839.0
2022-03-12,Iron,Utah,49021,14636,85.0,54839.0
2022-03-13,Iron,Utah,49021,14636,85.0,54839.0
2022-03-14,Iron,Utah,49021,14636,85.0,54839.0
2022-03-15,Iron,Utah,49021,14642,85.0,54839.0
2022-03-16,Iron,Utah,49021,14643,85.0,54839.0
2022-03-17,Iron,Utah,49021,14643,85.0,54839.0
2022-03-18,Iron,Utah,49021,14645,85.0,54839.0
2022-03-19,Iron,Utah,49021,14645,85.0,54839.0
2022-03-20,Iron,Utah,49021,14645,85.0,54839.0
2022-03-21,Iron,Utah,49021,14650,85.0,54839.0
2022-03-22,Iron,Utah,49021,14652,85.0,54839.0
2022-03-23,Iron,Utah,49021,14654,88.0,54839.0
2022-03-24,Iron,Utah,49021,14654,90.0,54839.0
2022-03-25,Iron,Utah,49021,14654,90.0,54839.0
2022-03-26,Iron,Utah,49021,14654,90.0,54839.0
2022-03-27,Iron,Utah,49021,14654,90.0,54839.0
2022-03-28,Iron,Utah,49021,14660,90.0,54839.0
2022-03-29,Iron,Utah,49021,14662,90.0,54839.0
2022-03-30,Iron,Utah,49021,14663,90.0,54839.0
2022-03-31,Iron,Utah,49021,14663,90.0,54839.0
2022-04-01,Iron,Utah,49021,14663,90.0,54839.0
2022-04-02,Iron,Utah,49021,14663,90.0,54839.0
2022-04-03,Iron,Utah,49021,14663,90.0,54839.0
2022-04-04,Iron,Utah,49021,14663,90.0,54839.0
2022-04-05,Iron,Utah,49021,14663,90.0,54839.0
2022-04-06,Iron,Utah,49021,14663,90.0,54839.0
2022-04-07,Iron,Utah,49021,14668,90.0,54839.0
2022-04-08,Iron,Utah,49021,14668,90.0,54839.0
2022-04-09,Iron,Utah,49021,14668,90.0,54839.0
2022-04-10,Iron,Utah,49021,14668,90.0,54839.0
2022-04-11,Iron,Utah,49021,14668,90.0,54839.0
2022-04-12,Iron,Utah,49021,14668,90.0,54839.0
2022-04-13,Iron,Utah,49021,14668,90.0,54839.0
2022-04-14,Iron,Utah,49021,14679,90.0,54839.0
2022-04-15,Iron,Utah,49021,14679,90.0,54839.0
2022-04-16,Iron,Utah,49021,14679,90.0,54839.0
2022-04-17,Iron,Utah,49021,14679,90.0,54839.0
2022-04-18,Iron,Utah,49021,14679,90.0,54839.0
2022-04-19,Iron,Utah,49021,14694,90.0,54839.0
2022-04-20,Iron,Utah,49021,14694,90.0,54839.0
2022-04-21,Iron,Utah,49021,14701,90.0,54839.0
2022-04-22,Iron,Utah,49021,14706,90.0,54839.0
2022-04-23,Iron,Utah,49021,14706,90.0,54839.0
2022-04-24,Iron,Utah,49021,14706,90.0,54839.0
2022-04-25,Iron,Utah,49021,14716,90.0,54839.0
2022-04-26,Iron,Utah,49021,14716,90.0,54839.0
2022-04-27,Iron,Utah,49021,14716,90.0,54839.0
2022-04-28,Iron,Utah,49021,14729,90.0,54839.0
2022-04-29,Iron,Utah,49021,14729,90.0,54839.0
2022-04-30,Iron,Utah,49021,14729,90.0,54839.0
2021-12-01,Utah,Utah,49049,136531,608.0,636235.0
2021-12-02,Utah,Utah,49049,136991,608.0,636235.0
2021-12-03,Utah,Utah,49049,137474,609.0,636235.0
2021-12-04,Utah,Utah,49049,137474,609.0,636235.0
2021-12-05,Utah,Utah,49049,137474,609.0,636235.0
2021-12-06,Utah,Utah,49049,138344,613.0,636235.0
2021-12-07,Utah,Utah,49049,138626,617.0,636235.0
2021-12-08,Utah,Utah,49049,138991,617.0,636235.0
2021-12-09,Utah,Utah,49049,139299,617.0,636235.0
2021-12-10,Utah,Utah,49049,139619,619.0,636235.0
2021-12-11,Utah,Utah,49049,139619,619.0,636235.0
2021-12-12,Utah,Utah,49049,139619,619.0,636235.0
2021-12-13,Utah,Utah,49049,140228,627.0,636235.0
2021-12-14,Utah,Utah,49049,140434,629.0,636235.0
2021-12-15,Utah,Utah,49049,140661,631.0,636235.0
2021-12-16,Utah,Utah,49049,140861,635.0,636235.0
2021-12-17,Utah,Utah,49049,141121,637.0,636235.0
2021-12-18,Utah,Utah,49049,141121,637.0,636235.0
2021-12-19,Utah,Utah,49049,141121,637.0,636235.0
2021-12-20,Utah,Utah,49049,141688,642.0,636235.0
2021-12-21,Utah,Utah,49049,141845,646.0,636235.0
2021-12-22,Utah,Utah,49049,142085,650.0,636235.0
2021-12-23,Utah,Utah,49049,142317,651.0,636235.0
2021-12-24,Utah,Utah,49049,142317,651.0,636235.0
2021-12-25,Utah,Utah,49049,142317,651.0,636235.0
2021-12-26,Utah,Utah,49049,142317,651.0,636235.0
2021-12-27,Utah,Utah,49049,143029,653.0,636235.0
2021-12-28,Utah,Utah,49049,143282,653.0,636235.0
2021-12-29,Utah,Utah,49049,143886,655.0,636235.0
2021-12-30,Utah,Utah,49049,144502,656.0,636235.0
2021-12-31,Utah,Utah,49049,144502,656.0,636235.0
2022-01-01,Utah,Utah,49049,144502,656.0,636235.0
2022-01-02,Utah,Utah,49049,144502,656.0,636235.0
2022-01-03,Utah,Utah,49049,147071,658.0,636235.0
2022-01-04,Utah,Utah,49049,147781,658.0,636235.0
2022-01-05,Utah,Utah,49049,148936,663.0,636235.0
2022-01-06,Utah,Utah,49049,150556,666.0,636235.0
2022-01-07,Utah,Utah,49049,152404,668.0,636235.0
2022-01-08,Utah,Utah,49049,152404,668.0,636235.0
2022-01-09,Utah,Utah,49049,152404,668.0,636235.0
2022-01-10,Utah,Utah,49049,156867,670.0,636235.0
2022-01-11,Utah,Utah,49049,158633,671.0,636235.0
2022-01-12,Utah,Utah,49049,160261,676.0,636235.0
2022-01-13,Utah,Utah,49049,162824,678.0,636235.0
2022-01-14,Utah,Utah,49049,164808,678.0,636235.0
2022-01-15,Utah,Utah,49049,164808,678.0,636235.0
2022-01-16,Utah,Utah,49049,164808,678.0,636235.0
2022-01-17,Utah,Utah,49049,164808,678.0,636235.0
2022-01-18,Utah,Utah,49049,173029,682.0,636235.0
2022-01-19,Utah,Utah,49049,176019,685.0,636235.0
2022-01-20,Utah,Utah,49049,178644,693.0,636235.0
2022-01-21,Utah,Utah,49049,181360,697.0,636235.0
2022-01-22,Utah,Utah,49049,181360,697.0,636235.0
2022-01-23,Utah,Utah,49049,181360,697.0,636235.0
2022-01-24,Utah,Utah,49049,186116,702.0,636235.0
2022-01-25,Utah,Utah,49049,187714,702.0,636235.0
2022-01-26,Utah,Utah,49049,189139,706.0,636235.0
2022-01-27,Utah,Utah,49049,190681,706.0,636235.0
2022-01-28,Utah,Utah,49049,191995,706.0,636235.0
2022-01-29,Utah,Utah,49049,191995,706.0,636235.0
2022-01-30,Utah,Utah,49049,191995,706.0,636235.0
2022-01-31,Utah,Utah,49049,193906,706.0,636235.0
2022-02-01,Utah,Utah,49049,194509,706.0,636235.0
2022-02-02,Utah,Utah,49049,195204,713.0,636235.0
2022-02-03,Utah,Utah,49049,195859,715.0,636235.0
2022-02-04,Utah,Utah,49049,196344,715.0,636235.0
2022-02-05,Utah,Utah,49049,196344,715.0,636235.0
2022-02-06,Utah,Utah,49049,196344,715.0,636235.0
2022-02-07,Utah,Utah,49049,197392,716.0,636235.0
2022-02-08,Utah,Utah,49049,197674,718.0,636235.0
2022-02-09,Utah,Utah,49049,197995,720.0,636235.0
2022-02-10,Utah,Utah,49049,198325,727.0,636235.0
2022-02-11,Utah,Utah,49049,198668,729.0,636235.0
2022-02-12,Utah,Utah,49049,198668,729.0,636235.0
2022-02-13,Utah,Utah,49049,198668,729.0,636235.0
2022-02-14,Utah,Utah,49049,199213,733.0,636235.0
2022-02-15,Utah,Utah,49049,199349,737.0,636235.0
2022-02-16,Utah,Utah,49049,199518,738.0,636235.0
2022-02-17,Utah,Utah,49049,199691,738.0,636235.0
2022-02-18,Utah,Utah,49049,199857,739.0,636235.0
2022-02-19,Utah,Utah,49049,199857,739.0,636235.0
2022-02-20,Utah,Utah,49049,199857,739.0,636235.0
2022-02-21,Utah,Utah,49049,199857,739.0,636235.0
2022-02-22,Utah,Utah,49049,200215,739.0,636235.0
2022-02-23,Utah,Utah,49049,200340,741.0,636235.0
2022-02-24,Utah,Utah,49049,200440,741.0,636235.0
2022-02-25,Utah,Utah,49049,200507,744.0,636235.0
2022-02-26,Utah,Utah,49049,200507,744.0,636235.0
2022-02-27,Utah,Utah,49049,200507,744.0,636235.0
2022-02-28,Utah,Utah,49049,200655,745.0,636235.0
2022-03-01,Utah,Utah,49049,200713,746.0,636235.0
2022-03-02,Utah,Utah,49049,200759,749.0,636235.0
2022-03-03,Utah,Utah,49049,200816,749.0,636235.0
2022-03-04,Utah,Utah,49049,200862,750.0,636235.0
2022-03-05,Utah,Utah,49049,200862,750.0,636235.0
2022-03-06,Utah,Utah,49049,200862,750.0,636235.0
2022-03-07,Utah,Utah,49049,200968,750.0,636235.0
2022-03-08,Utah,Utah,49049,200992,754.0,636235.0
2022-03-09,Utah,Utah,49049,201025,754.0,636235.0
2022-03-10,Utah,Utah,49049,201050,757.0,636235.0
2022-03-11,Utah,Utah,49049,201109,760.0,636235.0
2022-03-12,Utah,Utah,49049,201109,760.0,636235.0
2022-03-13,Utah,Utah,49049,201109,760.0,636235.0
2022-03-14,Utah,Utah,49049,201172,761.0,636235.0
2022-03-15,Utah,Utah,49049,201199,762.0,636235.0
2022-03-16,Utah,Utah,49049,201221,763.0,636235.0
2022-03-17,Utah,Utah,49049,201257,762.0,636235.0
2022-03-18,Utah,Utah,49049,201281,764.0,636235.0
2022-03-19,Utah,Utah,49049,201281,764.0,636235.0
2022-03-20,Utah,Utah,49049,201281,764.0,636235.0
2022-03-21,Utah,Utah,49049,201323,768.0,636235.0
2022-03-22,Utah,Utah,49049,201332,774.0,636235.0
2022-03-23,Utah,Utah,49049,201346,778.0,636235.0
2022-03-24,Utah,Utah,49049,201389,781.0,636235.0
2022-03-25,Utah,Utah,49049,201411,784.0,636235.0
2022-03-26,Utah,Utah,49049,201411,784.0,636235.0
2022-03-27,Utah,Utah,49049,201411,784.0,636235.0
2022-03-28,Utah,Utah,49049,201446,785.0,636235.0
2022-03-29,Utah,Utah,49049,201457,785.0,636235.0
2022-03-30,Utah,Utah,49049,201475,785.0,636235.0
2022-03-31,Utah,Utah,49049,201498,785.0,636235.0
2022-04-01,Utah,Utah,49049,201498,785.0,636235.0
2022-04-02,Utah,Utah,49049,201498,785.0,636235.0
2022-04-03,Utah,Utah,49049,201498,785.0,636235.0
2022-04-04,Utah,Utah,49049,201498,785.0,636235.0
2022-04-05,Utah,Utah,49049,201498,785.0,636235.0
2022-04-06,Utah,Utah,49049,201498,785.0,636235.0
2022-04-07,Utah,Utah,49049,201585,788.0,636235.0
2022-04-08,Utah,Utah,49049,201585,788.0,636235.0
2022-04-09,Utah,Utah,49049,201585,788.0,636235.0
2022-04-10,Utah,Utah,49049,201585,788.0,636235.0
2022-04-11,Utah,Utah,49049,201585,788.0,636235.0
2022-04-12,Utah,Utah,49049,201585,788.0,636235.0
2022-04-13,Utah,Utah,49049,201585,788.0,636235.0
2022-04-14,Utah,Utah,49049,201713,788.0,636235.0
2022-04-15,Utah,Utah,49049,201713,788.0,636235.0
2022-04-16,Utah,Utah,49049,201713,788.0,636235.0
2022-04-17,Utah,Utah,49049,201713,788.0,636235.0
2022-04-18,Utah,Utah,49049,201713,788.0,636235.0
2022-04-19,Utah,Utah,49049,201713,788.0,636235.0
2022-04-20,Utah,Utah,49049,201713,788.0,636235.0
2022-04-21,Utah,Utah,49049,201899,789.0,636235.0
2022-04-22,Utah,Utah,49049,201899,789.0,636235.0
2022-04-23,Utah,Utah,49049,201899,789.0,636235.0
2022-04-24,Utah,Utah,49049,201899,789.0,636235.0
2022-04-25,Utah,Utah,49049,201899,789.0,636235.0
2022-04-26,Utah,Utah,49049,201899,789.0,636235.0
2022-04-27,Utah,Utah,49049,201899,789.0,636235.0
2022-04-28,Utah,Utah,49049,202150,790.0,636235.0
2022-04-29,Utah,Utah,49049,202150,790.0,636235.0
2022-04-30,Utah,Utah,49049,202150,790.0,636235.0
2021-12-01,Chittenden,Vermont,50007,13126,131.0,163774.0
2021-12-02,Chittenden,Vermont,50007,13251,131.0,163774.0
2021-12-03,Chittenden,Vermont,50007,13334,131.0,163774.0
2021-12-04,Chittenden,Vermont,50007,13428,131.0,163774.0
2021-12-05,Chittenden,Vermont,50007,13526,131.0,163774.0
2021-12-06,Chittenden,Vermont,50007,13586,131.0,163774.0
2021-12-07,Chittenden,Vermont,50007,13622,132.0,163774.0
2021-12-08,Chittenden,Vermont,50007,13658,132.0,163774.0
2021-12-09,Chittenden,Vermont,50007,13736,132.0,163774.0
2021-12-10,Chittenden,Vermont,50007,13832,132.0,163774.0
2021-12-11,Chittenden,Vermont,50007,13914,132.0,163774.0
2021-12-12,Chittenden,Vermont,50007,13969,132.0,163774.0
2021-12-13,Chittenden,Vermont,50007,14063,132.0,163774.0
2021-12-14,Chittenden,Vermont,50007,14108,132.0,163774.0
2021-12-15,Chittenden,Vermont,50007,14145,132.0,163774.0
2021-12-16,Chittenden,Vermont,50007,14265,132.0,163774.0
2021-12-17,Chittenden,Vermont,50007,14362,134.0,163774.0
2021-12-18,Chittenden,Vermont,50007,14472,134.0,163774.0
2021-12-19,Chittenden,Vermont,50007,14636,134.0,163774.0
2021-12-20,Chittenden,Vermont,50007,14707,135.0,163774.0
2021-12-21,Chittenden,Vermont,50007,14773,135.0,163774.0
2021-12-22,Chittenden,Vermont,50007,14879,135.0,163774.0
2021-12-23,Chittenden,Vermont,50007,15062,136.0,163774.0
2021-12-24,Chittenden,Vermont,50007,15062,136.0,163774.0
2021-12-25,Chittenden,Vermont,50007,15062,136.0,163774.0
2021-12-26,Chittenden,Vermont,50007,15062,136.0,163774.0
2021-12-27,Chittenden,Vermont,50007,15666,136.0,163774.0
2021-12-28,Chittenden,Vermont,50007,15775,137.0,163774.0
2021-12-29,Chittenden,Vermont,50007,15965,137.0,163774.0
2021-12-30,Chittenden,Vermont,50007,16325,138.0,163774.0
2021-12-31,Chittenden,Vermont,50007,16325,138.0,163774.0
2022-01-01,Chittenden,Vermont,50007,16325,138.0,163774.0
2022-01-02,Chittenden,Vermont,50007,16325,138.0,163774.0
2022-01-03,Chittenden,Vermont,50007,17309,138.0,163774.0
2022-01-04,Chittenden,Vermont,50007,17505,138.0,163774.0
2022-01-05,Chittenden,Vermont,50007,17776,139.0,163774.0
2022-01-06,Chittenden,Vermont,50007,18100,139.0,163774.0
2022-01-07,Chittenden,Vermont,50007,18320,139.0,163774.0
2022-01-08,Chittenden,Vermont,50007,18584,139.0,163774.0
2022-01-09,Chittenden,Vermont,50007,18772,139.0,163774.0
2022-01-10,Chittenden,Vermont,50007,18772,139.0,163774.0
2022-01-11,Chittenden,Vermont,50007,18772,139.0,163774.0
2022-01-12,Chittenden,Vermont,50007,19659,140.0,163774.0
2022-01-13,Chittenden,Vermont,50007,20059,140.0,163774.0
2022-01-14,Chittenden,Vermont,50007,20416,140.0,163774.0
2022-01-15,Chittenden,Vermont,50007,20711,140.0,163774.0
2022-01-16,Chittenden,Vermont,50007,20969,140.0,163774.0
2022-01-17,Chittenden,Vermont,50007,20969,140.0,163774.0
2022-01-18,Chittenden,Vermont,50007,21592,140.0,163774.0
2022-01-19,Chittenden,Vermont,50007,21881,140.0,163774.0
2022-01-20,Chittenden,Vermont,50007,21881,140.0,163774.0
2022-01-21,Chittenden,Vermont,50007,22407,142.0,163774.0
2022-01-22,Chittenden,Vermont,50007,22723,142.0,163774.0
2022-01-23,Chittenden,Vermont,50007,22986,142.0,163774.0
2022-01-24,Chittenden,Vermont,50007,23191,143.0,163774.0
2022-01-25,Chittenden,Vermont,50007,23550,143.0,163774.0
2022-01-26,Chittenden,Vermont,50007,23773,144.0,163774.0
2022-01-27,Chittenden,Vermont,50007,23993,145.0,163774.0
2022-01-28,Chittenden,Vermont,50007,24151,146.0,163774.0
2022-01-29,Chittenden,Vermont,50007,24253,146.0,163774.0
2022-01-30,Chittenden,Vermont,50007,24343,146.0,163774.0
2022-01-31,Chittenden,Vermont,50007,24376,147.0,163774.0
2022-02-01,Chittenden,Vermont,50007,24448,148.0,163774.0
2022-02-02,Chittenden,Vermont,50007,24529,149.0,163774.0
2022-02-03,Chittenden,Vermont,50007,24597,150.0,163774.0
2022-02-04,Chittenden,Vermont,50007,24659,151.0,163774.0
2022-02-05,Chittenden,Vermont,50007,24659,151.0,163774.0
2022-02-06,Chittenden,Vermont,50007,24659,151.0,163774.0
2022-02-07,Chittenden,Vermont,50007,24799,151.0,163774.0
2022-02-08,Chittenden,Vermont,50007,24840,152.0,163774.0
2022-02-09,Chittenden,Vermont,50007,24886,152.0,163774.0
2022-02-10,Chittenden,Vermont,50007,24954,152.0,163774.0
2022-02-11,Chittenden,Vermont,50007,25000,153.0,163774.0
2022-02-12,Chittenden,Vermont,50007,25000,153.0,163774.0
2022-02-13,Chittenden,Vermont,50007,25000,153.0,163774.0
2022-02-14,Chittenden,Vermont,50007,25092,154.0,163774.0
2022-02-15,Chittenden,Vermont,50007,25124,154.0,163774.0
2022-02-16,Chittenden,Vermont,50007,25174,154.0,163774.0
2022-02-17,Chittenden,Vermont,50007,25220,154.0,163774.0
2022-02-18,Chittenden,Vermont,50007,25251,156.0,163774.0
2022-02-19,Chittenden,Vermont,50007,25251,156.0,163774.0
2022-02-20,Chittenden,Vermont,50007,25251,156.0,163774.0
2022-02-21,Chittenden,Vermont,50007,25251,156.0,163774.0
2022-02-22,Chittenden,Vermont,50007,25345,156.0,163774.0
2022-02-23,Chittenden,Vermont,50007,25388,156.0,163774.0
2022-02-24,Chittenden,Vermont,50007,25474,156.0,163774.0
2022-02-25,Chittenden,Vermont,50007,25532,156.0,163774.0
2022-02-26,Chittenden,Vermont,50007,25532,156.0,163774.0
2022-02-27,Chittenden,Vermont,50007,25532,156.0,163774.0
2022-02-28,Chittenden,Vermont,50007,25935,156.0,163774.0
2022-03-01,Chittenden,Vermont,50007,25935,156.0,163774.0
2022-03-02,Chittenden,Vermont,50007,29837,158.0,163774.0
2022-03-03,Chittenden,Vermont,50007,29905,158.0,163774.0
2022-03-04,Chittenden,Vermont,50007,29958,158.0,163774.0
2022-03-05,Chittenden,Vermont,50007,29958,158.0,163774.0
2022-03-06,Chittenden,Vermont,50007,29958,158.0,163774.0
2022-03-07,Chittenden,Vermont,50007,30043,158.0,163774.0
2022-03-08,Chittenden,Vermont,50007,30047,159.0,163774.0
2022-03-09,Chittenden,Vermont,50007,30069,159.0,163774.0
2022-03-10,Chittenden,Vermont,50007,30087,159.0,163774.0
2022-03-11,Chittenden,Vermont,50007,30113,159.0,163774.0
2022-03-12,Chittenden,Vermont,50007,30113,159.0,163774.0
2022-03-13,Chittenden,Vermont,50007,30113,159.0,163774.0
2022-03-14,Chittenden,Vermont,50007,30169,159.0,163774.0
2022-03-15,Chittenden,Vermont,50007,30197,159.0,163774.0
2022-03-16,Chittenden,Vermont,50007,30254,159.0,163774.0
2022-03-17,Chittenden,Vermont,50007,30310,160.0,163774.0
2022-03-18,Chittenden,Vermont,50007,30348,160.0,163774.0
2022-03-19,Chittenden,Vermont,50007,30348,160.0,163774.0
2022-03-20,Chittenden,Vermont,50007,30348,160.0,163774.0
2022-03-21,Chittenden,Vermont,50007,30436,160.0,163774.0
2022-03-22,Chittenden,Vermont,50007,30459,162.0,163774.0
2022-03-23,Chittenden,Vermont,50007,30524,162.0,163774.0
2022-03-24,Chittenden,Vermont,50007,30573,163.0,163774.0
2022-03-25,Chittenden,Vermont,50007,30621,163.0,163774.0
2022-03-26,Chittenden,Vermont,50007,30621,163.0,163774.0
2022-03-27,Chittenden,Vermont,50007,30621,163.0,163774.0
2022-03-28,Chittenden,Vermont,50007,30716,163.0,163774.0
2022-03-29,Chittenden,Vermont,50007,30747,164.0,163774.0
2022-03-30,Chittenden,Vermont,50007,30820,164.0,163774.0
2022-03-31,Chittenden,Vermont,50007,30887,164.0,163774.0
2022-04-01,Chittenden,Vermont,50007,30941,164.0,163774.0
2022-04-02,Chittenden,Vermont,50007,30941,164.0,163774.0
2022-04-03,Chittenden,Vermont,50007,30941,164.0,163774.0
2022-04-04,Chittenden,Vermont,50007,31054,166.0,163774.0
2022-04-05,Chittenden,Vermont,50007,31105,166.0,163774.0
2022-04-06,Chittenden,Vermont,50007,31184,166.0,163774.0
2022-04-07,Chittenden,Vermont,50007,31274,166.0,163774.0
2022-04-08,Chittenden,Vermont,50007,31382,166.0,163774.0
2022-04-09,Chittenden,Vermont,50007,31382,166.0,163774.0
2022-04-10,Chittenden,Vermont,50007,31382,166.0,163774.0
2022-04-11,Chittenden,Vermont,50007,31601,167.0,163774.0
2022-04-12,Chittenden,Vermont,50007,31657,167.0,163774.0
2022-04-13,Chittenden,Vermont,50007,31790,167.0,163774.0
2022-04-14,Chittenden,Vermont,50007,31922,167.0,163774.0
2022-04-15,Chittenden,Vermont,50007,32039,167.0,163774.0
2022-04-16,Chittenden,Vermont,50007,32039,167.0,163774.0
2022-04-17,Chittenden,Vermont,50007,32039,167.0,163774.0
2022-04-18,Chittenden,Vermont,50007,32319,167.0,163774.0
2022-04-19,Chittenden,Vermont,50007,32382,169.0,163774.0
2022-04-20,Chittenden,Vermont,50007,32508,169.0,163774.0
2022-04-21,Chittenden,Vermont,50007,32614,169.0,163774.0
2022-04-22,Chittenden,Vermont,50007,32721,171.0,163774.0
2022-04-23,Chittenden,Vermont,50007,32721,171.0,163774.0
2022-04-24,Chittenden,Vermont,50007,32721,171.0,163774.0
2022-04-25,Chittenden,Vermont,50007,32994,171.0,163774.0
2022-04-26,Chittenden,Vermont,50007,32994,171.0,163774.0
2022-04-27,Chittenden,Vermont,50007,32994,171.0,163774.0
2022-04-28,Chittenden,Vermont,50007,33200,172.0,163774.0
2022-04-29,Chittenden,Vermont,50007,33339,174.0,163774.0
2022-04-30,Chittenden,Vermont,50007,33339,174.0,163774.0
2021-12-01,Fairfax,Virginia,51059,95238,1178.0,1147532.0
2021-12-02,Fairfax,Virginia,51059,95470,1178.0,1147532.0
2021-12-03,Fairfax,Virginia,51059,95666,1178.0,1147532.0
2021-12-04,Fairfax,Virginia,51059,95666,1178.0,1147532.0
2021-12-05,Fairfax,Virginia,51059,95666,1178.0,1147532.0
2021-12-06,Fairfax,Virginia,51059,96161,1178.0,1147532.0
2021-12-07,Fairfax,Virginia,51059,96309,1178.0,1147532.0
2021-12-08,Fairfax,Virginia,51059,96647,1179.0,1147532.0
2021-12-09,Fairfax,Virginia,51059,96870,1178.0,1147532.0
2021-12-10,Fairfax,Virginia,51059,97108,1178.0,1147532.0
2021-12-11,Fairfax,Virginia,51059,97108,1178.0,1147532.0
2021-12-12,Fairfax,Virginia,51059,97108,1178.0,1147532.0
2021-12-13,Fairfax,Virginia,51059,97678,1179.0,1147532.0
2021-12-14,Fairfax,Virginia,51059,97873,1183.0,1147532.0
2021-12-15,Fairfax,Virginia,51059,98198,1184.0,1147532.0
2021-12-16,Fairfax,Virginia,51059,98517,1185.0,1147532.0
2021-12-17,Fairfax,Virginia,51059,98953,1187.0,1147532.0
2021-12-18,Fairfax,Virginia,51059,98953,1187.0,1147532.0
2021-12-19,Fairfax,Virginia,51059,98953,1187.0,1147532.0
2021-12-20,Fairfax,Virginia,51059,100422,1189.0,1147532.0
2021-12-21,Fairfax,Virginia,51059,101141,1189.0,1147532.0
2021-12-22,Fairfax,Virginia,51059,102304,1189.0,1147532.0
2021-12-23,Fairfax,Virginia,51059,103513,1192.0,1147532.0
2021-12-24,Fairfax,Virginia,51059,105063,1193.0,1147532.0
2021-12-25,Fairfax,Virginia,51059,105063,1193.0,1147532.0
2021-12-26,Fairfax,Virginia,51059,105063,1193.0,1147532.0
2021-12-27,Fairfax,Virginia,51059,108291,1194.0,1147532.0
2021-12-28,Fairfax,Virginia,51059,109754,1208.0,1147532.0
2021-12-29,Fairfax,Virginia,51059,111579,1208.0,1147532.0
2021-12-30,Fairfax,Virginia,51059,113641,1209.0,1147532.0
2021-12-31,Fairfax,Virginia,51059,116752,1210.0,1147532.0
2022-01-01,Fairfax,Virginia,51059,116752,1210.0,1147532.0
2022-01-02,Fairfax,Virginia,51059,116752,1210.0,1147532.0
2022-01-03,Fairfax,Virginia,51059,123216,1210.0,1147532.0
2022-01-04,Fairfax,Virginia,51059,124776,1210.0,1147532.0
2022-01-05,Fairfax,Virginia,51059,126161,1210.0,1147532.0
2022-01-06,Fairfax,Virginia,51059,128094,1210.0,1147532.0
2022-01-07,Fairfax,Virginia,51059,130735,1210.0,1147532.0
2022-01-08,Fairfax,Virginia,51059,130735,1210.0,1147532.0
2022-01-09,Fairfax,Virginia,51059,130735,1210.0,1147532.0
2022-01-10,Fairfax,Virginia,51059,138390,1210.0,1147532.0
2022-01-11,Fairfax,Virginia,51059,140700,1213.0,1147532.0
2022-01-12,Fairfax,Virginia,51059,143380,1215.0,1147532.0
2022-01-13,Fairfax,Virginia,51059,145736,1217.0,1147532.0
2022-01-14,Fairfax,Virginia,51059,147621,1217.0,1147532.0
2022-01-15,Fairfax,Virginia,51059,147621,1217.0,1147532.0
2022-01-16,Fairfax,Virginia,51059,147621,1217.0,1147532.0
2022-01-17,Fairfax,Virginia,51059,152606,1217.0,1147532.0
2022-01-18,Fairfax,Virginia,51059,154136,1217.0,1147532.0
2022-01-19,Fairfax,Virginia,51059,155488,1217.0,1147532.0
2022-01-20,Fairfax,Virginia,51059,156641,1218.0,1147532.0
2022-01-21,Fairfax,Virginia,51059,158184,1218.0,1147532.0
2022-01-22,Fairfax,Virginia,51059,158184,1218.0,1147532.0
2022-01-23,Fairfax,Virginia,51059,158184,1218.0,1147532.0
2022-01-24,Fairfax,Virginia,51059,160656,1222.0,1147532.0
2022-01-25,Fairfax,Virginia,51059,161772,1223.0,1147532.0
2022-01-26,Fairfax,Virginia,51059,162661,1223.0,1147532.0
2022-01-27,Fairfax,Virginia,51059,163438,1227.0,1147532.0
2022-01-28,Fairfax,Virginia,51059,164197,1227.0,1147532.0
2022-01-29,Fairfax,Virginia,51059,164197,1227.0,1147532.0
2022-01-30,Fairfax,Virginia,51059,164197,1227.0,1147532.0
2022-01-31,Fairfax,Virginia,51059,165927,1230.0,1147532.0
2022-02-01,Fairfax,Virginia,51059,166375,1234.0,1147532.0
2022-02-02,Fairfax,Virginia,51059,166999,1242.0,1147532.0
2022-02-03,Fairfax,Virginia,51059,167576,1257.0,1147532.0
2022-02-04,Fairfax,Virginia,51059,168027,1263.0,1147532.0
2022-02-05,Fairfax,Virginia,51059,168027,1263.0,1147532.0
2022-02-06,Fairfax,Virginia,51059,168027,1263.0,1147532.0
2022-02-07,Fairfax,Virginia,51059,168980,1280.0,1147532.0
2022-02-08,Fairfax,Virginia,51059,169343,1286.0,1147532.0
2022-02-09,Fairfax,Virginia,51059,169609,1291.0,1147532.0
2022-02-10,Fairfax,Virginia,51059,169905,1295.0,1147532.0
2022-02-11,Fairfax,Virginia,51059,170207,1299.0,1147532.0
2022-02-12,Fairfax,Virginia,51059,170207,1299.0,1147532.0
2022-02-13,Fairfax,Virginia,51059,170207,1299.0,1147532.0
2022-02-14,Fairfax,Virginia,51059,170760,1310.0,1147532.0
2022-02-15,Fairfax,Virginia,51059,170965,1316.0,1147532.0
2022-02-16,Fairfax,Virginia,51059,171079,1321.0,1147532.0
2022-02-17,Fairfax,Virginia,51059,171227,1324.0,1147532.0
2022-02-18,Fairfax,Virginia,51059,171344,1331.0,1147532.0
2022-02-19,Fairfax,Virginia,51059,171344,1331.0,1147532.0
2022-02-20,Fairfax,Virginia,51059,171344,1331.0,1147532.0
2022-02-21,Fairfax,Virginia,51059,171799,1338.0,1147532.0
2022-02-22,Fairfax,Virginia,51059,171883,1345.0,1147532.0
2022-02-23,Fairfax,Virginia,51059,172045,1346.0,1147532.0
2022-02-24,Fairfax,Virginia,51059,172124,1349.0,1147532.0
2022-02-25,Fairfax,Virginia,51059,172256,1355.0,1147532.0
2022-02-26,Fairfax,Virginia,51059,172256,1355.0,1147532.0
2022-02-27,Fairfax,Virginia,51059,172256,1355.0,1147532.0
2022-02-28,Fairfax,Virginia,51059,172659,1370.0,1147532.0
2022-03-01,Fairfax,Virginia,51059,172780,1375.0,1147532.0
2022-03-02,Fairfax,Virginia,51059,172919,1378.0,1147532.0
2022-03-03,Fairfax,Virginia,51059,173087,1381.0,1147532.0
2022-03-04,Fairfax,Virginia,51059,173225,1382.0,1147532.0
2022-03-05,Fairfax,Virginia,51059,173225,1382.0,1147532.0
2022-03-06,Fairfax,Virginia,51059,173225,1382.0,1147532.0
2022-03-07,Fairfax,Virginia,51059,173437,1384.0,1147532.0
2022-03-08,Fairfax,Virginia,51059,173584,1393.0,1147532.0
2022-03-09,Fairfax,Virginia,51059,173759,1395.0,1147532.0
2022-03-10,Fairfax,Virginia,51059,173856,1398.0,1147532.0
2022-03-11,Fairfax,Virginia,51059,173981,1401.0,1147532.0
2022-03-12,Fairfax,Virginia,51059,173981,1401.0,1147532.0
2022-03-13,Fairfax,Virginia,51059,173981,1401.0,1147532.0
2022-03-14,Fairfax,Virginia,51059,174218,1411.0,1147532.0
2022-03-15,Fairfax,Virginia,51059,174337,1414.0,1147532.0
2022-03-16,Fairfax,Virginia,51059,174407,1414.0,1147532.0
2022-03-17,Fairfax,Virginia,51059,174491,1416.0,1147532.0
2022-03-18,Fairfax,Virginia,51059,174638,1417.0,1147532.0
2022-03-19,Fairfax,Virginia,51059,174638,1417.0,1147532.0
2022-03-20,Fairfax,Virginia,51059,174638,1417.0,1147532.0
2022-03-21,Fairfax,Virginia,51059,174814,1418.0,1147532.0
2022-03-22,Fairfax,Virginia,51059,174814,1418.0,1147532.0
2022-03-23,Fairfax,Virginia,51059,175010,1420.0,1147532.0
2022-03-24,Fairfax,Virginia,51059,175107,1423.0,1147532.0
2022-03-25,Fairfax,Virginia,51059,175257,1425.0,1147532.0
2022-03-26,Fairfax,Virginia,51059,175257,1425.0,1147532.0
2022-03-27,Fairfax,Virginia,51059,175257,1425.0,1147532.0
2022-03-28,Fairfax,Virginia,51059,175498,1427.0,1147532.0
2022-03-29,Fairfax,Virginia,51059,175664,1431.0,1147532.0
2022-03-30,Fairfax,Virginia,51059,175772,1431.0,1147532.0
2022-03-31,Fairfax,Virginia,51059,175885,1432.0,1147532.0
2022-04-01,Fairfax,Virginia,51059,175984,1434.0,1147532.0
2022-04-02,Fairfax,Virginia,51059,175984,1434.0,1147532.0
2022-04-03,Fairfax,Virginia,51059,175984,1434.0,1147532.0
2022-04-04,Fairfax,Virginia,51059,176256,1432.0,1147532.0
2022-04-05,Fairfax,Virginia,51059,176431,1433.0,1147532.0
2022-04-06,Fairfax,Virginia,51059,176598,1435.0,1147532.0
2022-04-07,Fairfax,Virginia,51059,176776,1436.0,1147532.0
2022-04-08,Fairfax,Virginia,51059,176962,1438.0,1147532.0
2022-04-09,Fairfax,Virginia,51059,176962,1438.0,1147532.0
2022-04-10,Fairfax,Virginia,51059,176962,1438.0,1147532.0
2022-04-11,Fairfax,Virginia,51059,177378,1439.0,1147532.0
2022-04-12,Fairfax,Virginia,51059,177581,1439.0,1147532.0
2022-04-13,Fairfax,Virginia,51059,177780,1438.0,1147532.0
2022-04-14,Fairfax,Virginia,51059,178036,1439.0,1147532.0
2022-04-15,Fairfax,Virginia,51059,178336,1441.0,1147532.0
2022-04-16,Fairfax,Virginia,51059,178336,1441.0,1147532.0
2022-04-17,Fairfax,Virginia,51059,178336,1441.0,1147532.0
2022-04-18,Fairfax,Virginia,51059,178867,1442.0,1147532.0
2022-04-19,Fairfax,Virginia,51059,179076,1444.0,1147532.0
2022-04-20,Fairfax,Virginia,51059,179307,1444.0,1147532.0
2022-04-21,Fairfax,Virginia,51059,179636,1444.0,1147532.0
2022-04-22,Fairfax,Virginia,51059,180026,1445.0,1147532.0
2022-04-23,Fairfax,Virginia,51059,180026,1445.0,1147532.0
2022-04-24,Fairfax,Virginia,51059,180026,1445.0,1147532.0
2022-04-25,Fairfax,Virginia,51059,180720,1447.0,1147532.0
2022-04-26,Fairfax,Virginia,51059,180989,1447.0,1147532.0
2022-04-27,Fairfax,Virginia,51059,181295,1449.0,1147532.0
2022-04-28,Fairfax,Virginia,51059,181703,1451.0,1147532.0
2022-04-29,Fairfax,Virginia,51059,182039,1451.0,1147532.0
2022-04-30,Fairfax,Virginia,51059,182039,1451.0,1147532.0
2021-12-01,Montgomery,Virginia,51121,12173,114.0,98535.0
2021-12-02,Montgomery,Virginia,51121,12196,116.0,98535.0
2021-12-03,Montgomery,Virginia,51121,12221,116.0,98535.0
2021-12-04,Montgomery,Virginia,51121,12221,116.0,98535.0
2021-12-05,Montgomery,Virginia,51121,12221,116.0,98535.0
2021-12-06,Montgomery,Virginia,51121,12269,116.0,98535.0
2021-12-07,Montgomery,Virginia,51121,12297,116.0,98535.0
2021-12-08,Montgomery,Virginia,51121,12329,116.0,98535.0
2021-12-09,Montgomery,Virginia,51121,12356,116.0,98535.0
2021-12-10,Montgomery,Virginia,51121,12379,116.0,98535.0
2021-12-11,Montgomery,Virginia,51121,12379,116.0,98535.0
2021-12-12,Montgomery,Virginia,51121,12379,116.0,98535.0
2021-12-13,Montgomery,Virginia,51121,12445,116.0,98535.0
2021-12-14,Montgomery,Virginia,51121,12468,117.0,98535.0
2021-12-15,Montgomery,Virginia,51121,12497,117.0,98535.0
2021-12-16,Montgomery,Virginia,51121,12529,117.0,98535.0
2021-12-17,Montgomery,Virginia,51121,12568,117.0,98535.0
2021-12-18,Montgomery,Virginia,51121,12568,117.0,98535.0
2021-12-19,Montgomery,Virginia,51121,12568,117.0,98535.0
2021-12-20,Montgomery,Virginia,51121,12654,117.0,98535.0
2021-12-21,Montgomery,Virginia,51121,12677,117.0,98535.0
2021-12-22,Montgomery,Virginia,51121,12705,117.0,98535.0
2021-12-23,Montgomery,Virginia,51121,12741,117.0,98535.0
2021-12-24,Montgomery,Virginia,51121,12778,117.0,98535.0
2021-12-25,Montgomery,Virginia,51121,12778,117.0,98535.0
2021-12-26,Montgomery,Virginia,51121,12778,117.0,98535.0
2021-12-27,Montgomery,Virginia,51121,12862,117.0,98535.0
2021-12-28,Montgomery,Virginia,51121,12881,119.0,98535.0
2021-12-29,Montgomery,Virginia,51121,12941,120.0,98535.0
2021-12-30,Montgomery,Virginia,51121,13004,120.0,98535.0
2021-12-31,Montgomery,Virginia,51121,13097,120.0,98535.0
2022-01-01,Montgomery,Virginia,51121,13097,120.0,98535.0
2022-01-02,Montgomery,Virginia,51121,13097,120.0,98535.0
2022-01-03,Montgomery,Virginia,51121,13329,120.0,98535.0
2022-01-04,Montgomery,Virginia,51121,13402,121.0,98535.0
2022-01-05,Montgomery,Virginia,51121,13456,121.0,98535.0
2022-01-06,Montgomery,Virginia,51121,13554,121.0,98535.0
2022-01-07,Montgomery,Virginia,51121,13668,121.0,98535.0
2022-01-08,Montgomery,Virginia,51121,13668,121.0,98535.0
2022-01-09,Montgomery,Virginia,51121,13668,121.0,98535.0
2022-01-10,Montgomery,Virginia,51121,14023,121.0,98535.0
2022-01-11,Montgomery,Virginia,51121,14096,121.0,98535.0
2022-01-12,Montgomery,Virginia,51121,14281,121.0,98535.0
2022-01-13,Montgomery,Virginia,51121,14462,121.0,98535.0
2022-01-14,Montgomery,Virginia,51121,14619,121.0,98535.0
2022-01-15,Montgomery,Virginia,51121,14619,121.0,98535.0
2022-01-16,Montgomery,Virginia,51121,14619,121.0,98535.0
2022-01-17,Montgomery,Virginia,51121,14976,121.0,98535.0
2022-01-18,Montgomery,Virginia,51121,15008,121.0,98535.0
2022-01-19,Montgomery,Virginia,51121,15048,121.0,98535.0
2022-01-20,Montgomery,Virginia,51121,15197,121.0,98535.0
2022-01-21,Montgomery,Virginia,51121,15406,121.0,98535.0
2022-01-22,Montgomery,Virginia,51121,15406,121.0,98535.0
2022-01-23,Montgomery,Virginia,51121,15406,121.0,98535.0
2022-01-24,Montgomery,Virginia,51121,15702,121.0,98535.0
2022-01-25,Montgomery,Virginia,51121,15817,121.0,98535.0
2022-01-26,Montgomery,Virginia,51121,15948,124.0,98535.0
2022-01-27,Montgomery,Virginia,51121,16145,124.0,98535.0
2022-01-28,Montgomery,Virginia,51121,16271,124.0,98535.0
2022-01-29,Montgomery,Virginia,51121,16271,124.0,98535.0
2022-01-30,Montgomery,Virginia,51121,16271,124.0,98535.0
2022-01-31,Montgomery,Virginia,51121,16618,124.0,98535.0
2022-02-01,Montgomery,Virginia,51121,16763,124.0,98535.0
2022-02-02,Montgomery,Virginia,51121,16902,124.0,98535.0
2022-02-03,Montgomery,Virginia,51121,17029,126.0,98535.0
2022-02-04,Montgomery,Virginia,51121,17103,129.0,98535.0
2022-02-05,Montgomery,Virginia,51121,17103,129.0,98535.0
2022-02-06,Montgomery,Virginia,51121,17103,129.0,98535.0
2022-02-07,Montgomery,Virginia,51121,17313,131.0,98535.0
2022-02-08,Montgomery,Virginia,51121,17399,131.0,98535.0
2022-02-09,Montgomery,Virginia,51121,17518,131.0,98535.0
2022-02-10,Montgomery,Virginia,51121,17611,131.0,98535.0
2022-02-11,Montgomery,Virginia,51121,17702,132.0,98535.0
2022-02-12,Montgomery,Virginia,51121,17702,132.0,98535.0
2022-02-13,Montgomery,Virginia,51121,17702,132.0,98535.0
2022-02-14,Montgomery,Virginia,51121,17864,135.0,98535.0
2022-02-15,Montgomery,Virginia,51121,17897,135.0,98535.0
2022-02-16,Montgomery,Virginia,51121,17941,135.0,98535.0
2022-02-17,Montgomery,Virginia,51121,17982,135.0,98535.0
2022-02-18,Montgomery,Virginia,51121,18016,136.0,98535.0
2022-02-19,Montgomery,Virginia,51121,18016,136.0,98535.0
2022-02-20,Montgomery,Virginia,51121,18016,136.0,98535.0
2022-02-21,Montgomery,Virginia,51121,18107,136.0,98535.0
2022-02-22,Montgomery,Virginia,51121,18125,136.0,98535.0
2022-02-23,Montgomery,Virginia,51121,18147,137.0,98535.0
2022-02-24,Montgomery,Virginia,51121,18170,137.0,98535.0
2022-02-25,Montgomery,Virginia,51121,18201,140.0,98535.0
2022-02-26,Montgomery,Virginia,51121,18201,140.0,98535.0
2022-02-27,Montgomery,Virginia,51121,18201,140.0,98535.0
2022-02-28,Montgomery,Virginia,51121,18246,140.0,98535.0
2022-03-01,Montgomery,Virginia,51121,18267,140.0,98535.0
2022-03-02,Montgomery,Virginia,51121,18281,140.0,98535.0
2022-03-03,Montgomery,Virginia,51121,18291,140.0,98535.0
2022-03-04,Montgomery,Virginia,51121,18311,143.0,98535.0
2022-03-05,Montgomery,Virginia,51121,18311,143.0,98535.0
2022-03-06,Montgomery,Virginia,51121,18311,143.0,98535.0
2022-03-07,Montgomery,Virginia,51121,18331,144.0,98535.0
2022-03-08,Montgomery,Virginia,51121,18349,144.0,98535.0
2022-03-09,Montgomery,Virginia,51121,18369,144.0,98535.0
2022-03-10,Montgomery,Virginia,51121,18385,145.0,98535.0
2022-03-11,Montgomery,Virginia,51121,18418,145.0,98535.0
2022-03-12,Montgomery,Virginia,51121,18418,145.0,98535.0
2022-03-13,Montgomery,Virginia,51121,18418,145.0,98535.0
2022-03-14,Montgomery,Virginia,51121,18438,146.0,98535.0
2022-03-15,Montgomery,Virginia,51121,18454,146.0,98535.0
2022-03-16,Montgomery,Virginia,51121,18470,146.0,98535.0
2022-03-17,Montgomery,Virginia,51121,18483,146.0,98535.0
2022-03-18,Montgomery,Virginia,51121,18499,146.0,98535.0
2022-03-19,Montgomery,Virginia,51121,18499,146.0,98535.0
2022-03-20,Montgomery,Virginia,51121,18499,146.0,98535.0
2022-03-21,Montgomery,Virginia,51121,18525,146.0,98535.0
2022-03-22,Montgomery,Virginia,51121,18525,146.0,98535.0
2022-03-23,Montgomery,Virginia,51121,18543,147.0,98535.0
2022-03-24,Montgomery,Virginia,51121,18559,147.0,98535.0
2022-03-25,Montgomery,Virginia,51121,18578,147.0,98535.0
2022-03-26,Montgomery,Virginia,51121,18578,147.0,98535.0
2022-03-27,Montgomery,Virginia,51121,18578,147.0,98535.0
2022-03-28,Montgomery,Virginia,51121,18577,147.0,98535.0
2022-03-29,Montgomery,Virginia,51121,18583,147.0,98535.0
2022-03-30,Montgomery,Virginia,51121,18584,147.0,98535.0
2022-03-31,Montgomery,Virginia,51121,18588,147.0,98535.0
2022-04-01,Montgomery,Virginia,51121,18589,147.0,98535.0
2022-04-02,Montgomery,Virginia,51121,18589,147.0,98535.0
2022-04-03,Montgomery,Virginia,51121,18589,147.0,98535.0
2022-04-04,Montgomery,Virginia,51121,18597,147.0,98535.0
2022-04-05,Montgomery,Virginia,51121,18603,148.0,98535.0
2022-04-06,Montgomery,Virginia,51121,18608,149.0,98535.0
2022-04-07,Montgomery,Virginia,51121,18613,149.0,98535.0
2022-04-08,Montgomery,Virginia,51121,18625,149.0,98535.0
2022-04-09,Montgomery,Virginia,51121,18625,149.0,98535.0
2022-04-10,Montgomery,Virginia,51121,18625,149.0,98535.0
2022-04-11,Montgomery,Virginia,51121,18631,149.0,98535.0
2022-04-12,Montgomery,Virginia,51121,18644,149.0,98535.0
2022-04-13,Montgomery,Virginia,51121,18655,150.0,98535.0
2022-04-14,Montgomery,Virginia,51121,18665,150.0,98535.0
2022-04-15,Montgomery,Virginia,51121,18677,150.0,98535.0
2022-04-16,Montgomery,Virginia,51121,18677,150.0,98535.0
2022-04-17,Montgomery,Virginia,51121,18677,150.0,98535.0
2022-04-18,Montgomery,Virginia,51121,18698,150.0,98535.0
2022-04-19,Montgomery,Virginia,51121,18710,150.0,98535.0
2022-04-20,Montgomery,Virginia,51121,18727,151.0,98535.0
2022-04-21,Montgomery,Virginia,51121,18748,151.0,98535.0
2022-04-22,Montgomery,Virginia,51121,18775,152.0,98535.0
2022-04-23,Montgomery,Virginia,51121,18775,152.0,98535.0
2022-04-24,Montgomery,Virginia,51121,18775,152.0,98535.0
2022-04-25,Montgomery,Virginia,51121,18811,152.0,98535.0
2022-04-26,Montgomery,Virginia,51121,18832,152.0,98535.0
2022-04-27,Montgomery,Virginia,51121,18854,152.0,98535.0
2022-04-28,Montgomery,Virginia,51121,18888,152.0,98535.0
2022-04-29,Montgomery,Virginia,51121,18910,152.0,98535.0
2022-04-30,Montgomery,Virginia,51121,18910,152.0,98535.0
2021-12-01,Kittitas,Washington,53037,5274,55.0,47935.0
2021-12-02,Kittitas,Washington,53037,5306,55.0,47935.0
2021-12-03,Kittitas,Washington,53037,5323,55.0,47935.0
2021-12-04,Kittitas,Washington,53037,5323,55.0,47935.0
2021-12-05,Kittitas,Washington,53037,5323,55.0,47935.0
2021-12-06,Kittitas,Washington,53037,5354,55.0,47935.0
2021-12-07,Kittitas,Washington,53037,5370,55.0,47935.0
2021-12-08,Kittitas,Washington,53037,5378,55.0,47935.0
2021-12-09,Kittitas,Washington,53037,5387,55.0,47935.0
2021-12-10,Kittitas,Washington,53037,5394,55.0,47935.0
2021-12-11,Kittitas,Washington,53037,5394,55.0,47935.0
2021-12-12,Kittitas,Washington,53037,5394,55.0,47935.0
2021-12-13,Kittitas,Washington,53037,5408,55.0,47935.0
2021-12-14,Kittitas,Washington,53037,5412,55.0,47935.0
2021-12-15,Kittitas,Washington,53037,5425,55.0,47935.0
2021-12-16,Kittitas,Washington,53037,5429,55.0,47935.0
2021-12-17,Kittitas,Washington,53037,5448,55.0,47935.0
2021-12-18,Kittitas,Washington,53037,5448,55.0,47935.0
2021-12-19,Kittitas,Washington,53037,5448,55.0,47935.0
2021-12-20,Kittitas,Washington,53037,5466,55.0,47935.0
2021-12-21,Kittitas,Washington,53037,5471,55.0,47935.0
2021-12-22,Kittitas,Washington,53037,5475,55.0,47935.0
2021-12-23,Kittitas,Washington,53037,5476,55.0,47935.0
2021-12-24,Kittitas,Washington,53037,5476,55.0,47935.0
2021-12-25,Kittitas,Washington,53037,5476,55.0,47935.0
2021-12-26,Kittitas,Washington,53037,5476,55.0,47935.0
2021-12-27,Kittitas,Washington,53037,5508,55.0,47935.0
2021-12-28,Kittitas,Washington,53037,5511,55.0,47935.0
2021-12-29,Kittitas,Washington,53037,5523,56.0,47935.0
2021-12-30,Kittitas,Washington,53037,5543,56.0,47935.0
2021-12-31,Kittitas,Washington,53037,5543,56.0,47935.0
2022-01-01,Kittitas,Washington,53037,5543,56.0,47935.0
2022-01-02,Kittitas,Washington,53037,5543,56.0,47935.0
2022-01-03,Kittitas,Washington,53037,5665,56.0,47935.0
2022-01-04,Kittitas,Washington,53037,5691,56.0,47935.0
2022-01-05,Kittitas,Washington,53037,5739,56.0,47935.0
2022-01-06,Kittitas,Washington,53037,5871,56.0,47935.0
2022-01-07,Kittitas,Washington,53037,5963,56.0,47935.0
2022-01-08,Kittitas,Washington,53037,5963,56.0,47935.0
2022-01-09,Kittitas,Washington,53037,5963,56.0,47935.0
2022-01-10,Kittitas,Washington,53037,6116,56.0,47935.0
2022-01-11,Kittitas,Washington,53037,6176,56.0,47935.0
2022-01-12,Kittitas,Washington,53037,6313,56.0,47935.0
2022-01-13,Kittitas,Washington,53037,6363,56.0,47935.0
2022-01-14,Kittitas,Washington,53037,6469,56.0,47935.0
2022-01-15,Kittitas,Washington,53037,6469,56.0,47935.0
2022-01-16,Kittitas,Washington,53037,6469,56.0,47935.0
2022-01-17,Kittitas,Washington,53037,6469,56.0,47935.0
2022-01-18,Kittitas,Washington,53037,6652,56.0,47935.0
2022-01-19,Kittitas,Washington,53037,6681,56.0,47935.0
2022-01-20,Kittitas,Washington,53037,6745,57.0,47935.0
2022-01-21,Kittitas,Washington,53037,6867,58.0,47935.0
2022-01-22,Kittitas,Washington,53037,6867,58.0,47935.0
2022-01-23,Kittitas,Washington,53037,6867,58.0,47935.0
2022-01-24,Kittitas,Washington,53037,7146,58.0,47935.0
2022-01-25,Kittitas,Washington,53037,7146,58.0,47935.0
2022-01-26,Kittitas,Washington,53037,7566,58.0,47935.0
2022-01-27,Kittitas,Washington,53037,7566,58.0,47935.0
2022-01-28,Kittitas,Washington,53037,7738,58.0,47935.0
2022-01-29,Kittitas,Washington,53037,7738,58.0,47935.0
2022-01-30,Kittitas,Washington,53037,7738,58.0,47935.0
2022-01-31,Kittitas,Washington,53037,7906,58.0,47935.0
2022-02-01,Kittitas,Washington,53037,7906,58.0,47935.0
2022-02-02,Kittitas,Washington,53037,7965,58.0,47935.0
2022-02-03,Kittitas,Washington,53037,7965,58.0,47935.0
2022-02-04,Kittitas,Washington,53037,8017,58.0,47935.0
2022-02-05,Kittitas,Washington,53037,8017,58.0,47935.0
2022-02-06,Kittitas,Washington,53037,8017,58.0,47935.0
2022-02-07,Kittitas,Washington,53037,8037,58.0,47935.0
2022-02-08,Kittitas,Washington,53037,8037,58.0,47935.0
2022-02-09,Kittitas,Washington,53037,7995,58.0,47935.0
2022-02-10,Kittitas,Washington,53037,7995,58.0,47935.0
2022-02-11,Kittitas,Washington,53037,8183,58.0,47935.0
2022-02-12,Kittitas,Washington,53037,8183,58.0,47935.0
2022-02-13,Kittitas,Washington,53037,8183,58.0,47935.0
2022-02-14,Kittitas,Washington,53037,8127,58.0,47935.0
2022-02-15,Kittitas,Washington,53037,8127,58.0,47935.0
2022-02-16,Kittitas,Washington,53037,8101,58.0,47935.0
2022-02-17,Kittitas,Washington,53037,8101,58.0,47935.0
2022-02-18,Kittitas,Washington,53037,8082,58.0,47935.0
2022-02-19,Kittitas,Washington,53037,8082,58.0,47935.0
2022-02-20,Kittitas,Washington,53037,8082,58.0,47935.0
2022-02-21,Kittitas,Washington,53037,8082,58.0,47935.0
2022-02-22,Kittitas,Washington,53037,8082,58.0,47935.0
2022-02-23,Kittitas,Washington,53037,7973,58.0,47935.0
2022-02-24,Kittitas,Washington,53037,7973,58.0,47935.0
2022-02-25,Kittitas,Washington,53037,7971,58.0,47935.0
2022-02-26,Kittitas,Washington,53037,7971,58.0,47935.0
2022-02-27,Kittitas,Washington,53037,7971,58.0,47935.0
2022-02-28,Kittitas,Washington,53037,7985,58.0,47935.0
2022-03-01,Kittitas,Washington,53037,7985,58.0,47935.0
2022-03-02,Kittitas,Washington,53037,8026,58.0,47935.0
2022-03-03,Kittitas,Washington,53037,8026,58.0,47935.0
2022-03-04,Kittitas,Washington,53037,8056,58.0,47935.0
2022-03-05,Kittitas,Washington,53037,8056,58.0,47935.0
2022-03-06,Kittitas,Washington,53037,8056,58.0,47935.0
2022-03-07,Kittitas,Washington,53037,8071,58.0,47935.0
2022-03-08,Kittitas,Washington,53037,8071,58.0,47935.0
2022-03-09,Kittitas,Washington,53037,8083,58.0,47935.0
2022-03-10,Kittitas,Washington,53037,8083,58.0,47935.0
2022-03-11,Kittitas,Washington,53037,8109,58.0,47935.0
2022-03-12,Kittitas,Washington,53037,8109,58.0,47935.0
2022-03-13,Kittitas,Washington,53037,8109,58.0,47935.0
2022-03-14,Kittitas,Washington,53037,8113,58.0,47935.0
2022-03-15,Kittitas,Washington,53037,8113,58.0,47935.0
2022-03-16,Kittitas,Washington,53037,8138,58.0,47935.0
2022-03-17,Kittitas,Washington,53037,8138,58.0,47935.0
2022-03-18,Kittitas,Washington,53037,8153,58.0,47935.0
2022-03-19,Kittitas,Washington,53037,8153,58.0,47935.0
2022-03-20,Kittitas,Washington,53037,8153,58.0,47935.0
2022-03-21,Kittitas,Washington,53037,8164,58.0,47935.0
2022-03-22,Kittitas,Washington,53037,8164,58.0,47935.0
2022-03-23,Kittitas,Washington,53037,8207,59.0,47935.0
2022-03-24,Kittitas,Washington,53037,8207,59.0,47935.0
2022-03-25,Kittitas,Washington,53037,8284,60.0,47935.0
2022-03-26,Kittitas,Washington,53037,8284,60.0,47935.0
2022-03-27,Kittitas,Washington,53037,8284,60.0,47935.0
2022-03-28,Kittitas,Washington,53037,8313,60.0,47935.0
2022-03-29,Kittitas,Washington,53037,8313,60.0,47935.0
2022-03-30,Kittitas,Washington,53037,8328,60.0,47935.0
2022-03-31,Kittitas,Washington,53037,8328,60.0,47935.0
2022-04-01,Kittitas,Washington,53037,8341,60.0,47935.0
2022-04-02,Kittitas,Washington,53037,8341,60.0,47935.0
2022-04-03,Kittitas,Washington,53037,8341,60.0,47935.0
2022-04-04,Kittitas,Washington,53037,8343,60.0,47935.0
2022-04-05,Kittitas,Washington,53037,8343,60.0,47935.0
2022-04-06,Kittitas,Washington,53037,8371,61.0,47935.0
2022-04-07,Kittitas,Washington,53037,8371,61.0,47935.0
2022-04-08,Kittitas,Washington,53037,8374,62.0,47935.0
2022-04-09,Kittitas,Washington,53037,8374,62.0,47935.0
2022-04-10,Kittitas,Washington,53037,8374,62.0,47935.0
2022-04-11,Kittitas,Washington,53037,8374,62.0,47935.0
2022-04-12,Kittitas,Washington,53037,8374,62.0,47935.0
2022-04-13,Kittitas,Washington,53037,8401,62.0,47935.0
2022-04-14,Kittitas,Washington,53037,8401,62.0,47935.0
2022-04-15,Kittitas,Washington,53037,8436,62.0,47935.0
2022-04-16,Kittitas,Washington,53037,8436,62.0,47935.0
2022-04-17,Kittitas,Washington,53037,8436,62.0,47935.0
2022-04-18,Kittitas,Washington,53037,8437,62.0,47935.0
2022-04-19,Kittitas,Washington,53037,8437,62.0,47935.0
2022-04-20,Kittitas,Washington,53037,8476,64.0,47935.0
2022-04-21,Kittitas,Washington,53037,8476,64.0,47935.0
2022-04-22,Kittitas,Washington,53037,8491,65.0,47935.0
2022-04-23,Kittitas,Washington,53037,8491,65.0,47935.0
2022-04-24,Kittitas,Washington,53037,8491,65.0,47935.0
2022-04-25,Kittitas,Washington,53037,8508,65.0,47935.0
2022-04-26,Kittitas,Washington,53037,8508,65.0,47935.0
2022-04-27,Kittitas,Washington,53037,8525,66.0,47935.0
2022-04-28,Kittitas,Washington,53037,8525,66.0,47935.0
2022-04-29,Kittitas,Washington,53037,8538,66.0,47935.0
2022-04-30,Kittitas,Washington,53037,8538,66.0,47935.0
2021-12-01,Spokane,Washington,53063,78307,1098.0,522798.0
2021-12-02,Spokane,Washington,53063,78463,1099.0,522798.0
2021-12-03,Spokane,Washington,53063,78576,1105.0,522798.0
2021-12-04,Spokane,Washington,53063,78576,1105.0,522798.0
2021-12-05,Spokane,Washington,53063,78576,1105.0,522798.0
2021-12-06,Spokane,Washington,53063,78811,1109.0,522798.0
2021-12-07,Spokane,Washington,53063,78960,1110.0,522798.0
2021-12-08,Spokane,Washington,53063,79050,1115.0,522798.0
2021-12-09,Spokane,Washington,53063,79166,1119.0,522798.0
2021-12-10,Spokane,Washington,53063,79251,1121.0,522798.0
2021-12-11,Spokane,Washington,53063,79251,1121.0,522798.0
2021-12-12,Spokane,Washington,53063,79251,1121.0,522798.0
2021-12-13,Spokane,Washington,53063,79475,1122.0,522798.0
2021-12-14,Spokane,Washington,53063,79565,1125.0,522798.0
2021-12-15,Spokane,Washington,53063,79633,1127.0,522798.0
2021-12-16,Spokane,Washington,53063,79732,1130.0,522798.0
2021-12-17,Spokane,Washington,53063,79802,1132.0,522798.0
2021-12-18,Spokane,Washington,53063,79802,1132.0,522798.0
2021-12-19,Spokane,Washington,53063,79802,1132.0,522798.0
2021-12-20,Spokane,Washington,53063,80001,1135.0,522798.0
2021-12-21,Spokane,Washington,53063,80068,1137.0,522798.0
2021-12-22,Spokane,Washington,53063,80124,1142.0,522798.0
2021-12-23,Spokane,Washington,53063,80124,1142.0,522798.0
2021-12-24,Spokane,Washington,53063,80124,1142.0,522798.0
2021-12-25,Spokane,Washington,53063,80124,1142.0,522798.0
2021-12-26,Spokane,Washington,53063,80124,1142.0,522798.0
2021-12-27,Spokane,Washington,53063,80615,1146.0,522798.0
2021-12-28,Spokane,Washington,53063,80796,1150.0,522798.0
2021-12-29,Spokane,Washington,53063,81066,1151.0,522798.0
2021-12-30,Spokane,Washington,53063,81271,1152.0,522798.0
2021-12-31,Spokane,Washington,53063,81271,1152.0,522798.0
2022-01-01,Spokane,Washington,53063,81271,1152.0,522798.0
2022-01-02,Spokane,Washington,53063,81271,1152.0,522798.0
2022-01-03,Spokane,Washington,53063,82199,1153.0,522798.0
2022-01-04,Spokane,Washington,53063,82917,1156.0,522798.0
2022-01-05,Spokane,Washington,53063,83538,1156.0,522798.0
2022-01-06,Spokane,Washington,53063,84403,1157.0,522798.0
2022-01-07,Spokane,Washington,53063,85246,1161.0,522798.0
2022-01-08,Spokane,Washington,53063,85246,1161.0,522798.0
2022-01-09,Spokane,Washington,53063,85246,1161.0,522798.0
2022-01-10,Spokane,Washington,53063,87355,1163.0,522798.0
2022-01-11,Spokane,Washington,53063,88261,1163.0,522798.0
2022-01-12,Spokane,Washington,53063,89500,1167.0,522798.0
2022-01-13,Spokane,Washington,53063,90347,1168.0,522798.0
2022-01-14,Spokane,Washington,53063,91203,1171.0,522798.0
2022-01-15,Spokane,Washington,53063,91203,1171.0,522798.0
2022-01-16,Spokane,Washington,53063,91203,1171.0,522798.0
2022-01-17,Spokane,Washington,53063,91203,1171.0,522798.0
2022-01-18,Spokane,Washington,53063,94894,1174.0,522798.0
2022-01-19,Spokane,Washington,53063,95510,1177.0,522798.0
2022-01-20,Spokane,Washington,53063,96575,1181.0,522798.0
2022-01-21,Spokane,Washington,53063,98265,1187.0,522798.0
2022-01-22,Spokane,Washington,53063,98265,1187.0,522798.0
2022-01-23,Spokane,Washington,53063,98265,1187.0,522798.0
2022-01-24,Spokane,Washington,53063,102835,1191.0,522798.0
2022-01-25,Spokane,Washington,53063,103644,1191.0,522798.0
2022-01-26,Spokane,Washington,53063,108028,1197.0,522798.0
2022-01-27,Spokane,Washington,53063,108028,1197.0,522798.0
2022-01-28,Spokane,Washington,53063,110883,1209.0,522798.0
2022-01-29,Spokane,Washington,53063,110883,1209.0,522798.0
2022-01-30,Spokane,Washington,53063,110883,1209.0,522798.0
2022-01-31,Spokane,Washington,53063,115136,1214.0,522798.0
2022-02-01,Spokane,Washington,53063,115136,1214.0,522798.0
2022-02-02,Spokane,Washington,53063,116250,1218.0,522798.0
2022-02-03,Spokane,Washington,53063,116250,1218.0,522798.0
2022-02-04,Spokane,Washington,53063,116882,1231.0,522798.0
2022-02-05,Spokane,Washington,53063,116882,1231.0,522798.0
2022-02-06,Spokane,Washington,53063,116882,1231.0,522798.0
2022-02-07,Spokane,Washington,53063,118015,1242.0,522798.0
2022-02-08,Spokane,Washington,53063,118015,1242.0,522798.0
2022-02-09,Spokane,Washington,53063,118688,1246.0,522798.0
2022-02-10,Spokane,Washington,53063,118688,1246.0,522798.0
2022-02-11,Spokane,Washington,53063,120580,1258.0,522798.0
2022-02-12,Spokane,Washington,53063,120580,1258.0,522798.0
2022-02-13,Spokane,Washington,53063,120580,1258.0,522798.0
2022-02-14,Spokane,Washington,53063,120776,1262.0,522798.0
2022-02-15,Spokane,Washington,53063,120776,1262.0,522798.0
2022-02-16,Spokane,Washington,53063,120458,1279.0,522798.0
2022-02-17,Spokane,Washington,53063,120458,1279.0,522798.0
2022-02-18,Spokane,Washington,53063,119960,1285.0,522798.0
2022-02-19,Spokane,Washington,53063,119960,1285.0,522798.0
2022-02-20,Spokane,Washington,53063,119960,1285.0,522798.0
2022-02-21,Spokane,Washington,53063,119960,1285.0,522798.0
2022-02-22,Spokane,Washington,53063,119960,1285.0,522798.0
2022-02-23,Spokane,Washington,53063,120076,1294.0,522798.0
2022-02-24,Spokane,Washington,53063,120076,1294.0,522798.0
2022-02-25,Spokane,Washington,53063,120201,1296.0,522798.0
2022-02-26,Spokane,Washington,53063,120201,1296.0,522798.0
2022-02-27,Spokane,Washington,53063,120201,1296.0,522798.0
2022-02-28,Spokane,Washington,53063,120303,1301.0,522798.0
2022-03-01,Spokane,Washington,53063,120303,1301.0,522798.0
2022-03-02,Spokane,Washington,53063,120580,1309.0,522798.0
2022-03-03,Spokane,Washington,53063,120580,1309.0,522798.0
2022-03-04,Spokane,Washington,53063,120984,1320.0,522798.0
2022-03-05,Spokane,Washington,53063,120984,1320.0,522798.0
2022-03-06,Spokane,Washington,53063,120984,1320.0,522798.0
2022-03-07,Spokane,Washington,53063,121178,1324.0,522798.0
2022-03-08,Spokane,Washington,53063,121178,1324.0,522798.0
2022-03-09,Spokane,Washington,53063,121441,1330.0,522798.0
2022-03-10,Spokane,Washington,53063,121441,1330.0,522798.0
2022-03-11,Spokane,Washington,53063,121821,1332.0,522798.0
2022-03-12,Spokane,Washington,53063,121821,1332.0,522798.0
2022-03-13,Spokane,Washington,53063,121821,1332.0,522798.0
2022-03-14,Spokane,Washington,53063,122201,1335.0,522798.0
2022-03-15,Spokane,Washington,53063,122201,1335.0,522798.0
2022-03-16,Spokane,Washington,53063,122369,1340.0,522798.0
2022-03-17,Spokane,Washington,53063,122369,1340.0,522798.0
2022-03-18,Spokane,Washington,53063,122575,1344.0,522798.0
2022-03-19,Spokane,Washington,53063,122575,1344.0,522798.0
2022-03-20,Spokane,Washington,53063,122575,1344.0,522798.0
2022-03-21,Spokane,Washington,53063,122671,1346.0,522798.0
2022-03-22,Spokane,Washington,53063,122671,1346.0,522798.0
2022-03-23,Spokane,Washington,53063,122781,1349.0,522798.0
2022-03-24,Spokane,Washington,53063,122781,1349.0,522798.0
2022-03-25,Spokane,Washington,53063,122987,1352.0,522798.0
2022-03-26,Spokane,Washington,53063,122987,1352.0,522798.0
2022-03-27,Spokane,Washington,53063,122987,1352.0,522798.0
2022-03-28,Spokane,Washington,53063,123127,1353.0,522798.0
2022-03-29,Spokane,Washington,53063,123127,1353.0,522798.0
2022-03-30,Spokane,Washington,53063,123281,1353.0,522798.0
2022-03-31,Spokane,Washington,53063,123281,1353.0,522798.0
2022-04-01,Spokane,Washington,53063,123410,1356.0,522798.0
2022-04-02,Spokane,Washington,53063,123410,1356.0,522798.0
2022-04-03,Spokane,Washington,53063,123410,1356.0,522798.0
2022-04-04,Spokane,Washington,53063,123514,1358.0,522798.0
2022-04-05,Spokane,Washington,53063,123514,1358.0,522798.0
2022-04-06,Spokane,Washington,53063,123671,1357.0,522798.0
2022-04-07,Spokane,Washington,53063,123671,1357.0,522798.0
2022-04-08,Spokane,Washington,53063,123909,1359.0,522798.0
2022-04-09,Spokane,Washington,53063,123909,1359.0,522798.0
2022-04-10,Spokane,Washington,53063,123909,1359.0,522798.0
2022-04-11,Spokane,Washington,53063,123909,1359.0,522798.0
2022-04-12,Spokane,Washington,53063,123909,1359.0,522798.0
2022-04-13,Spokane,Washington,53063,124132,1363.0,522798.0
2022-04-14,Spokane,Washington,53063,124132,1363.0,522798.0
2022-04-15,Spokane,Washington,53063,124264,1365.0,522798.0
2022-04-16,Spokane,Washington,53063,124264,1365.0,522798.0
2022-04-17,Spokane,Washington,53063,124264,1365.0,522798.0
2022-04-18,Spokane,Washington,53063,124348,1367.0,522798.0
2022-04-19,Spokane,Washington,53063,124348,1367.0,522798.0
2022-04-20,Spokane,Washington,53063,124389,1368.0,522798.0
2022-04-21,Spokane,Washington,53063,124389,1368.0,522798.0
2022-04-22,Spokane,Washington,53063,124569,1369.0,522798.0
2022-04-23,Spokane,Washington,53063,124569,1369.0,522798.0
2022-04-24,Spokane,Washington,53063,124569,1369.0,522798.0
2022-04-25,Spokane,Washington,53063,124732,1370.0,522798.0
2022-04-26,Spokane,Washington,53063,124732,1370.0,522798.0
2022-04-27,Spokane,Washington,53063,124853,1370.0,522798.0
2022-04-28,Spokane,Washington,53063,124853,1370.0,522798.0
2022-04-29,Spokane,Washington,53063,125079,1369.0,522798.0
2022-04-30,Spokane,Washington,53063,125079,1369.0,522798.0
2021-12-01,Whatcom,Washington,53073,18308,175.0,229247.0
2021-12-02,Whatcom,Washington,53073,18465,177.0,229247.0
2021-12-03,Whatcom,Washington,53073,18539,178.0,229247.0
2021-12-04,Whatcom,Washington,53073,18539,178.0,229247.0
2021-12-05,Whatcom,Washington,53073,18539,178.0,229247.0
2021-12-06,Whatcom,Washington,53073,18697,179.0,229247.0
2021-12-07,Whatcom,Washington,53073,18783,179.0,229247.0
2021-12-08,Whatcom,Washington,53073,18821,179.0,229247.0
2021-12-09,Whatcom,Washington,53073,18901,182.0,229247.0
2021-12-10,Whatcom,Washington,53073,18961,182.0,229247.0
2021-12-11,Whatcom,Washington,53073,18961,182.0,229247.0
2021-12-12,Whatcom,Washington,53073,18961,182.0,229247.0
2021-12-13,Whatcom,Washington,53073,19062,183.0,229247.0
2021-12-14,Whatcom,Washington,53073,19113,183.0,229247.0
2021-12-15,Whatcom,Washington,53073,19164,184.0,229247.0
2021-12-16,Whatcom,Washington,53073,19203,185.0,229247.0
2021-12-17,Whatcom,Washington,53073,19281,185.0,229247.0
2021-12-18,Whatcom,Washington,53073,19281,185.0,229247.0
2021-12-19,Whatcom,Washington,53073,19281,185.0,229247.0
2021-12-20,Whatcom,Washington,53073,19423,187.0,229247.0
2021-12-21,Whatcom,Washington,53073,19465,188.0,229247.0
2021-12-22,Whatcom,Washington,53073,19523,192.0,229247.0
2021-12-23,Whatcom,Washington,53073,19614,193.0,229247.0
2021-12-24,Whatcom,Washington,53073,19614,193.0,229247.0
2021-12-25,Whatcom,Washington,53073,19614,193.0,229247.0
2021-12-26,Whatcom,Washington,53073,19614,193.0,229247.0
2021-12-27,Whatcom,Washington,53073,19994,194.0,229247.0
2021-12-28,Whatcom,Washington,53073,20057,197.0,229247.0
2021-12-29,Whatcom,Washington,53073,20116,200.0,229247.0
2021-12-30,Whatcom,Washington,53073,20313,201.0,229247.0
2021-12-31,Whatcom,Washington,53073,20313,201.0,229247.0
2022-01-01,Whatcom,Washington,53073,20313,201.0,229247.0
2022-01-02,Whatcom,Washington,53073,20313,201.0,229247.0
2022-01-03,Whatcom,Washington,53073,21285,201.0,229247.0
2022-01-04,Whatcom,Washington,53073,21510,204.0,229247.0
2022-01-05,Whatcom,Washington,53073,21744,204.0,229247.0
2022-01-06,Whatcom,Washington,53073,22244,206.0,229247.0
2022-01-07,Whatcom,Washington,53073,22696,208.0,229247.0
2022-01-08,Whatcom,Washington,53073,22696,208.0,229247.0
2022-01-09,Whatcom,Washington,53073,22696,208.0,229247.0
2022-01-10,Whatcom,Washington,53073,23906,211.0,229247.0
2022-01-11,Whatcom,Washington,53073,24352,211.0,229247.0
2022-01-12,Whatcom,Washington,53073,24912,213.0,229247.0
2022-01-13,Whatcom,Washington,53073,25368,215.0,229247.0
2022-01-14,Whatcom,Washington,53073,25852,217.0,229247.0
2022-01-15,Whatcom,Washington,53073,25852,217.0,229247.0
2022-01-16,Whatcom,Washington,53073,25852,217.0,229247.0
2022-01-17,Whatcom,Washington,53073,25852,217.0,229247.0
2022-01-18,Whatcom,Washington,53073,27439,218.0,229247.0
2022-01-19,Whatcom,Washington,53073,27827,218.0,229247.0
2022-01-20,Whatcom,Washington,53073,28301,222.0,229247.0
2022-01-21,Whatcom,Washington,53073,28915,223.0,229247.0
2022-01-22,Whatcom,Washington,53073,28915,223.0,229247.0
2022-01-23,Whatcom,Washington,53073,28915,223.0,229247.0
2022-01-24,Whatcom,Washington,53073,30202,224.0,229247.0
2022-01-25,Whatcom,Washington,53073,30202,224.0,229247.0
2022-01-26,Whatcom,Washington,53073,31408,230.0,229247.0
2022-01-27,Whatcom,Washington,53073,31408,230.0,229247.0
2022-01-28,Whatcom,Washington,53073,32313,233.0,229247.0
2022-01-29,Whatcom,Washington,53073,32313,233.0,229247.0
2022-01-30,Whatcom,Washington,53073,32313,233.0,229247.0
2022-01-31,Whatcom,Washington,53073,33727,234.0,229247.0
2022-02-01,Whatcom,Washington,53073,33727,234.0,229247.0
2022-02-02,Whatcom,Washington,53073,34259,238.0,229247.0
2022-02-03,Whatcom,Washington,53073,34259,238.0,229247.0
2022-02-04,Whatcom,Washington,53073,34652,242.0,229247.0
2022-02-05,Whatcom,Washington,53073,34652,242.0,229247.0
2022-02-06,Whatcom,Washington,53073,34652,242.0,229247.0
2022-02-07,Whatcom,Washington,53073,35140,242.0,229247.0
2022-02-08,Whatcom,Washington,53073,35140,242.0,229247.0
2022-02-09,Whatcom,Washington,53073,35385,246.0,229247.0
2022-02-10,Whatcom,Washington,53073,35385,246.0,229247.0
2022-02-11,Whatcom,Washington,53073,36154,252.0,229247.0
2022-02-12,Whatcom,Washington,53073,36154,252.0,229247.0
2022-02-13,Whatcom,Washington,53073,36154,252.0,229247.0
2022-02-14,Whatcom,Washington,53073,36248,253.0,229247.0
2022-02-15,Whatcom,Washington,53073,36248,253.0,229247.0
2022-02-16,Whatcom,Washington,53073,36240,259.0,229247.0
2022-02-17,Whatcom,Washington,53073,36240,259.0,229247.0
2022-02-18,Whatcom,Washington,53073,36176,260.0,229247.0
2022-02-19,Whatcom,Washington,53073,36176,260.0,229247.0
2022-02-20,Whatcom,Washington,53073,36176,260.0,229247.0
2022-02-21,Whatcom,Washington,53073,36176,260.0,229247.0
2022-02-22,Whatcom,Washington,53073,36176,260.0,229247.0
2022-02-23,Whatcom,Washington,53073,36211,262.0,229247.0
2022-02-24,Whatcom,Washington,53073,36211,262.0,229247.0
2022-02-25,Whatcom,Washington,53073,36245,267.0,229247.0
2022-02-26,Whatcom,Washington,53073,36245,267.0,229247.0
2022-02-27,Whatcom,Washington,53073,36245,267.0,229247.0
2022-02-28,Whatcom,Washington,53073,36352,267.0,229247.0
2022-03-01,Whatcom,Washington,53073,36352,267.0,229247.0
2022-03-02,Whatcom,Washington,53073,36448,270.0,229247.0
2022-03-03,Whatcom,Washington,53073,36448,270.0,229247.0
2022-03-04,Whatcom,Washington,53073,36538,271.0,229247.0
2022-03-05,Whatcom,Washington,53073,36538,271.0,229247.0
2022-03-06,Whatcom,Washington,53073,36538,271.0,229247.0
2022-03-07,Whatcom,Washington,53073,36608,274.0,229247.0
2022-03-08,Whatcom,Washington,53073,36608,274.0,229247.0
2022-03-09,Whatcom,Washington,53073,36663,278.0,229247.0
2022-03-10,Whatcom,Washington,53073,36663,278.0,229247.0
2022-03-11,Whatcom,Washington,53073,36747,279.0,229247.0
2022-03-12,Whatcom,Washington,53073,36747,279.0,229247.0
2022-03-13,Whatcom,Washington,53073,36747,279.0,229247.0
2022-03-14,Whatcom,Washington,53073,36799,279.0,229247.0
2022-03-15,Whatcom,Washington,53073,36799,279.0,229247.0
2022-03-16,Whatcom,Washington,53073,36854,282.0,229247.0
2022-03-17,Whatcom,Washington,53073,36854,282.0,229247.0
2022-03-18,Whatcom,Washington,53073,36921,287.0,229247.0
2022-03-19,Whatcom,Washington,53073,36921,287.0,229247.0
2022-03-20,Whatcom,Washington,53073,36921,287.0,229247.0
2022-03-21,Whatcom,Washington,53073,36983,286.0,229247.0
2022-03-22,Whatcom,Washington,53073,36983,286.0,229247.0
2022-03-23,Whatcom,Washington,53073,37040,287.0,229247.0
2022-03-24,Whatcom,Washington,53073,37040,287.0,229247.0
2022-03-25,Whatcom,Washington,53073,37098,289.0,229247.0
2022-03-26,Whatcom,Washington,53073,37098,289.0,229247.0
2022-03-27,Whatcom,Washington,53073,37098,289.0,229247.0
2022-03-28,Whatcom,Washington,53073,37150,289.0,229247.0
2022-03-29,Whatcom,Washington,53073,37150,289.0,229247.0
2022-03-30,Whatcom,Washington,53073,37191,290.0,229247.0
2022-03-31,Whatcom,Washington,53073,37191,290.0,229247.0
2022-04-01,Whatcom,Washington,53073,37226,290.0,229247.0
2022-04-02,Whatcom,Washington,53073,37226,290.0,229247.0
2022-04-03,Whatcom,Washington,53073,37226,290.0,229247.0
2022-04-04,Whatcom,Washington,53073,37263,290.0,229247.0
2022-04-05,Whatcom,Washington,53073,37263,290.0,229247.0
2022-04-06,Whatcom,Washington,53073,37357,292.0,229247.0
2022-04-07,Whatcom,Washington,53073,37357,292.0,229247.0
2022-04-08,Whatcom,Washington,53073,37429,292.0,229247.0
2022-04-09,Whatcom,Washington,53073,37429,292.0,229247.0
2022-04-10,Whatcom,Washington,53073,37429,292.0,229247.0
2022-04-11,Whatcom,Washington,53073,37429,292.0,229247.0
2022-04-12,Whatcom,Washington,53073,37429,292.0,229247.0
2022-04-13,Whatcom,Washington,53073,37577,293.0,229247.0
2022-04-14,Whatcom,Washington,53073,37577,293.0,229247.0
2022-04-15,Whatcom,Washington,53073,37658,293.0,229247.0
2022-04-16,Whatcom,Washington,53073,37658,293.0,229247.0
2022-04-17,Whatcom,Washington,53073,37658,293.0,229247.0
2022-04-18,Whatcom,Washington,53073,37741,293.0,229247.0
2022-04-19,Whatcom,Washington,53073,37741,293.0,229247.0
2022-04-20,Whatcom,Washington,53073,37792,296.0,229247.0
2022-04-21,Whatcom,Washington,53073,37792,296.0,229247.0
2022-04-22,Whatcom,Washington,53073,37877,298.0,229247.0
2022-04-23,Whatcom,Washington,53073,37877,298.0,229247.0
2022-04-24,Whatcom,Washington,53073,37877,298.0,229247.0
2022-04-25,Whatcom,Washington,53073,38014,298.0,229247.0
2022-04-26,Whatcom,Washington,53073,38014,298.0,229247.0
2022-04-27,Whatcom,Washington,53073,38094,299.0,229247.0
2022-04-28,Whatcom,Washington,53073,38094,299.0,229247.0
2022-04-29,Whatcom,Washington,53073,38378,298.0,229247.0
2022-04-30,Whatcom,Washington,53073,38378,298.0,229247.0
2021-12-01,Whitman,Washington,53075,6115,82.0,50104.0
2021-12-02,Whitman,Washington,53075,6123,82.0,50104.0
2021-12-03,Whitman,Washington,53075,6140,82.0,50104.0
2021-12-04,Whitman,Washington,53075,6140,82.0,50104.0
2021-12-05,Whitman,Washington,53075,6140,82.0,50104.0
2021-12-06,Whitman,Washington,53075,6146,82.0,50104.0
2021-12-07,Whitman,Washington,53075,6158,82.0,50104.0
2021-12-08,Whitman,Washington,53075,6161,82.0,50104.0
2021-12-09,Whitman,Washington,53075,6163,82.0,50104.0
2021-12-10,Whitman,Washington,53075,6176,82.0,50104.0
2021-12-11,Whitman,Washington,53075,6176,82.0,50104.0
2021-12-12,Whitman,Washington,53075,6176,82.0,50104.0
2021-12-13,Whitman,Washington,53075,6179,82.0,50104.0
2021-12-14,Whitman,Washington,53075,6185,82.0,50104.0
2021-12-15,Whitman,Washington,53075,6192,82.0,50104.0
2021-12-16,Whitman,Washington,53075,6197,82.0,50104.0
2021-12-17,Whitman,Washington,53075,6203,82.0,50104.0
2021-12-18,Whitman,Washington,53075,6203,82.0,50104.0
2021-12-19,Whitman,Washington,53075,6203,82.0,50104.0
2021-12-20,Whitman,Washington,53075,6204,82.0,50104.0
2021-12-21,Whitman,Washington,53075,6216,82.0,50104.0
2021-12-22,Whitman,Washington,53075,6216,82.0,50104.0
2021-12-23,Whitman,Washington,53075,6216,82.0,50104.0
2021-12-24,Whitman,Washington,53075,6216,82.0,50104.0
2021-12-25,Whitman,Washington,53075,6216,82.0,50104.0
2021-12-26,Whitman,Washington,53075,6216,82.0,50104.0
2021-12-27,Whitman,Washington,53075,6236,83.0,50104.0
2021-12-28,Whitman,Washington,53075,6242,83.0,50104.0
2021-12-29,Whitman,Washington,53075,6251,83.0,50104.0
2021-12-30,Whitman,Washington,53075,6260,83.0,50104.0
2021-12-31,Whitman,Washington,53075,6260,83.0,50104.0
2022-01-01,Whitman,Washington,53075,6260,83.0,50104.0
2022-01-02,Whitman,Washington,53075,6260,83.0,50104.0
2022-01-03,Whitman,Washington,53075,6292,83.0,50104.0
2022-01-04,Whitman,Washington,53075,6353,83.0,50104.0
2022-01-05,Whitman,Washington,53075,6386,83.0,50104.0
2022-01-06,Whitman,Washington,53075,6422,83.0,50104.0
2022-01-07,Whitman,Washington,53075,6491,83.0,50104.0
2022-01-08,Whitman,Washington,53075,6491,83.0,50104.0
2022-01-09,Whitman,Washington,53075,6491,83.0,50104.0
2022-01-10,Whitman,Washington,53075,6577,83.0,50104.0
2022-01-11,Whitman,Washington,53075,6625,83.0,50104.0
2022-01-12,Whitman,Washington,53075,6668,83.0,50104.0
2022-01-13,Whitman,Washington,53075,6760,83.0,50104.0
2022-01-14,Whitman,Washington,53075,6867,83.0,50104.0
2022-01-15,Whitman,Washington,53075,6867,83.0,50104.0
2022-01-16,Whitman,Washington,53075,6867,83.0,50104.0
2022-01-17,Whitman,Washington,53075,6867,83.0,50104.0
2022-01-18,Whitman,Washington,53075,7037,83.0,50104.0
2022-01-19,Whitman,Washington,53075,7132,84.0,50104.0
2022-01-20,Whitman,Washington,53075,7263,84.0,50104.0
2022-01-21,Whitman,Washington,53075,7448,84.0,50104.0
2022-01-22,Whitman,Washington,53075,7448,84.0,50104.0
2022-01-23,Whitman,Washington,53075,7448,84.0,50104.0
2022-01-24,Whitman,Washington,53075,7699,84.0,50104.0
2022-01-25,Whitman,Washington,53075,7852,84.0,50104.0
2022-01-26,Whitman,Washington,53075,7699,85.0,50104.0
2022-01-27,Whitman,Washington,53075,8148,85.0,50104.0
2022-01-28,Whitman,Washington,53075,8355,86.0,50104.0
2022-01-29,Whitman,Washington,53075,8355,86.0,50104.0
2022-01-30,Whitman,Washington,53075,8355,86.0,50104.0
2022-01-31,Whitman,Washington,53075,8454,86.0,50104.0
2022-02-01,Whitman,Washington,53075,8576,86.0,50104.0
2022-02-02,Whitman,Washington,53075,8691,86.0,50104.0
2022-02-03,Whitman,Washington,53075,8691,86.0,50104.0
2022-02-04,Whitman,Washington,53075,8827,87.0,50104.0
2022-02-05,Whitman,Washington,53075,9001,87.0,50104.0
2022-02-06,Whitman,Washington,53075,9001,87.0,50104.0
2022-02-07,Whitman,Washington,53075,8862,87.0,50104.0
2022-02-08,Whitman,Washington,53075,8977,87.0,50104.0
2022-02-09,Whitman,Washington,53075,9012,87.0,50104.0
2022-02-10,Whitman,Washington,53075,9036,87.0,50104.0
2022-02-11,Whitman,Washington,53075,9060,88.0,50104.0
2022-02-12,Whitman,Washington,53075,9060,88.0,50104.0
2022-02-13,Whitman,Washington,53075,9060,88.0,50104.0
2022-02-14,Whitman,Washington,53075,9060,88.0,50104.0
2022-02-15,Whitman,Washington,53075,9097,88.0,50104.0
2022-02-16,Whitman,Washington,53075,9146,88.0,50104.0
2022-02-17,Whitman,Washington,53075,9162,88.0,50104.0
2022-02-18,Whitman,Washington,53075,9162,88.0,50104.0
2022-02-19,Whitman,Washington,53075,9162,88.0,50104.0
2022-02-20,Whitman,Washington,53075,9162,88.0,50104.0
2022-02-21,Whitman,Washington,53075,9162,88.0,50104.0
2022-02-22,Whitman,Washington,53075,9191,88.0,50104.0
2022-02-23,Whitman,Washington,53075,9224,89.0,50104.0
2022-02-24,Whitman,Washington,53075,9229,89.0,50104.0
2022-02-25,Whitman,Washington,53075,9229,89.0,50104.0
2022-02-26,Whitman,Washington,53075,9229,89.0,50104.0
2022-02-27,Whitman,Washington,53075,9229,89.0,50104.0
2022-02-28,Whitman,Washington,53075,9246,89.0,50104.0
2022-03-01,Whitman,Washington,53075,9246,89.0,50104.0
2022-03-02,Whitman,Washington,53075,9246,90.0,50104.0
2022-03-03,Whitman,Washington,53075,9246,90.0,50104.0
2022-03-04,Whitman,Washington,53075,8609,90.0,50104.0
2022-03-05,Whitman,Washington,53075,8609,90.0,50104.0
2022-03-06,Whitman,Washington,53075,8609,90.0,50104.0
2022-03-07,Whitman,Washington,53075,8617,90.0,50104.0
2022-03-08,Whitman,Washington,53075,8617,90.0,50104.0
2022-03-09,Whitman,Washington,53075,8621,90.0,50104.0
2022-03-10,Whitman,Washington,53075,8621,90.0,50104.0
2022-03-11,Whitman,Washington,53075,8637,90.0,50104.0
2022-03-12,Whitman,Washington,53075,8637,90.0,50104.0
2022-03-13,Whitman,Washington,53075,8637,90.0,50104.0
2022-03-14,Whitman,Washington,53075,8640,90.0,50104.0
2022-03-15,Whitman,Washington,53075,8640,90.0,50104.0
2022-03-16,Whitman,Washington,53075,8644,90.0,50104.0
2022-03-17,Whitman,Washington,53075,8644,90.0,50104.0
2022-03-18,Whitman,Washington,53075,8655,90.0,50104.0
2022-03-19,Whitman,Washington,53075,8655,90.0,50104.0
2022-03-20,Whitman,Washington,53075,8655,90.0,50104.0
2022-03-21,Whitman,Washington,53075,8657,90.0,50104.0
2022-03-22,Whitman,Washington,53075,8657,90.0,50104.0
2022-03-23,Whitman,Washington,53075,8659,90.0,50104.0
2022-03-24,Whitman,Washington,53075,8659,90.0,50104.0
2022-03-25,Whitman,Washington,53075,8669,90.0,50104.0
2022-03-26,Whitman,Washington,53075,8669,90.0,50104.0
2022-03-27,Whitman,Washington,53075,8669,90.0,50104.0
2022-03-28,Whitman,Washington,53075,8670,90.0,50104.0
2022-03-29,Whitman,Washington,53075,8670,90.0,50104.0
2022-03-30,Whitman,Washington,53075,8673,90.0,50104.0
2022-03-31,Whitman,Washington,53075,8673,90.0,50104.0
2022-04-01,Whitman,Washington,53075,8675,90.0,50104.0
2022-04-02,Whitman,Washington,53075,8675,90.0,50104.0
2022-04-03,Whitman,Washington,53075,8675,90.0,50104.0
2022-04-04,Whitman,Washington,53075,8680,90.0,50104.0
2022-04-05,Whitman,Washington,53075,8680,90.0,50104.0
2022-04-06,Whitman,Washington,53075,8685,90.0,50104.0
2022-04-07,Whitman,Washington,53075,8685,90.0,50104.0
2022-04-08,Whitman,Washington,53075,8690,90.0,50104.0
2022-04-09,Whitman,Washington,53075,8690,90.0,50104.0
2022-04-10,Whitman,Washington,53075,8690,90.0,50104.0
2022-04-11,Whitman,Washington,53075,8690,90.0,50104.0
2022-04-12,Whitman,Washington,53075,8690,90.0,50104.0
2022-04-13,Whitman,Washington,53075,8695,90.0,50104.0
2022-04-14,Whitman,Washington,53075,8695,90.0,50104.0
2022-04-15,Whitman,Washington,53075,8696,90.0,50104.0
2022-04-16,Whitman,Washington,53075,8696,90.0,50104.0
2022-04-17,Whitman,Washington,53075,8696,90.0,50104.0
2022-04-18,Whitman,Washington,53075,8700,90.0,50104.0
2022-04-19,Whitman,Washington,53075,8700,90.0,50104.0
2022-04-20,Whitman,Washington,53075,8702,90.0,50104.0
2022-04-21,Whitman,Washington,53075,8702,90.0,50104.0
2022-04-22,Whitman,Washington,53075,8711,90.0,50104.0
2022-04-23,Whitman,Washington,53075,8711,90.0,50104.0
2022-04-24,Whitman,Washington,53075,8711,90.0,50104.0
2022-04-25,Whitman,Washington,53075,8726,90.0,50104.0
2022-04-26,Whitman,Washington,53075,8726,90.0,50104.0
2022-04-27,Whitman,Washington,53075,8732,90.0,50104.0
2022-04-28,Whitman,Washington,53075,8732,90.0,50104.0
2022-04-29,Whitman,Washington,53075,8739,90.0,50104.0
2022-04-30,Whitman,Washington,53075,8739,90.0,50104.0
2021-12-01,Cabell,West Virginia,54011,16087,284.0,91945.0
2021-12-02,Cabell,West Virginia,54011,16157,287.0,91945.0
2021-12-03,Cabell,West Virginia,54011,16196,287.0,91945.0
2021-12-04,Cabell,West Virginia,54011,16267,287.0,91945.0
2021-12-05,Cabell,West Virginia,54011,16300,287.0,91945.0
2021-12-06,Cabell,West Virginia,54011,16320,287.0,91945.0
2021-12-07,Cabell,West Virginia,54011,16362,288.0,91945.0
2021-12-08,Cabell,West Virginia,54011,16421,288.0,91945.0
2021-12-09,Cabell,West Virginia,54011,16483,288.0,91945.0
2021-12-10,Cabell,West Virginia,54011,16545,288.0,91945.0
2021-12-11,Cabell,West Virginia,54011,16595,288.0,91945.0
2021-12-12,Cabell,West Virginia,54011,16615,288.0,91945.0
2021-12-13,Cabell,West Virginia,54011,16653,289.0,91945.0
2021-12-14,Cabell,West Virginia,54011,16712,289.0,91945.0
2021-12-15,Cabell,West Virginia,54011,16746,292.0,91945.0
2021-12-16,Cabell,West Virginia,54011,16791,292.0,91945.0
2021-12-17,Cabell,West Virginia,54011,16851,293.0,91945.0
2021-12-18,Cabell,West Virginia,54011,16881,293.0,91945.0
2021-12-19,Cabell,West Virginia,54011,16918,293.0,91945.0
2021-12-20,Cabell,West Virginia,54011,16946,293.0,91945.0
2021-12-21,Cabell,West Virginia,54011,16985,293.0,91945.0
2021-12-22,Cabell,West Virginia,54011,17038,293.0,91945.0
2021-12-23,Cabell,West Virginia,54011,17113,295.0,91945.0
2021-12-24,Cabell,West Virginia,54011,17113,295.0,91945.0
2021-12-25,Cabell,West Virginia,54011,17113,295.0,91945.0
2021-12-26,Cabell,West Virginia,54011,17113,295.0,91945.0
2021-12-27,Cabell,West Virginia,54011,17292,295.0,91945.0
2021-12-28,Cabell,West Virginia,54011,17359,298.0,91945.0
2021-12-29,Cabell,West Virginia,54011,17513,299.0,91945.0
2021-12-30,Cabell,West Virginia,54011,17685,299.0,91945.0
2021-12-31,Cabell,West Virginia,54011,17685,299.0,91945.0
2022-01-01,Cabell,West Virginia,54011,17685,299.0,91945.0
2022-01-02,Cabell,West Virginia,54011,17685,299.0,91945.0
2022-01-03,Cabell,West Virginia,54011,18132,302.0,91945.0
2022-01-04,Cabell,West Virginia,54011,18323,303.0,91945.0
2022-01-05,Cabell,West Virginia,54011,18501,304.0,91945.0
2022-01-06,Cabell,West Virginia,54011,18840,304.0,91945.0
2022-01-07,Cabell,West Virginia,54011,19058,306.0,91945.0
2022-01-08,Cabell,West Virginia,54011,19323,306.0,91945.0
2022-01-09,Cabell,West Virginia,54011,19445,306.0,91945.0
2022-01-10,Cabell,West Virginia,54011,19532,308.0,91945.0
2022-01-11,Cabell,West Virginia,54011,19670,308.0,91945.0
2022-01-12,Cabell,West Virginia,54011,19940,309.0,91945.0
2022-01-13,Cabell,West Virginia,54011,20328,309.0,91945.0
2022-01-14,Cabell,West Virginia,54011,20638,309.0,91945.0
2022-01-15,Cabell,West Virginia,54011,20980,309.0,91945.0
2022-01-16,Cabell,West Virginia,54011,21192,309.0,91945.0
2022-01-17,Cabell,West Virginia,54011,21439,310.0,91945.0
2022-01-18,Cabell,West Virginia,54011,21515,312.0,91945.0
2022-01-19,Cabell,West Virginia,54011,21771,317.0,91945.0
2022-01-20,Cabell,West Virginia,54011,22042,317.0,91945.0
2022-01-21,Cabell,West Virginia,54011,22353,317.0,91945.0
2022-01-22,Cabell,West Virginia,54011,22673,317.0,91945.0
2022-01-23,Cabell,West Virginia,54011,23017,317.0,91945.0
2022-01-24,Cabell,West Virginia,54011,23264,319.0,91945.0
2022-01-25,Cabell,West Virginia,54011,23484,319.0,91945.0
2022-01-26,Cabell,West Virginia,54011,23738,322.0,91945.0
2022-01-27,Cabell,West Virginia,54011,24074,323.0,91945.0
2022-01-28,Cabell,West Virginia,54011,24386,324.0,91945.0
2022-01-29,Cabell,West Virginia,54011,24495,324.0,91945.0
2022-01-30,Cabell,West Virginia,54011,24710,324.0,91945.0
2022-01-31,Cabell,West Virginia,54011,24789,324.0,91945.0
2022-02-01,Cabell,West Virginia,54011,24929,325.0,91945.0
2022-02-02,Cabell,West Virginia,54011,25136,327.0,91945.0
2022-02-03,Cabell,West Virginia,54011,25286,327.0,91945.0
2022-02-04,Cabell,West Virginia,54011,25453,328.0,91945.0
2022-02-05,Cabell,West Virginia,54011,25670,328.0,91945.0
2022-02-06,Cabell,West Virginia,54011,25781,328.0,91945.0
2022-02-07,Cabell,West Virginia,54011,25842,328.0,91945.0
2022-02-08,Cabell,West Virginia,54011,25928,329.0,91945.0
2022-02-09,Cabell,West Virginia,54011,26034,330.0,91945.0
2022-02-10,Cabell,West Virginia,54011,26138,332.0,91945.0
2022-02-11,Cabell,West Virginia,54011,26258,332.0,91945.0
2022-02-12,Cabell,West Virginia,54011,26313,332.0,91945.0
2022-02-13,Cabell,West Virginia,54011,26371,332.0,91945.0
2022-02-14,Cabell,West Virginia,54011,26396,337.0,91945.0
2022-02-15,Cabell,West Virginia,54011,26445,341.0,91945.0
2022-02-16,Cabell,West Virginia,54011,26492,345.0,91945.0
2022-02-17,Cabell,West Virginia,54011,26548,345.0,91945.0
2022-02-18,Cabell,West Virginia,54011,26614,346.0,91945.0
2022-02-19,Cabell,West Virginia,54011,26614,346.0,91945.0
2022-02-20,Cabell,West Virginia,54011,26614,346.0,91945.0
2022-02-21,Cabell,West Virginia,54011,26780,346.0,91945.0
2022-02-22,Cabell,West Virginia,54011,26821,349.0,91945.0
2022-02-23,Cabell,West Virginia,54011,26835,350.0,91945.0
2022-02-24,Cabell,West Virginia,54011,26907,352.0,91945.0
2022-02-25,Cabell,West Virginia,54011,26942,352.0,91945.0
2022-02-26,Cabell,West Virginia,54011,26942,352.0,91945.0
2022-02-27,Cabell,West Virginia,54011,26942,352.0,91945.0
2022-02-28,Cabell,West Virginia,54011,27005,352.0,91945.0
2022-03-01,Cabell,West Virginia,54011,27023,352.0,91945.0
2022-03-02,Cabell,West Virginia,54011,27041,354.0,91945.0
2022-03-03,Cabell,West Virginia,54011,27063,355.0,91945.0
2022-03-04,Cabell,West Virginia,54011,27092,356.0,91945.0
2022-03-05,Cabell,West Virginia,54011,27092,356.0,91945.0
2022-03-06,Cabell,West Virginia,54011,27092,356.0,91945.0
2022-03-07,Cabell,West Virginia,54011,27137,357.0,91945.0
2022-03-08,Cabell,West Virginia,54011,27148,358.0,91945.0
2022-03-09,Cabell,West Virginia,54011,27185,359.0,91945.0
2022-03-10,Cabell,West Virginia,54011,27196,362.0,91945.0
2022-03-11,Cabell,West Virginia,54011,27213,362.0,91945.0
2022-03-12,Cabell,West Virginia,54011,27213,362.0,91945.0
2022-03-13,Cabell,West Virginia,54011,27213,362.0,91945.0
2022-03-14,Cabell,West Virginia,54011,27235,365.0,91945.0
2022-03-15,Cabell,West Virginia,54011,27251,369.0,91945.0
2022-03-16,Cabell,West Virginia,54011,27258,370.0,91945.0
2022-03-17,Cabell,West Virginia,54011,27273,371.0,91945.0
2022-03-18,Cabell,West Virginia,54011,27291,371.0,91945.0
2022-03-19,Cabell,West Virginia,54011,27291,371.0,91945.0
2022-03-20,Cabell,West Virginia,54011,27291,371.0,91945.0
2022-03-21,Cabell,West Virginia,54011,27311,372.0,91945.0
2022-03-22,Cabell,West Virginia,54011,27315,372.0,91945.0
2022-03-23,Cabell,West Virginia,54011,27320,372.0,91945.0
2022-03-24,Cabell,West Virginia,54011,27330,372.0,91945.0
2022-03-25,Cabell,West Virginia,54011,27336,375.0,91945.0
2022-03-26,Cabell,West Virginia,54011,27336,375.0,91945.0
2022-03-27,Cabell,West Virginia,54011,27336,375.0,91945.0
2022-03-28,Cabell,West Virginia,54011,27345,375.0,91945.0
2022-03-29,Cabell,West Virginia,54011,27347,379.0,91945.0
2022-03-30,Cabell,West Virginia,54011,27353,379.0,91945.0
2022-03-31,Cabell,West Virginia,54011,27364,379.0,91945.0
2022-04-01,Cabell,West Virginia,54011,27368,379.0,91945.0
2022-04-02,Cabell,West Virginia,54011,27368,379.0,91945.0
2022-04-03,Cabell,West Virginia,54011,27368,379.0,91945.0
2022-04-04,Cabell,West Virginia,54011,27381,379.0,91945.0
2022-04-05,Cabell,West Virginia,54011,27388,368.0,91945.0
2022-04-06,Cabell,West Virginia,54011,27400,369.0,91945.0
2022-04-07,Cabell,West Virginia,54011,27408,369.0,91945.0
2022-04-08,Cabell,West Virginia,54011,27416,369.0,91945.0
2022-04-09,Cabell,West Virginia,54011,27416,369.0,91945.0
2022-04-10,Cabell,West Virginia,54011,27416,369.0,91945.0
2022-04-11,Cabell,West Virginia,54011,27423,369.0,91945.0
2022-04-12,Cabell,West Virginia,54011,27426,369.0,91945.0
2022-04-13,Cabell,West Virginia,54011,27425,369.0,91945.0
2022-04-14,Cabell,West Virginia,54011,27436,371.0,91945.0
2022-04-15,Cabell,West Virginia,54011,27448,371.0,91945.0
2022-04-16,Cabell,West Virginia,54011,27448,371.0,91945.0
2022-04-17,Cabell,West Virginia,54011,27448,371.0,91945.0
2022-04-18,Cabell,West Virginia,54011,27467,371.0,91945.0
2022-04-19,Cabell,West Virginia,54011,27471,372.0,91945.0
2022-04-20,Cabell,West Virginia,54011,27476,372.0,91945.0
2022-04-21,Cabell,West Virginia,54011,27489,372.0,91945.0
2022-04-22,Cabell,West Virginia,54011,27499,372.0,91945.0
2022-04-23,Cabell,West Virginia,54011,27499,372.0,91945.0
2022-04-24,Cabell,West Virginia,54011,27499,372.0,91945.0
2022-04-25,Cabell,West Virginia,54011,27523,372.0,91945.0
2022-04-26,Cabell,West Virginia,54011,27531,374.0,91945.0
2022-04-27,Cabell,West Virginia,54011,27542,374.0,91945.0
2022-04-28,Cabell,West Virginia,54011,27555,374.0,91945.0
2022-04-29,Cabell,West Virginia,54011,27564,374.0,91945.0
2022-04-30,Cabell,West Virginia,54011,27564,374.0,91945.0
2021-12-01,Jefferson,West Virginia,54037,7485,92.0,57146.0
2021-12-02,Jefferson,West Virginia,54037,7544,92.0,57146.0
2021-12-03,Jefferson,West Virginia,54037,7601,92.0,57146.0
2021-12-04,Jefferson,West Virginia,54037,7653,92.0,57146.0
2021-12-05,Jefferson,West Virginia,54037,7679,92.0,57146.0
2021-12-06,Jefferson,West Virginia,54037,7703,92.0,57146.0
2021-12-07,Jefferson,West Virginia,54037,7731,93.0,57146.0
2021-12-08,Jefferson,West Virginia,54037,7810,94.0,57146.0
2021-12-09,Jefferson,West Virginia,54037,7857,94.0,57146.0
2021-12-10,Jefferson,West Virginia,54037,7881,94.0,57146.0
2021-12-11,Jefferson,West Virginia,54037,7944,94.0,57146.0
2021-12-12,Jefferson,West Virginia,54037,7980,94.0,57146.0
2021-12-13,Jefferson,West Virginia,54037,8006,94.0,57146.0
2021-12-14,Jefferson,West Virginia,54037,8057,94.0,57146.0
2021-12-15,Jefferson,West Virginia,54037,8130,95.0,57146.0
2021-12-16,Jefferson,West Virginia,54037,8198,95.0,57146.0
2021-12-17,Jefferson,West Virginia,54037,8237,95.0,57146.0
2021-12-18,Jefferson,West Virginia,54037,8317,95.0,57146.0
2021-12-19,Jefferson,West Virginia,54037,8364,95.0,57146.0
2021-12-20,Jefferson,West Virginia,54037,8397,95.0,57146.0
2021-12-21,Jefferson,West Virginia,54037,8449,96.0,57146.0
2021-12-22,Jefferson,West Virginia,54037,8490,97.0,57146.0
2021-12-23,Jefferson,West Virginia,54037,8570,97.0,57146.0
2021-12-24,Jefferson,West Virginia,54037,8570,97.0,57146.0
2021-12-25,Jefferson,West Virginia,54037,8570,97.0,57146.0
2021-12-26,Jefferson,West Virginia,54037,8570,97.0,57146.0
2021-12-27,Jefferson,West Virginia,54037,8822,97.0,57146.0
2021-12-28,Jefferson,West Virginia,54037,8908,97.0,57146.0
2021-12-29,Jefferson,West Virginia,54037,8991,97.0,57146.0
2021-12-30,Jefferson,West Virginia,54037,9170,97.0,57146.0
2021-12-31,Jefferson,West Virginia,54037,9170,97.0,57146.0
2022-01-01,Jefferson,West Virginia,54037,9170,97.0,57146.0
2022-01-02,Jefferson,West Virginia,54037,9170,97.0,57146.0
2022-01-03,Jefferson,West Virginia,54037,9782,98.0,57146.0
2022-01-04,Jefferson,West Virginia,54037,9924,99.0,57146.0
2022-01-05,Jefferson,West Virginia,54037,10098,99.0,57146.0
2022-01-06,Jefferson,West Virginia,54037,10388,99.0,57146.0
2022-01-07,Jefferson,West Virginia,54037,10615,100.0,57146.0
2022-01-08,Jefferson,West Virginia,54037,10848,100.0,57146.0
2022-01-09,Jefferson,West Virginia,54037,10970,100.0,57146.0
2022-01-10,Jefferson,West Virginia,54037,11152,100.0,57146.0
2022-01-11,Jefferson,West Virginia,54037,11272,101.0,57146.0
2022-01-12,Jefferson,West Virginia,54037,11465,101.0,57146.0
2022-01-13,Jefferson,West Virginia,54037,11636,101.0,57146.0
2022-01-14,Jefferson,West Virginia,54037,11875,105.0,57146.0
2022-01-15,Jefferson,West Virginia,54037,12041,105.0,57146.0
2022-01-16,Jefferson,West Virginia,54037,12209,105.0,57146.0
2022-01-17,Jefferson,West Virginia,54037,12337,106.0,57146.0
2022-01-18,Jefferson,West Virginia,54037,12372,109.0,57146.0
2022-01-19,Jefferson,West Virginia,54037,12493,110.0,57146.0
2022-01-20,Jefferson,West Virginia,54037,12654,110.0,57146.0
2022-01-21,Jefferson,West Virginia,54037,12771,110.0,57146.0
2022-01-22,Jefferson,West Virginia,54037,12914,110.0,57146.0
2022-01-23,Jefferson,West Virginia,54037,13001,110.0,57146.0
2022-01-24,Jefferson,West Virginia,54037,13041,110.0,57146.0
2022-01-25,Jefferson,West Virginia,54037,13092,111.0,57146.0
2022-01-26,Jefferson,West Virginia,54037,13181,111.0,57146.0
2022-01-27,Jefferson,West Virginia,54037,13257,112.0,57146.0
2022-01-28,Jefferson,West Virginia,54037,13337,113.0,57146.0
2022-01-29,Jefferson,West Virginia,54037,13387,113.0,57146.0
2022-01-30,Jefferson,West Virginia,54037,13444,113.0,57146.0
2022-01-31,Jefferson,West Virginia,54037,13457,116.0,57146.0
2022-02-01,Jefferson,West Virginia,54037,13508,117.0,57146.0
2022-02-02,Jefferson,West Virginia,54037,13536,117.0,57146.0
2022-02-03,Jefferson,West Virginia,54037,13607,117.0,57146.0
2022-02-04,Jefferson,West Virginia,54037,13651,117.0,57146.0
2022-02-05,Jefferson,West Virginia,54037,13691,117.0,57146.0
2022-02-06,Jefferson,West Virginia,54037,13711,117.0,57146.0
2022-02-07,Jefferson,West Virginia,54037,13722,120.0,57146.0
2022-02-08,Jefferson,West Virginia,54037,13745,120.0,57146.0
2022-02-09,Jefferson,West Virginia,54037,13772,122.0,57146.0
2022-02-10,Jefferson,West Virginia,54037,13797,122.0,57146.0
2022-02-11,Jefferson,West Virginia,54037,13833,122.0,57146.0
2022-02-12,Jefferson,West Virginia,54037,13856,122.0,57146.0
2022-02-13,Jefferson,West Virginia,54037,13869,122.0,57146.0
2022-02-14,Jefferson,West Virginia,54037,13873,122.0,57146.0
2022-02-15,Jefferson,West Virginia,54037,13871,124.0,57146.0
2022-02-16,Jefferson,West Virginia,54037,13893,124.0,57146.0
2022-02-17,Jefferson,West Virginia,54037,13908,124.0,57146.0
2022-02-18,Jefferson,West Virginia,54037,13915,124.0,57146.0
2022-02-19,Jefferson,West Virginia,54037,13915,124.0,57146.0
2022-02-20,Jefferson,West Virginia,54037,13915,124.0,57146.0
2022-02-21,Jefferson,West Virginia,54037,13959,125.0,57146.0
2022-02-22,Jefferson,West Virginia,54037,13971,126.0,57146.0
2022-02-23,Jefferson,West Virginia,54037,13988,127.0,57146.0
2022-02-24,Jefferson,West Virginia,54037,14008,128.0,57146.0
2022-02-25,Jefferson,West Virginia,54037,14022,129.0,57146.0
2022-02-26,Jefferson,West Virginia,54037,14022,129.0,57146.0
2022-02-27,Jefferson,West Virginia,54037,14022,129.0,57146.0
2022-02-28,Jefferson,West Virginia,54037,14049,129.0,57146.0
2022-03-01,Jefferson,West Virginia,54037,14058,129.0,57146.0
2022-03-02,Jefferson,West Virginia,54037,14070,129.0,57146.0
2022-03-03,Jefferson,West Virginia,54037,14077,131.0,57146.0
2022-03-04,Jefferson,West Virginia,54037,14084,131.0,57146.0
2022-03-05,Jefferson,West Virginia,54037,14084,131.0,57146.0
2022-03-06,Jefferson,West Virginia,54037,14084,131.0,57146.0
2022-03-07,Jefferson,West Virginia,54037,14095,131.0,57146.0
2022-03-08,Jefferson,West Virginia,54037,14099,131.0,57146.0
2022-03-09,Jefferson,West Virginia,54037,14109,132.0,57146.0
2022-03-10,Jefferson,West Virginia,54037,14112,132.0,57146.0
2022-03-11,Jefferson,West Virginia,54037,14116,132.0,57146.0
2022-03-12,Jefferson,West Virginia,54037,14116,132.0,57146.0
2022-03-13,Jefferson,West Virginia,54037,14116,132.0,57146.0
2022-03-14,Jefferson,West Virginia,54037,14134,132.0,57146.0
2022-03-15,Jefferson,West Virginia,54037,14136,133.0,57146.0
2022-03-16,Jefferson,West Virginia,54037,14142,133.0,57146.0
2022-03-17,Jefferson,West Virginia,54037,14143,133.0,57146.0
2022-03-18,Jefferson,West Virginia,54037,14147,133.0,57146.0
2022-03-19,Jefferson,West Virginia,54037,14147,133.0,57146.0
2022-03-20,Jefferson,West Virginia,54037,14147,133.0,57146.0
2022-03-21,Jefferson,West Virginia,54037,14151,133.0,57146.0
2022-03-22,Jefferson,West Virginia,54037,14152,133.0,57146.0
2022-03-23,Jefferson,West Virginia,54037,14159,133.0,57146.0
2022-03-24,Jefferson,West Virginia,54037,14159,133.0,57146.0
2022-03-25,Jefferson,West Virginia,54037,14163,134.0,57146.0
2022-03-26,Jefferson,West Virginia,54037,14163,134.0,57146.0
2022-03-27,Jefferson,West Virginia,54037,14163,134.0,57146.0
2022-03-28,Jefferson,West Virginia,54037,14175,134.0,57146.0
2022-03-29,Jefferson,West Virginia,54037,14175,134.0,57146.0
2022-03-30,Jefferson,West Virginia,54037,14178,135.0,57146.0
2022-03-31,Jefferson,West Virginia,54037,14177,135.0,57146.0
2022-04-01,Jefferson,West Virginia,54037,14182,135.0,57146.0
2022-04-02,Jefferson,West Virginia,54037,14182,135.0,57146.0
2022-04-03,Jefferson,West Virginia,54037,14182,135.0,57146.0
2022-04-04,Jefferson,West Virginia,54037,14185,136.0,57146.0
2022-04-05,Jefferson,West Virginia,54037,14187,129.0,57146.0
2022-04-06,Jefferson,West Virginia,54037,14192,130.0,57146.0
2022-04-07,Jefferson,West Virginia,54037,14198,130.0,57146.0
2022-04-08,Jefferson,West Virginia,54037,14208,130.0,57146.0
2022-04-09,Jefferson,West Virginia,54037,14208,130.0,57146.0
2022-04-10,Jefferson,West Virginia,54037,14208,130.0,57146.0
2022-04-11,Jefferson,West Virginia,54037,14214,130.0,57146.0
2022-04-12,Jefferson,West Virginia,54037,14215,130.0,57146.0
2022-04-13,Jefferson,West Virginia,54037,14214,130.0,57146.0
2022-04-14,Jefferson,West Virginia,54037,14220,130.0,57146.0
2022-04-15,Jefferson,West Virginia,54037,14225,130.0,57146.0
2022-04-16,Jefferson,West Virginia,54037,14225,130.0,57146.0
2022-04-17,Jefferson,West Virginia,54037,14225,130.0,57146.0
2022-04-18,Jefferson,West Virginia,54037,14239,130.0,57146.0
2022-04-19,Jefferson,West Virginia,54037,14243,130.0,57146.0
2022-04-20,Jefferson,West Virginia,54037,14248,130.0,57146.0
2022-04-21,Jefferson,West Virginia,54037,14253,130.0,57146.0
2022-04-22,Jefferson,West Virginia,54037,14262,130.0,57146.0
2022-04-23,Jefferson,West Virginia,54037,14262,130.0,57146.0
2022-04-24,Jefferson,West Virginia,54037,14262,130.0,57146.0
2022-04-25,Jefferson,West Virginia,54037,14275,130.0,57146.0
2022-04-26,Jefferson,West Virginia,54037,14283,131.0,57146.0
2022-04-27,Jefferson,West Virginia,54037,14292,131.0,57146.0
2022-04-28,Jefferson,West Virginia,54037,14303,131.0,57146.0
2022-04-29,Jefferson,West Virginia,54037,14310,131.0,57146.0
2022-04-30,Jefferson,West Virginia,54037,14310,131.0,57146.0
2021-12-01,Monongalia,West Virginia,54061,14391,147.0,105612.0
2021-12-02,Monongalia,West Virginia,54061,14439,148.0,105612.0
2021-12-03,Monongalia,West Virginia,54061,14474,148.0,105612.0
2021-12-04,Monongalia,West Virginia,54061,14515,148.0,105612.0
2021-12-05,Monongalia,West Virginia,54061,14561,148.0,105612.0
2021-12-06,Monongalia,West Virginia,54061,14593,149.0,105612.0
2021-12-07,Monongalia,West Virginia,54061,14620,149.0,105612.0
2021-12-08,Monongalia,West Virginia,54061,14644,149.0,105612.0
2021-12-09,Monongalia,West Virginia,54061,14693,149.0,105612.0
2021-12-10,Monongalia,West Virginia,54061,14716,150.0,105612.0
2021-12-11,Monongalia,West Virginia,54061,14756,150.0,105612.0
2021-12-12,Monongalia,West Virginia,54061,14784,150.0,105612.0
2021-12-13,Monongalia,West Virginia,54061,14826,150.0,105612.0
2021-12-14,Monongalia,West Virginia,54061,14853,150.0,105612.0
2021-12-15,Monongalia,West Virginia,54061,14900,152.0,105612.0
2021-12-16,Monongalia,West Virginia,54061,14943,153.0,105612.0
2021-12-17,Monongalia,West Virginia,54061,14978,154.0,105612.0
2021-12-18,Monongalia,West Virginia,54061,15010,153.0,105612.0
2021-12-19,Monongalia,West Virginia,54061,15040,153.0,105612.0
2021-12-20,Monongalia,West Virginia,54061,15070,154.0,105612.0
2021-12-21,Monongalia,West Virginia,54061,15080,155.0,105612.0
2021-12-22,Monongalia,West Virginia,54061,15120,156.0,105612.0
2021-12-23,Monongalia,West Virginia,54061,15194,156.0,105612.0
2021-12-24,Monongalia,West Virginia,54061,15194,156.0,105612.0
2021-12-25,Monongalia,West Virginia,54061,15194,156.0,105612.0
2021-12-26,Monongalia,West Virginia,54061,15194,156.0,105612.0
2021-12-27,Monongalia,West Virginia,54061,15361,156.0,105612.0
2021-12-28,Monongalia,West Virginia,54061,15414,156.0,105612.0
2021-12-29,Monongalia,West Virginia,54061,15534,158.0,105612.0
2021-12-30,Monongalia,West Virginia,54061,15710,158.0,105612.0
2021-12-31,Monongalia,West Virginia,54061,15710,158.0,105612.0
2022-01-01,Monongalia,West Virginia,54061,15710,158.0,105612.0
2022-01-02,Monongalia,West Virginia,54061,15710,158.0,105612.0
2022-01-03,Monongalia,West Virginia,54061,16266,158.0,105612.0
2022-01-04,Monongalia,West Virginia,54061,16345,158.0,105612.0
2022-01-05,Monongalia,West Virginia,54061,16649,159.0,105612.0
2022-01-06,Monongalia,West Virginia,54061,17019,159.0,105612.0
2022-01-07,Monongalia,West Virginia,54061,17266,160.0,105612.0
2022-01-08,Monongalia,West Virginia,54061,17619,160.0,105612.0
2022-01-09,Monongalia,West Virginia,54061,17778,160.0,105612.0
2022-01-10,Monongalia,West Virginia,54061,17897,160.0,105612.0
2022-01-11,Monongalia,West Virginia,54061,17994,160.0,105612.0
2022-01-12,Monongalia,West Virginia,54061,18351,160.0,105612.0
2022-01-13,Monongalia,West Virginia,54061,18667,162.0,105612.0
2022-01-14,Monongalia,West Virginia,54061,18953,163.0,105612.0
2022-01-15,Monongalia,West Virginia,54061,19233,163.0,105612.0
2022-01-16,Monongalia,West Virginia,54061,19542,163.0,105612.0
2022-01-17,Monongalia,West Virginia,54061,19690,164.0,105612.0
2022-01-18,Monongalia,West Virginia,54061,19770,166.0,105612.0
2022-01-19,Monongalia,West Virginia,54061,19911,166.0,105612.0
2022-01-20,Monongalia,West Virginia,54061,20193,166.0,105612.0
2022-01-21,Monongalia,West Virginia,54061,20481,167.0,105612.0
2022-01-22,Monongalia,West Virginia,54061,20832,167.0,105612.0
2022-01-23,Monongalia,West Virginia,54061,21126,167.0,105612.0
2022-01-24,Monongalia,West Virginia,54061,21259,168.0,105612.0
2022-01-25,Monongalia,West Virginia,54061,21417,168.0,105612.0
2022-01-26,Monongalia,West Virginia,54061,21695,168.0,105612.0
2022-01-27,Monongalia,West Virginia,54061,21878,168.0,105612.0
2022-01-28,Monongalia,West Virginia,54061,22061,169.0,105612.0
2022-01-29,Monongalia,West Virginia,54061,22251,169.0,105612.0
2022-01-30,Monongalia,West Virginia,54061,22392,169.0,105612.0
2022-01-31,Monongalia,West Virginia,54061,22448,171.0,105612.0
2022-02-01,Monongalia,West Virginia,54061,22520,171.0,105612.0
2022-02-02,Monongalia,West Virginia,54061,22696,171.0,105612.0
2022-02-03,Monongalia,West Virginia,54061,22803,175.0,105612.0
2022-02-04,Monongalia,West Virginia,54061,22923,175.0,105612.0
2022-02-05,Monongalia,West Virginia,54061,23069,175.0,105612.0
2022-02-06,Monongalia,West Virginia,54061,23132,175.0,105612.0
2022-02-07,Monongalia,West Virginia,54061,23167,175.0,105612.0
2022-02-08,Monongalia,West Virginia,54061,23230,176.0,105612.0
2022-02-09,Monongalia,West Virginia,54061,23331,178.0,105612.0
2022-02-10,Monongalia,West Virginia,54061,23414,183.0,105612.0
2022-02-11,Monongalia,West Virginia,54061,23482,184.0,105612.0
2022-02-12,Monongalia,West Virginia,54061,23540,184.0,105612.0
2022-02-13,Monongalia,West Virginia,54061,23602,184.0,105612.0
2022-02-14,Monongalia,West Virginia,54061,23628,184.0,105612.0
2022-02-15,Monongalia,West Virginia,54061,23644,186.0,105612.0
2022-02-16,Monongalia,West Virginia,54061,23693,186.0,105612.0
2022-02-17,Monongalia,West Virginia,54061,23762,188.0,105612.0
2022-02-18,Monongalia,West Virginia,54061,23772,188.0,105612.0
2022-02-19,Monongalia,West Virginia,54061,23772,188.0,105612.0
2022-02-20,Monongalia,West Virginia,54061,23772,188.0,105612.0
2022-02-21,Monongalia,West Virginia,54061,23906,189.0,105612.0
2022-02-22,Monongalia,West Virginia,54061,23929,189.0,105612.0
2022-02-23,Monongalia,West Virginia,54061,23964,189.0,105612.0
2022-02-24,Monongalia,West Virginia,54061,24016,189.0,105612.0
2022-02-25,Monongalia,West Virginia,54061,24045,189.0,105612.0
2022-02-26,Monongalia,West Virginia,54061,24045,189.0,105612.0
2022-02-27,Monongalia,West Virginia,54061,24045,189.0,105612.0
2022-02-28,Monongalia,West Virginia,54061,24122,189.0,105612.0
2022-03-01,Monongalia,West Virginia,54061,24137,189.0,105612.0
2022-03-02,Monongalia,West Virginia,54061,24169,190.0,105612.0
2022-03-03,Monongalia,West Virginia,54061,24197,192.0,105612.0
2022-03-04,Monongalia,West Virginia,54061,24228,192.0,105612.0
2022-03-05,Monongalia,West Virginia,54061,24228,192.0,105612.0
2022-03-06,Monongalia,West Virginia,54061,24228,192.0,105612.0
2022-03-07,Monongalia,West Virginia,54061,24286,192.0,105612.0
2022-03-08,Monongalia,West Virginia,54061,24300,192.0,105612.0
2022-03-09,Monongalia,West Virginia,54061,24324,192.0,105612.0
2022-03-10,Monongalia,West Virginia,54061,24344,192.0,105612.0
2022-03-11,Monongalia,West Virginia,54061,24369,192.0,105612.0
2022-03-12,Monongalia,West Virginia,54061,24369,192.0,105612.0
2022-03-13,Monongalia,West Virginia,54061,24369,192.0,105612.0
2022-03-14,Monongalia,West Virginia,54061,24405,194.0,105612.0
2022-03-15,Monongalia,West Virginia,54061,24422,194.0,105612.0
2022-03-16,Monongalia,West Virginia,54061,24442,194.0,105612.0
2022-03-17,Monongalia,West Virginia,54061,24461,194.0,105612.0
2022-03-18,Monongalia,West Virginia,54061,24475,195.0,105612.0
2022-03-19,Monongalia,West Virginia,54061,24475,195.0,105612.0
2022-03-20,Monongalia,West Virginia,54061,24475,195.0,105612.0
2022-03-21,Monongalia,West Virginia,54061,24493,195.0,105612.0
2022-03-22,Monongalia,West Virginia,54061,24496,195.0,105612.0
2022-03-23,Monongalia,West Virginia,54061,24506,195.0,105612.0
2022-03-24,Monongalia,West Virginia,54061,24520,195.0,105612.0
2022-03-25,Monongalia,West Virginia,54061,24530,195.0,105612.0
2022-03-26,Monongalia,West Virginia,54061,24530,195.0,105612.0
2022-03-27,Monongalia,West Virginia,54061,24530,195.0,105612.0
2022-03-28,Monongalia,West Virginia,54061,24548,195.0,105612.0
2022-03-29,Monongalia,West Virginia,54061,24551,196.0,105612.0
2022-03-30,Monongalia,West Virginia,54061,24564,197.0,105612.0
2022-03-31,Monongalia,West Virginia,54061,24575,198.0,105612.0
2022-04-01,Monongalia,West Virginia,54061,24578,198.0,105612.0
2022-04-02,Monongalia,West Virginia,54061,24578,198.0,105612.0
2022-04-03,Monongalia,West Virginia,54061,24578,198.0,105612.0
2022-04-04,Monongalia,West Virginia,54061,24595,198.0,105612.0
2022-04-05,Monongalia,West Virginia,54061,24603,195.0,105612.0
2022-04-06,Monongalia,West Virginia,54061,24614,196.0,105612.0
2022-04-07,Monongalia,West Virginia,54061,24619,196.0,105612.0
2022-04-08,Monongalia,West Virginia,54061,24621,196.0,105612.0
2022-04-09,Monongalia,West Virginia,54061,24621,196.0,105612.0
2022-04-10,Monongalia,West Virginia,54061,24621,196.0,105612.0
2022-04-11,Monongalia,West Virginia,54061,24627,196.0,105612.0
2022-04-12,Monongalia,West Virginia,54061,24635,196.0,105612.0
2022-04-13,Monongalia,West Virginia,54061,24637,196.0,105612.0
2022-04-14,Monongalia,West Virginia,54061,24652,196.0,105612.0
2022-04-15,Monongalia,West Virginia,54061,24662,196.0,105612.0
2022-04-16,Monongalia,West Virginia,54061,24662,196.0,105612.0
2022-04-17,Monongalia,West Virginia,54061,24662,196.0,105612.0
2022-04-18,Monongalia,West Virginia,54061,24685,196.0,105612.0
2022-04-19,Monongalia,West Virginia,54061,24689,196.0,105612.0
2022-04-20,Monongalia,West Virginia,54061,24703,196.0,105612.0
2022-04-21,Monongalia,West Virginia,54061,24716,196.0,105612.0
2022-04-22,Monongalia,West Virginia,54061,24729,196.0,105612.0
2022-04-23,Monongalia,West Virginia,54061,24729,196.0,105612.0
2022-04-24,Monongalia,West Virginia,54061,24729,196.0,105612.0
2022-04-25,Monongalia,West Virginia,54061,24761,196.0,105612.0
2022-04-26,Monongalia,West Virginia,54061,24769,196.0,105612.0
2022-04-27,Monongalia,West Virginia,54061,24779,196.0,105612.0
2022-04-28,Monongalia,West Virginia,54061,24791,196.0,105612.0
2022-04-29,Monongalia,West Virginia,54061,24806,196.0,105612.0
2022-04-30,Monongalia,West Virginia,54061,24806,196.0,105612.0
2021-12-01,Dane,Wisconsin,55025,62837,387.0,546695.0
2021-12-02,Dane,Wisconsin,55025,63152,388.0,546695.0
2021-12-03,Dane,Wisconsin,55025,63533,388.0,546695.0
2021-12-04,Dane,Wisconsin,55025,63533,388.0,546695.0
2021-12-05,Dane,Wisconsin,55025,63533,388.0,546695.0
2021-12-06,Dane,Wisconsin,55025,63533,388.0,546695.0
2021-12-07,Dane,Wisconsin,55025,63533,388.0,546695.0
2021-12-08,Dane,Wisconsin,55025,64290,393.0,546695.0
2021-12-09,Dane,Wisconsin,55025,64528,395.0,546695.0
2021-12-10,Dane,Wisconsin,55025,64834,398.0,546695.0
2021-12-11,Dane,Wisconsin,55025,64834,398.0,546695.0
2021-12-12,Dane,Wisconsin,55025,64834,398.0,546695.0
2021-12-13,Dane,Wisconsin,55025,65341,397.0,546695.0
2021-12-14,Dane,Wisconsin,55025,65620,398.0,546695.0
2021-12-15,Dane,Wisconsin,55025,66264,398.0,546695.0
2021-12-16,Dane,Wisconsin,55025,66743,399.0,546695.0
2021-12-17,Dane,Wisconsin,55025,67323,399.0,546695.0
2021-12-18,Dane,Wisconsin,55025,67323,399.0,546695.0
2021-12-19,Dane,Wisconsin,55025,67323,399.0,546695.0
2021-12-20,Dane,Wisconsin,55025,68061,401.0,546695.0
2021-12-21,Dane,Wisconsin,55025,68574,402.0,546695.0
2021-12-22,Dane,Wisconsin,55025,68952,404.0,546695.0
2021-12-23,Dane,Wisconsin,55025,69402,406.0,546695.0
2021-12-24,Dane,Wisconsin,55025,69901,409.0,546695.0
2021-12-25,Dane,Wisconsin,55025,69901,409.0,546695.0
2021-12-26,Dane,Wisconsin,55025,69901,409.0,546695.0
2021-12-27,Dane,Wisconsin,55025,70225,409.0,546695.0
2021-12-28,Dane,Wisconsin,55025,71073,409.0,546695.0
2021-12-29,Dane,Wisconsin,55025,71668,409.0,546695.0
2021-12-30,Dane,Wisconsin,55025,72224,409.0,546695.0
2021-12-31,Dane,Wisconsin,55025,72607,409.0,546695.0
2022-01-01,Dane,Wisconsin,55025,72607,409.0,546695.0
2022-01-02,Dane,Wisconsin,55025,72607,409.0,546695.0
2022-01-03,Dane,Wisconsin,55025,72759,409.0,546695.0
2022-01-04,Dane,Wisconsin,55025,73455,416.0,546695.0
2022-01-05,Dane,Wisconsin,55025,74277,420.0,546695.0
2022-01-06,Dane,Wisconsin,55025,74941,421.0,546695.0
2022-01-07,Dane,Wisconsin,55025,75705,423.0,546695.0
2022-01-08,Dane,Wisconsin,55025,75705,423.0,546695.0
2022-01-09,Dane,Wisconsin,55025,75705,423.0,546695.0
2022-01-10,Dane,Wisconsin,55025,77227,425.0,546695.0
2022-01-11,Dane,Wisconsin,55025,77908,427.0,546695.0
2022-01-12,Dane,Wisconsin,55025,78754,428.0,546695.0
2022-01-13,Dane,Wisconsin,55025,79787,428.0,546695.0
2022-01-14,Dane,Wisconsin,55025,81956,430.0,546695.0
2022-01-15,Dane,Wisconsin,55025,81956,430.0,546695.0
2022-01-16,Dane,Wisconsin,55025,81956,430.0,546695.0
2022-01-17,Dane,Wisconsin,55025,98994,433.0,546695.0
2022-01-18,Dane,Wisconsin,55025,101917,433.0,546695.0
2022-01-19,Dane,Wisconsin,55025,103298,434.0,546695.0
2022-01-20,Dane,Wisconsin,55025,106363,439.0,546695.0
2022-01-21,Dane,Wisconsin,55025,107826,443.0,546695.0
2022-01-22,Dane,Wisconsin,55025,107826,443.0,546695.0
2022-01-23,Dane,Wisconsin,55025,107826,443.0,546695.0
2022-01-24,Dane,Wisconsin,55025,110306,448.0,546695.0
2022-01-25,Dane,Wisconsin,55025,110880,450.0,546695.0
2022-01-26,Dane,Wisconsin,55025,111821,452.0,546695.0
2022-01-27,Dane,Wisconsin,55025,112779,453.0,546695.0
2022-01-28,Dane,Wisconsin,55025,113727,456.0,546695.0
2022-01-29,Dane,Wisconsin,55025,113727,456.0,546695.0
2022-01-30,Dane,Wisconsin,55025,113727,456.0,546695.0
2022-01-31,Dane,Wisconsin,55025,115276,456.0,546695.0
2022-02-01,Dane,Wisconsin,55025,115660,457.0,546695.0
2022-02-02,Dane,Wisconsin,55025,116245,458.0,546695.0
2022-02-03,Dane,Wisconsin,55025,116927,460.0,546695.0
2022-02-04,Dane,Wisconsin,55025,117382,463.0,546695.0
2022-02-05,Dane,Wisconsin,55025,117382,463.0,546695.0
2022-02-06,Dane,Wisconsin,55025,117382,463.0,546695.0
2022-02-07,Dane,Wisconsin,55025,118303,464.0,546695.0
2022-02-08,Dane,Wisconsin,55025,118599,464.0,546695.0
2022-02-09,Dane,Wisconsin,55025,119004,465.0,546695.0
2022-02-10,Dane,Wisconsin,55025,119388,470.0,546695.0
2022-02-11,Dane,Wisconsin,55025,119722,470.0,546695.0
2022-02-12,Dane,Wisconsin,55025,119722,470.0,546695.0
2022-02-13,Dane,Wisconsin,55025,119722,470.0,546695.0
2022-02-14,Dane,Wisconsin,55025,120318,471.0,546695.0
2022-02-15,Dane,Wisconsin,55025,120472,470.0,546695.0
2022-02-16,Dane,Wisconsin,55025,120748,470.0,546695.0
2022-02-17,Dane,Wisconsin,55025,120936,480.0,546695.0
2022-02-18,Dane,Wisconsin,55025,121074,478.0,546695.0
2022-02-19,Dane,Wisconsin,55025,121074,478.0,546695.0
2022-02-20,Dane,Wisconsin,55025,121074,478.0,546695.0
2022-02-21,Dane,Wisconsin,55025,121411,479.0,546695.0
2022-02-22,Dane,Wisconsin,55025,121528,480.0,546695.0
2022-02-23,Dane,Wisconsin,55025,121649,483.0,546695.0
2022-02-24,Dane,Wisconsin,55025,121742,484.0,546695.0
2022-02-25,Dane,Wisconsin,55025,121841,484.0,546695.0
2022-02-26,Dane,Wisconsin,55025,121841,484.0,546695.0
2022-02-27,Dane,Wisconsin,55025,121841,484.0,546695.0
2022-02-28,Dane,Wisconsin,55025,122061,484.0,546695.0
2022-03-01,Dane,Wisconsin,55025,122124,485.0,546695.0
2022-03-02,Dane,Wisconsin,55025,122207,484.0,546695.0
2022-03-03,Dane,Wisconsin,55025,122271,484.0,546695.0
2022-03-04,Dane,Wisconsin,55025,122344,484.0,546695.0
2022-03-05,Dane,Wisconsin,55025,122344,484.0,546695.0
2022-03-06,Dane,Wisconsin,55025,122344,484.0,546695.0
2022-03-07,Dane,Wisconsin,55025,122531,488.0,546695.0
2022-03-08,Dane,Wisconsin,55025,122574,489.0,546695.0
2022-03-09,Dane,Wisconsin,55025,122671,491.0,546695.0
2022-03-10,Dane,Wisconsin,55025,122746,491.0,546695.0
2022-03-11,Dane,Wisconsin,55025,122823,490.0,546695.0
2022-03-12,Dane,Wisconsin,55025,122823,490.0,546695.0
2022-03-13,Dane,Wisconsin,55025,122823,490.0,546695.0
2022-03-14,Dane,Wisconsin,55025,122935,491.0,546695.0
2022-03-15,Dane,Wisconsin,55025,122997,493.0,546695.0
2022-03-16,Dane,Wisconsin,55025,123089,495.0,546695.0
2022-03-17,Dane,Wisconsin,55025,123175,497.0,546695.0
2022-03-18,Dane,Wisconsin,55025,123244,497.0,546695.0
2022-03-19,Dane,Wisconsin,55025,123244,497.0,546695.0
2022-03-20,Dane,Wisconsin,55025,123244,497.0,546695.0
2022-03-21,Dane,Wisconsin,55025,123400,498.0,546695.0
2022-03-22,Dane,Wisconsin,55025,123451,498.0,546695.0
2022-03-23,Dane,Wisconsin,55025,123552,500.0,546695.0
2022-03-24,Dane,Wisconsin,55025,123653,500.0,546695.0
2022-03-25,Dane,Wisconsin,55025,123753,502.0,546695.0
2022-03-26,Dane,Wisconsin,55025,123753,502.0,546695.0
2022-03-27,Dane,Wisconsin,55025,123753,502.0,546695.0
2022-03-28,Dane,Wisconsin,55025,123936,502.0,546695.0
2022-03-29,Dane,Wisconsin,55025,124034,502.0,546695.0
2022-03-30,Dane,Wisconsin,55025,124182,502.0,546695.0
2022-03-31,Dane,Wisconsin,55025,124293,502.0,546695.0
2022-04-01,Dane,Wisconsin,55025,124422,503.0,546695.0
2022-04-02,Dane,Wisconsin,55025,124422,503.0,546695.0
2022-04-03,Dane,Wisconsin,55025,124422,503.0,546695.0
2022-04-04,Dane,Wisconsin,55025,124691,503.0,546695.0
2022-04-05,Dane,Wisconsin,55025,124740,505.0,546695.0
2022-04-06,Dane,Wisconsin,55025,124940,505.0,546695.0
2022-04-07,Dane,Wisconsin,55025,125014,506.0,546695.0
2022-04-08,Dane,Wisconsin,55025,125315,506.0,546695.0
2022-04-09,Dane,Wisconsin,55025,125315,506.0,546695.0
2022-04-10,Dane,Wisconsin,55025,125315,506.0,546695.0
2022-04-11,Dane,Wisconsin,55025,125613,507.0,546695.0
2022-04-12,Dane,Wisconsin,55025,125755,507.0,546695.0
2022-04-13,Dane,Wisconsin,55025,125944,507.0,546695.0
2022-04-14,Dane,Wisconsin,55025,126142,507.0,546695.0
2022-04-15,Dane,Wisconsin,55025,126317,507.0,546695.0
2022-04-16,Dane,Wisconsin,55025,126317,507.0,546695.0
2022-04-17,Dane,Wisconsin,55025,126317,507.0,546695.0
2022-04-18,Dane,Wisconsin,55025,126675,508.0,546695.0
2022-04-19,Dane,Wisconsin,55025,126762,508.0,546695.0
2022-04-20,Dane,Wisconsin,55025,127141,509.0,546695.0
2022-04-21,Dane,Wisconsin,55025,127449,509.0,546695.0
2022-04-22,Dane,Wisconsin,55025,127716,509.0,546695.0
2022-04-23,Dane,Wisconsin,55025,127716,509.0,546695.0
2022-04-24,Dane,Wisconsin,55025,127716,509.0,546695.0
2022-04-25,Dane,Wisconsin,55025,128380,509.0,546695.0
2022-04-26,Dane,Wisconsin,55025,128504,509.0,546695.0
2022-04-27,Dane,Wisconsin,55025,128805,509.0,546695.0
2022-04-28,Dane,Wisconsin,55025,129179,509.0,546695.0
2022-04-29,Dane,Wisconsin,55025,129500,509.0,546695.0
2022-04-30,Dane,Wisconsin,55025,129500,509.0,546695.0
2021-12-01,Dunn,Wisconsin,55033,8452,52.0,45368.0
2021-12-02,Dunn,Wisconsin,55033,8571,53.0,45368.0
2021-12-03,Dunn,Wisconsin,55033,8608,53.0,45368.0
2021-12-04,Dunn,Wisconsin,55033,8608,53.0,45368.0
2021-12-05,Dunn,Wisconsin,55033,8608,53.0,45368.0
2021-12-06,Dunn,Wisconsin,55033,8608,53.0,45368.0
2021-12-07,Dunn,Wisconsin,55033,8608,53.0,45368.0
2021-12-08,Dunn,Wisconsin,55033,8751,53.0,45368.0
2021-12-09,Dunn,Wisconsin,55033,8806,53.0,45368.0
2021-12-10,Dunn,Wisconsin,55033,8905,53.0,45368.0
2021-12-11,Dunn,Wisconsin,55033,8905,53.0,45368.0
2021-12-12,Dunn,Wisconsin,55033,8905,53.0,45368.0
2021-12-13,Dunn,Wisconsin,55033,9013,53.0,45368.0
2021-12-14,Dunn,Wisconsin,55033,9029,54.0,45368.0
2021-12-15,Dunn,Wisconsin,55033,9100,55.0,45368.0
2021-12-16,Dunn,Wisconsin,55033,9139,55.0,45368.0
2021-12-17,Dunn,Wisconsin,55033,9176,55.0,45368.0
2021-12-18,Dunn,Wisconsin,55033,9176,55.0,45368.0
2021-12-19,Dunn,Wisconsin,55033,9176,55.0,45368.0
2021-12-20,Dunn,Wisconsin,55033,9259,56.0,45368.0
2021-12-21,Dunn,Wisconsin,55033,9285,57.0,45368.0
2021-12-22,Dunn,Wisconsin,55033,9337,58.0,45368.0
2021-12-23,Dunn,Wisconsin,55033,9362,58.0,45368.0
2021-12-24,Dunn,Wisconsin,55033,9361,58.0,45368.0
2021-12-25,Dunn,Wisconsin,55033,9361,58.0,45368.0
2021-12-26,Dunn,Wisconsin,55033,9361,58.0,45368.0
2021-12-27,Dunn,Wisconsin,55033,9446,58.0,45368.0
2021-12-28,Dunn,Wisconsin,55033,9479,58.0,45368.0
2021-12-29,Dunn,Wisconsin,55033,9504,59.0,45368.0
2021-12-30,Dunn,Wisconsin,55033,9556,60.0,45368.0
2021-12-31,Dunn,Wisconsin,55033,9592,61.0,45368.0
2022-01-01,Dunn,Wisconsin,55033,9592,61.0,45368.0
2022-01-02,Dunn,Wisconsin,55033,9592,61.0,45368.0
2022-01-03,Dunn,Wisconsin,55033,9652,62.0,45368.0
2022-01-04,Dunn,Wisconsin,55033,9725,62.0,45368.0
2022-01-05,Dunn,Wisconsin,55033,9805,63.0,45368.0
2022-01-06,Dunn,Wisconsin,55033,9869,63.0,45368.0
2022-01-07,Dunn,Wisconsin,55033,9970,63.0,45368.0
2022-01-08,Dunn,Wisconsin,55033,9970,63.0,45368.0
2022-01-09,Dunn,Wisconsin,55033,9970,63.0,45368.0
2022-01-10,Dunn,Wisconsin,55033,10247,63.0,45368.0
2022-01-11,Dunn,Wisconsin,55033,10352,63.0,45368.0
2022-01-12,Dunn,Wisconsin,55033,10457,63.0,45368.0
2022-01-13,Dunn,Wisconsin,55033,10728,63.0,45368.0
2022-01-14,Dunn,Wisconsin,55033,10923,63.0,45368.0
2022-01-15,Dunn,Wisconsin,55033,10923,63.0,45368.0
2022-01-16,Dunn,Wisconsin,55033,10923,63.0,45368.0
2022-01-17,Dunn,Wisconsin,55033,11249,63.0,45368.0
2022-01-18,Dunn,Wisconsin,55033,11296,63.0,45368.0
2022-01-19,Dunn,Wisconsin,55033,11486,63.0,45368.0
2022-01-20,Dunn,Wisconsin,55033,11613,63.0,45368.0
2022-01-21,Dunn,Wisconsin,55033,11815,63.0,45368.0
2022-01-22,Dunn,Wisconsin,55033,11815,63.0,45368.0
2022-01-23,Dunn,Wisconsin,55033,11815,63.0,45368.0
2022-01-24,Dunn,Wisconsin,55033,12058,63.0,45368.0
2022-01-25,Dunn,Wisconsin,55033,12134,63.0,45368.0
2022-01-26,Dunn,Wisconsin,55033,12227,63.0,45368.0
2022-01-27,Dunn,Wisconsin,55033,12327,63.0,45368.0
2022-01-28,Dunn,Wisconsin,55033,12419,65.0,45368.0
2022-01-29,Dunn,Wisconsin,55033,12419,65.0,45368.0
2022-01-30,Dunn,Wisconsin,55033,12419,65.0,45368.0
2022-01-31,Dunn,Wisconsin,55033,12573,65.0,45368.0
2022-02-01,Dunn,Wisconsin,55033,12614,66.0,45368.0
2022-02-02,Dunn,Wisconsin,55033,12673,66.0,45368.0
2022-02-03,Dunn,Wisconsin,55033,12728,66.0,45368.0
2022-02-04,Dunn,Wisconsin,55033,12788,66.0,45368.0
2022-02-05,Dunn,Wisconsin,55033,12788,66.0,45368.0
2022-02-06,Dunn,Wisconsin,55033,12788,66.0,45368.0
2022-02-07,Dunn,Wisconsin,55033,12862,66.0,45368.0
2022-02-08,Dunn,Wisconsin,55033,12878,66.0,45368.0
2022-02-09,Dunn,Wisconsin,55033,12930,66.0,45368.0
2022-02-10,Dunn,Wisconsin,55033,12961,66.0,45368.0
2022-02-11,Dunn,Wisconsin,55033,12988,66.0,45368.0
2022-02-12,Dunn,Wisconsin,55033,12988,66.0,45368.0
2022-02-13,Dunn,Wisconsin,55033,12988,66.0,45368.0
2022-02-14,Dunn,Wisconsin,55033,13025,66.0,45368.0
2022-02-15,Dunn,Wisconsin,55033,13044,66.0,45368.0
2022-02-16,Dunn,Wisconsin,55033,13047,65.0,45368.0
2022-02-17,Dunn,Wisconsin,55033,13069,66.0,45368.0
2022-02-18,Dunn,Wisconsin,55033,13082,66.0,45368.0
2022-02-19,Dunn,Wisconsin,55033,13082,66.0,45368.0
2022-02-20,Dunn,Wisconsin,55033,13082,66.0,45368.0
2022-02-21,Dunn,Wisconsin,55033,13112,67.0,45368.0
2022-02-22,Dunn,Wisconsin,55033,13122,67.0,45368.0
2022-02-23,Dunn,Wisconsin,55033,13137,68.0,45368.0
2022-02-24,Dunn,Wisconsin,55033,13153,69.0,45368.0
2022-02-25,Dunn,Wisconsin,55033,13158,69.0,45368.0
2022-02-26,Dunn,Wisconsin,55033,13158,69.0,45368.0
2022-02-27,Dunn,Wisconsin,55033,13158,69.0,45368.0
2022-02-28,Dunn,Wisconsin,55033,13173,69.0,45368.0
2022-03-01,Dunn,Wisconsin,55033,13181,69.0,45368.0
2022-03-02,Dunn,Wisconsin,55033,13188,70.0,45368.0
2022-03-03,Dunn,Wisconsin,55033,13197,70.0,45368.0
2022-03-04,Dunn,Wisconsin,55033,13204,70.0,45368.0
2022-03-05,Dunn,Wisconsin,55033,13204,70.0,45368.0
2022-03-06,Dunn,Wisconsin,55033,13204,70.0,45368.0
2022-03-07,Dunn,Wisconsin,55033,13217,70.0,45368.0
2022-03-08,Dunn,Wisconsin,55033,13218,70.0,45368.0
2022-03-09,Dunn,Wisconsin,55033,13220,70.0,45368.0
2022-03-10,Dunn,Wisconsin,55033,13220,70.0,45368.0
2022-03-11,Dunn,Wisconsin,55033,13223,71.0,45368.0
2022-03-12,Dunn,Wisconsin,55033,13223,71.0,45368.0
2022-03-13,Dunn,Wisconsin,55033,13223,71.0,45368.0
2022-03-14,Dunn,Wisconsin,55033,13223,71.0,45368.0
2022-03-15,Dunn,Wisconsin,55033,13227,71.0,45368.0
2022-03-16,Dunn,Wisconsin,55033,13228,71.0,45368.0
2022-03-17,Dunn,Wisconsin,55033,13230,71.0,45368.0
2022-03-18,Dunn,Wisconsin,55033,13232,71.0,45368.0
2022-03-19,Dunn,Wisconsin,55033,13232,71.0,45368.0
2022-03-20,Dunn,Wisconsin,55033,13232,71.0,45368.0
2022-03-21,Dunn,Wisconsin,55033,13242,71.0,45368.0
2022-03-22,Dunn,Wisconsin,55033,13243,71.0,45368.0
2022-03-23,Dunn,Wisconsin,55033,13243,72.0,45368.0
2022-03-24,Dunn,Wisconsin,55033,13245,72.0,45368.0
2022-03-25,Dunn,Wisconsin,55033,13248,73.0,45368.0
2022-03-26,Dunn,Wisconsin,55033,13248,73.0,45368.0
2022-03-27,Dunn,Wisconsin,55033,13248,73.0,45368.0
2022-03-28,Dunn,Wisconsin,55033,13250,74.0,45368.0
2022-03-29,Dunn,Wisconsin,55033,13251,74.0,45368.0
2022-03-30,Dunn,Wisconsin,55033,13259,74.0,45368.0
2022-03-31,Dunn,Wisconsin,55033,13264,74.0,45368.0
2022-04-01,Dunn,Wisconsin,55033,13267,74.0,45368.0
2022-04-02,Dunn,Wisconsin,55033,13267,74.0,45368.0
2022-04-03,Dunn,Wisconsin,55033,13267,74.0,45368.0
2022-04-04,Dunn,Wisconsin,55033,13270,74.0,45368.0
2022-04-05,Dunn,Wisconsin,55033,13271,75.0,45368.0
2022-04-06,Dunn,Wisconsin,55033,13274,75.0,45368.0
2022-04-07,Dunn,Wisconsin,55033,13277,75.0,45368.0
2022-04-08,Dunn,Wisconsin,55033,13285,75.0,45368.0
2022-04-09,Dunn,Wisconsin,55033,13285,75.0,45368.0
2022-04-10,Dunn,Wisconsin,55033,13285,75.0,45368.0
2022-04-11,Dunn,Wisconsin,55033,13291,75.0,45368.0
2022-04-12,Dunn,Wisconsin,55033,13299,75.0,45368.0
2022-04-13,Dunn,Wisconsin,55033,13303,75.0,45368.0
2022-04-14,Dunn,Wisconsin,55033,13303,75.0,45368.0
2022-04-15,Dunn,Wisconsin,55033,13309,75.0,45368.0
2022-04-16,Dunn,Wisconsin,55033,13309,75.0,45368.0
2022-04-17,Dunn,Wisconsin,55033,13309,75.0,45368.0
2022-04-18,Dunn,Wisconsin,55033,13316,75.0,45368.0
2022-04-19,Dunn,Wisconsin,55033,13323,75.0,45368.0
2022-04-20,Dunn,Wisconsin,55033,13334,75.0,45368.0
2022-04-21,Dunn,Wisconsin,55033,13348,75.0,45368.0
2022-04-22,Dunn,Wisconsin,55033,13354,75.0,45368.0
2022-04-23,Dunn,Wisconsin,55033,13354,75.0,45368.0
2022-04-24,Dunn,Wisconsin,55033,13354,75.0,45368.0
2022-04-25,Dunn,Wisconsin,55033,13362,75.0,45368.0
2022-04-26,Dunn,Wisconsin,55033,13367,75.0,45368.0
2022-04-27,Dunn,Wisconsin,55033,13377,75.0,45368.0
2022-04-28,Dunn,Wisconsin,55033,13393,75.0,45368.0
2022-04-29,Dunn,Wisconsin,55033,13413,75.0,45368.0
2022-04-30,Dunn,Wisconsin,55033,13413,75.0,45368.0
2021-12-01,Eau Claire,Wisconsin,55035,18661,152.0,104646.0
2021-12-02,Eau Claire,Wisconsin,55035,18770,152.0,104646.0
2021-12-03,Eau Claire,Wisconsin,55035,18880,152.0,104646.0
2021-12-04,Eau Claire,Wisconsin,55035,18880,152.0,104646.0
2021-12-05,Eau Claire,Wisconsin,55035,18880,152.0,104646.0
2021-12-06,Eau Claire,Wisconsin,55035,18880,152.0,104646.0
2021-12-07,Eau Claire,Wisconsin,55035,18880,152.0,104646.0
2021-12-08,Eau Claire,Wisconsin,55035,19129,155.0,104646.0
2021-12-09,Eau Claire,Wisconsin,55035,19242,155.0,104646.0
2021-12-10,Eau Claire,Wisconsin,55035,19369,155.0,104646.0
2021-12-11,Eau Claire,Wisconsin,55035,19369,155.0,104646.0
2021-12-12,Eau Claire,Wisconsin,55035,19369,155.0,104646.0
2021-12-13,Eau Claire,Wisconsin,55035,19519,155.0,104646.0
2021-12-14,Eau Claire,Wisconsin,55035,19581,155.0,104646.0
2021-12-15,Eau Claire,Wisconsin,55035,19680,155.0,104646.0
2021-12-16,Eau Claire,Wisconsin,55035,19743,155.0,104646.0
2021-12-17,Eau Claire,Wisconsin,55035,19831,155.0,104646.0
2021-12-18,Eau Claire,Wisconsin,55035,19831,155.0,104646.0
2021-12-19,Eau Claire,Wisconsin,55035,19831,155.0,104646.0
2021-12-20,Eau Claire,Wisconsin,55035,19966,158.0,104646.0
2021-12-21,Eau Claire,Wisconsin,55035,20029,161.0,104646.0
2021-12-22,Eau Claire,Wisconsin,55035,20114,161.0,104646.0
2021-12-23,Eau Claire,Wisconsin,55035,20223,161.0,104646.0
2021-12-24,Eau Claire,Wisconsin,55035,20328,161.0,104646.0
2021-12-25,Eau Claire,Wisconsin,55035,20328,161.0,104646.0
2021-12-26,Eau Claire,Wisconsin,55035,20328,161.0,104646.0
2021-12-27,Eau Claire,Wisconsin,55035,20406,161.0,104646.0
2021-12-28,Eau Claire,Wisconsin,55035,20542,161.0,104646.0
2021-12-29,Eau Claire,Wisconsin,55035,20660,162.0,104646.0
2021-12-30,Eau Claire,Wisconsin,55035,20827,163.0,104646.0
2021-12-31,Eau Claire,Wisconsin,55035,20995,163.0,104646.0
2022-01-01,Eau Claire,Wisconsin,55035,20995,163.0,104646.0
2022-01-02,Eau Claire,Wisconsin,55035,20995,163.0,104646.0
2022-01-03,Eau Claire,Wisconsin,55035,21073,163.0,104646.0
2022-01-04,Eau Claire,Wisconsin,55035,21339,163.0,104646.0
2022-01-05,Eau Claire,Wisconsin,55035,21552,163.0,104646.0
2022-01-06,Eau Claire,Wisconsin,55035,21894,163.0,104646.0
2022-01-07,Eau Claire,Wisconsin,55035,22214,163.0,104646.0
2022-01-08,Eau Claire,Wisconsin,55035,22214,163.0,104646.0
2022-01-09,Eau Claire,Wisconsin,55035,22214,163.0,104646.0
2022-01-10,Eau Claire,Wisconsin,55035,22772,165.0,104646.0
2022-01-11,Eau Claire,Wisconsin,55035,23220,166.0,104646.0
2022-01-12,Eau Claire,Wisconsin,55035,23451,166.0,104646.0
2022-01-13,Eau Claire,Wisconsin,55035,23931,166.0,104646.0
2022-01-14,Eau Claire,Wisconsin,55035,24508,169.0,104646.0
2022-01-15,Eau Claire,Wisconsin,55035,24508,169.0,104646.0
2022-01-16,Eau Claire,Wisconsin,55035,24508,169.0,104646.0
2022-01-17,Eau Claire,Wisconsin,55035,25290,169.0,104646.0
2022-01-18,Eau Claire,Wisconsin,55035,25492,169.0,104646.0
2022-01-19,Eau Claire,Wisconsin,55035,25835,169.0,104646.0
2022-01-20,Eau Claire,Wisconsin,55035,26270,170.0,104646.0
2022-01-21,Eau Claire,Wisconsin,55035,26588,170.0,104646.0
2022-01-22,Eau Claire,Wisconsin,55035,26588,170.0,104646.0
2022-01-23,Eau Claire,Wisconsin,55035,26588,170.0,104646.0
2022-01-24,Eau Claire,Wisconsin,55035,27247,170.0,104646.0
2022-01-25,Eau Claire,Wisconsin,55035,27461,171.0,104646.0
2022-01-26,Eau Claire,Wisconsin,55035,27607,171.0,104646.0
2022-01-27,Eau Claire,Wisconsin,55035,27857,171.0,104646.0
2022-01-28,Eau Claire,Wisconsin,55035,28046,171.0,104646.0
2022-01-29,Eau Claire,Wisconsin,55035,28046,171.0,104646.0
2022-01-30,Eau Claire,Wisconsin,55035,28046,171.0,104646.0
2022-01-31,Eau Claire,Wisconsin,55035,28417,172.0,104646.0
2022-02-01,Eau Claire,Wisconsin,55035,28521,172.0,104646.0
2022-02-02,Eau Claire,Wisconsin,55035,28623,172.0,104646.0
2022-02-03,Eau Claire,Wisconsin,55035,28778,172.0,104646.0
2022-02-04,Eau Claire,Wisconsin,55035,28872,172.0,104646.0
2022-02-05,Eau Claire,Wisconsin,55035,28872,172.0,104646.0
2022-02-06,Eau Claire,Wisconsin,55035,28872,172.0,104646.0
2022-02-07,Eau Claire,Wisconsin,55035,29056,173.0,104646.0
2022-02-08,Eau Claire,Wisconsin,55035,29117,175.0,104646.0
2022-02-09,Eau Claire,Wisconsin,55035,29220,176.0,104646.0
2022-02-10,Eau Claire,Wisconsin,55035,29264,176.0,104646.0
2022-02-11,Eau Claire,Wisconsin,55035,29339,176.0,104646.0
2022-02-12,Eau Claire,Wisconsin,55035,29339,176.0,104646.0
2022-02-13,Eau Claire,Wisconsin,55035,29339,176.0,104646.0
2022-02-14,Eau Claire,Wisconsin,55035,29466,176.0,104646.0
2022-02-15,Eau Claire,Wisconsin,55035,29513,176.0,104646.0
2022-02-16,Eau Claire,Wisconsin,55035,29558,176.0,104646.0
2022-02-17,Eau Claire,Wisconsin,55035,29589,176.0,104646.0
2022-02-18,Eau Claire,Wisconsin,55035,29609,175.0,104646.0
2022-02-19,Eau Claire,Wisconsin,55035,29609,175.0,104646.0
2022-02-20,Eau Claire,Wisconsin,55035,29609,175.0,104646.0
2022-02-21,Eau Claire,Wisconsin,55035,29654,175.0,104646.0
2022-02-22,Eau Claire,Wisconsin,55035,29677,175.0,104646.0
2022-02-23,Eau Claire,Wisconsin,55035,29703,177.0,104646.0
2022-02-24,Eau Claire,Wisconsin,55035,29724,177.0,104646.0
2022-02-25,Eau Claire,Wisconsin,55035,29747,177.0,104646.0
2022-02-26,Eau Claire,Wisconsin,55035,29747,177.0,104646.0
2022-02-27,Eau Claire,Wisconsin,55035,29747,177.0,104646.0
2022-02-28,Eau Claire,Wisconsin,55035,29771,177.0,104646.0
2022-03-01,Eau Claire,Wisconsin,55035,29782,178.0,104646.0
2022-03-02,Eau Claire,Wisconsin,55035,29811,178.0,104646.0
2022-03-03,Eau Claire,Wisconsin,55035,29827,178.0,104646.0
2022-03-04,Eau Claire,Wisconsin,55035,29840,178.0,104646.0
2022-03-05,Eau Claire,Wisconsin,55035,29840,178.0,104646.0
2022-03-06,Eau Claire,Wisconsin,55035,29840,178.0,104646.0
2022-03-07,Eau Claire,Wisconsin,55035,29869,178.0,104646.0
2022-03-08,Eau Claire,Wisconsin,55035,29889,179.0,104646.0
2022-03-09,Eau Claire,Wisconsin,55035,29897,180.0,104646.0
2022-03-10,Eau Claire,Wisconsin,55035,29908,180.0,104646.0
2022-03-11,Eau Claire,Wisconsin,55035,29918,180.0,104646.0
2022-03-12,Eau Claire,Wisconsin,55035,29918,180.0,104646.0
2022-03-13,Eau Claire,Wisconsin,55035,29918,180.0,104646.0
2022-03-14,Eau Claire,Wisconsin,55035,29931,182.0,104646.0
2022-03-15,Eau Claire,Wisconsin,55035,29945,182.0,104646.0
2022-03-16,Eau Claire,Wisconsin,55035,29955,182.0,104646.0
2022-03-17,Eau Claire,Wisconsin,55035,29963,182.0,104646.0
2022-03-18,Eau Claire,Wisconsin,55035,29970,182.0,104646.0
2022-03-19,Eau Claire,Wisconsin,55035,29970,182.0,104646.0
2022-03-20,Eau Claire,Wisconsin,55035,29970,182.0,104646.0
2022-03-21,Eau Claire,Wisconsin,55035,29991,183.0,104646.0
2022-03-22,Eau Claire,Wisconsin,55035,30003,183.0,104646.0
2022-03-23,Eau Claire,Wisconsin,55035,30007,183.0,104646.0
2022-03-24,Eau Claire,Wisconsin,55035,30016,183.0,104646.0
2022-03-25,Eau Claire,Wisconsin,55035,30022,183.0,104646.0
2022-03-26,Eau Claire,Wisconsin,55035,30022,183.0,104646.0
2022-03-27,Eau Claire,Wisconsin,55035,30022,183.0,104646.0
2022-03-28,Eau Claire,Wisconsin,55035,30042,185.0,104646.0
2022-03-29,Eau Claire,Wisconsin,55035,30055,185.0,104646.0
2022-03-30,Eau Claire,Wisconsin,55035,30065,185.0,104646.0
2022-03-31,Eau Claire,Wisconsin,55035,30074,185.0,104646.0
2022-04-01,Eau Claire,Wisconsin,55035,30083,185.0,104646.0
2022-04-02,Eau Claire,Wisconsin,55035,30083,185.0,104646.0
2022-04-03,Eau Claire,Wisconsin,55035,30083,185.0,104646.0
2022-04-04,Eau Claire,Wisconsin,55035,30097,185.0,104646.0
2022-04-05,Eau Claire,Wisconsin,55035,30112,185.0,104646.0
2022-04-06,Eau Claire,Wisconsin,55035,30125,185.0,104646.0
2022-04-07,Eau Claire,Wisconsin,55035,30138,185.0,104646.0
2022-04-08,Eau Claire,Wisconsin,55035,30168,185.0,104646.0
2022-04-09,Eau Claire,Wisconsin,55035,30168,185.0,104646.0
2022-04-10,Eau Claire,Wisconsin,55035,30168,185.0,104646.0
2022-04-11,Eau Claire,Wisconsin,55035,30197,185.0,104646.0
2022-04-12,Eau Claire,Wisconsin,55035,30210,185.0,104646.0
2022-04-13,Eau Claire,Wisconsin,55035,30235,185.0,104646.0
2022-04-14,Eau Claire,Wisconsin,55035,30256,185.0,104646.0
2022-04-15,Eau Claire,Wisconsin,55035,30279,185.0,104646.0
2022-04-16,Eau Claire,Wisconsin,55035,30279,185.0,104646.0
2022-04-17,Eau Claire,Wisconsin,55035,30279,185.0,104646.0
2022-04-18,Eau Claire,Wisconsin,55035,30302,185.0,104646.0
2022-04-19,Eau Claire,Wisconsin,55035,30332,185.0,104646.0
2022-04-20,Eau Claire,Wisconsin,55035,30349,185.0,104646.0
2022-04-21,Eau Claire,Wisconsin,55035,30393,185.0,104646.0
2022-04-22,Eau Claire,Wisconsin,55035,30413,185.0,104646.0
2022-04-23,Eau Claire,Wisconsin,55035,30413,185.0,104646.0
2022-04-24,Eau Claire,Wisconsin,55035,30413,185.0,104646.0
2022-04-25,Eau Claire,Wisconsin,55035,30461,185.0,104646.0
2022-04-26,Eau Claire,Wisconsin,55035,30499,185.0,104646.0
2022-04-27,Eau Claire,Wisconsin,55035,30551,185.0,104646.0
2022-04-28,Eau Claire,Wisconsin,55035,30590,185.0,104646.0
2022-04-29,Eau Claire,Wisconsin,55035,30643,185.0,104646.0
2022-04-30,Eau Claire,Wisconsin,55035,30643,185.0,104646.0
2021-12-01,Grant,Wisconsin,55043,8510,119.0,51439.0
2021-12-02,Grant,Wisconsin,55043,8552,119.0,51439.0
2021-12-03,Grant,Wisconsin,55043,8605,121.0,51439.0
2021-12-04,Grant,Wisconsin,55043,8605,121.0,51439.0
2021-12-05,Grant,Wisconsin,55043,8605,121.0,51439.0
2021-12-06,Grant,Wisconsin,55043,8605,121.0,51439.0
2021-12-07,Grant,Wisconsin,55043,8605,121.0,51439.0
2021-12-08,Grant,Wisconsin,55043,8746,122.0,51439.0
2021-12-09,Grant,Wisconsin,55043,8835,123.0,51439.0
2021-12-10,Grant,Wisconsin,55043,8889,123.0,51439.0
2021-12-11,Grant,Wisconsin,55043,8889,123.0,51439.0
2021-12-12,Grant,Wisconsin,55043,8889,123.0,51439.0
2021-12-13,Grant,Wisconsin,55043,8966,123.0,51439.0
2021-12-14,Grant,Wisconsin,55043,9006,123.0,51439.0
2021-12-15,Grant,Wisconsin,55043,9055,123.0,51439.0
2021-12-16,Grant,Wisconsin,55043,9093,124.0,51439.0
2021-12-17,Grant,Wisconsin,55043,9123,124.0,51439.0
2021-12-18,Grant,Wisconsin,55043,9123,124.0,51439.0
2021-12-19,Grant,Wisconsin,55043,9123,124.0,51439.0
2021-12-20,Grant,Wisconsin,55043,9192,124.0,51439.0
2021-12-21,Grant,Wisconsin,55043,9220,125.0,51439.0
2021-12-22,Grant,Wisconsin,55043,9268,125.0,51439.0
2021-12-23,Grant,Wisconsin,55043,9303,125.0,51439.0
2021-12-24,Grant,Wisconsin,55043,9346,126.0,51439.0
2021-12-25,Grant,Wisconsin,55043,9346,126.0,51439.0
2021-12-26,Grant,Wisconsin,55043,9346,126.0,51439.0
2021-12-27,Grant,Wisconsin,55043,9370,126.0,51439.0
2021-12-28,Grant,Wisconsin,55043,9421,127.0,51439.0
2021-12-29,Grant,Wisconsin,55043,9460,127.0,51439.0
2021-12-30,Grant,Wisconsin,55043,9487,127.0,51439.0
2021-12-31,Grant,Wisconsin,55043,9554,127.0,51439.0
2022-01-01,Grant,Wisconsin,55043,9554,127.0,51439.0
2022-01-02,Grant,Wisconsin,55043,9554,127.0,51439.0
2022-01-03,Grant,Wisconsin,55043,9605,127.0,51439.0
2022-01-04,Grant,Wisconsin,55043,9690,128.0,51439.0
2022-01-05,Grant,Wisconsin,55043,9796,129.0,51439.0
2022-01-06,Grant,Wisconsin,55043,9875,129.0,51439.0
2022-01-07,Grant,Wisconsin,55043,9974,129.0,51439.0
2022-01-08,Grant,Wisconsin,55043,9974,129.0,51439.0
2022-01-09,Grant,Wisconsin,55043,9974,129.0,51439.0
2022-01-10,Grant,Wisconsin,55043,10160,129.0,51439.0
2022-01-11,Grant,Wisconsin,55043,10273,129.0,51439.0
2022-01-12,Grant,Wisconsin,55043,10383,129.0,51439.0
2022-01-13,Grant,Wisconsin,55043,10524,131.0,51439.0
2022-01-14,Grant,Wisconsin,55043,10644,132.0,51439.0
2022-01-15,Grant,Wisconsin,55043,10644,132.0,51439.0
2022-01-16,Grant,Wisconsin,55043,10644,132.0,51439.0
2022-01-17,Grant,Wisconsin,55043,10815,132.0,51439.0
2022-01-18,Grant,Wisconsin,55043,10899,132.0,51439.0
2022-01-19,Grant,Wisconsin,55043,11047,132.0,51439.0
2022-01-20,Grant,Wisconsin,55043,11201,132.0,51439.0
2022-01-21,Grant,Wisconsin,55043,11324,133.0,51439.0
2022-01-22,Grant,Wisconsin,55043,11324,133.0,51439.0
2022-01-23,Grant,Wisconsin,55043,11324,133.0,51439.0
2022-01-24,Grant,Wisconsin,55043,11532,133.0,51439.0
2022-01-25,Grant,Wisconsin,55043,11619,135.0,51439.0
2022-01-26,Grant,Wisconsin,55043,11710,135.0,51439.0
2022-01-27,Grant,Wisconsin,55043,11810,135.0,51439.0
2022-01-28,Grant,Wisconsin,55043,11876,135.0,51439.0
2022-01-29,Grant,Wisconsin,55043,11876,135.0,51439.0
2022-01-30,Grant,Wisconsin,55043,11876,135.0,51439.0
2022-01-31,Grant,Wisconsin,55043,11982,136.0,51439.0
2022-02-01,Grant,Wisconsin,55043,12047,137.0,51439.0
2022-02-02,Grant,Wisconsin,55043,12097,138.0,51439.0
2022-02-03,Grant,Wisconsin,55043,12144,138.0,51439.0
2022-02-04,Grant,Wisconsin,55043,12170,138.0,51439.0
2022-02-05,Grant,Wisconsin,55043,12170,138.0,51439.0
2022-02-06,Grant,Wisconsin,55043,12170,138.0,51439.0
2022-02-07,Grant,Wisconsin,55043,12235,139.0,51439.0
2022-02-08,Grant,Wisconsin,55043,12264,139.0,51439.0
2022-02-09,Grant,Wisconsin,55043,12288,139.0,51439.0
2022-02-10,Grant,Wisconsin,55043,12314,139.0,51439.0
2022-02-11,Grant,Wisconsin,55043,12335,139.0,51439.0
2022-02-12,Grant,Wisconsin,55043,12335,139.0,51439.0
2022-02-13,Grant,Wisconsin,55043,12335,139.0,51439.0
2022-02-14,Grant,Wisconsin,55043,12368,140.0,51439.0
2022-02-15,Grant,Wisconsin,55043,12387,140.0,51439.0
2022-02-16,Grant,Wisconsin,55043,12407,140.0,51439.0
2022-02-17,Grant,Wisconsin,55043,12426,140.0,51439.0
2022-02-18,Grant,Wisconsin,55043,12451,141.0,51439.0
2022-02-19,Grant,Wisconsin,55043,12451,141.0,51439.0
2022-02-20,Grant,Wisconsin,55043,12451,141.0,51439.0
2022-02-21,Grant,Wisconsin,55043,12476,141.0,51439.0
2022-02-22,Grant,Wisconsin,55043,12483,141.0,51439.0
2022-02-23,Grant,Wisconsin,55043,12495,141.0,51439.0
2022-02-24,Grant,Wisconsin,55043,12505,141.0,51439.0
2022-02-25,Grant,Wisconsin,55043,12515,141.0,51439.0
2022-02-26,Grant,Wisconsin,55043,12515,141.0,51439.0
2022-02-27,Grant,Wisconsin,55043,12515,141.0,51439.0
2022-02-28,Grant,Wisconsin,55043,12526,142.0,51439.0
2022-03-01,Grant,Wisconsin,55043,12543,142.0,51439.0
2022-03-02,Grant,Wisconsin,55043,12546,142.0,51439.0
2022-03-03,Grant,Wisconsin,55043,12549,142.0,51439.0
2022-03-04,Grant,Wisconsin,55043,12564,143.0,51439.0
2022-03-05,Grant,Wisconsin,55043,12564,143.0,51439.0
2022-03-06,Grant,Wisconsin,55043,12564,143.0,51439.0
2022-03-07,Grant,Wisconsin,55043,12584,143.0,51439.0
2022-03-08,Grant,Wisconsin,55043,12587,143.0,51439.0
2022-03-09,Grant,Wisconsin,55043,12594,143.0,51439.0
2022-03-10,Grant,Wisconsin,55043,12601,143.0,51439.0
2022-03-11,Grant,Wisconsin,55043,12605,143.0,51439.0
2022-03-12,Grant,Wisconsin,55043,12605,143.0,51439.0
2022-03-13,Grant,Wisconsin,55043,12605,143.0,51439.0
2022-03-14,Grant,Wisconsin,55043,12614,143.0,51439.0
2022-03-15,Grant,Wisconsin,55043,12617,143.0,51439.0
2022-03-16,Grant,Wisconsin,55043,12619,143.0,51439.0
2022-03-17,Grant,Wisconsin,55043,12622,143.0,51439.0
2022-03-18,Grant,Wisconsin,55043,12622,143.0,51439.0
2022-03-19,Grant,Wisconsin,55043,12622,143.0,51439.0
2022-03-20,Grant,Wisconsin,55043,12622,143.0,51439.0
2022-03-21,Grant,Wisconsin,55043,12626,143.0,51439.0
2022-03-22,Grant,Wisconsin,55043,12630,143.0,51439.0
2022-03-23,Grant,Wisconsin,55043,12632,143.0,51439.0
2022-03-24,Grant,Wisconsin,55043,12634,143.0,51439.0
2022-03-25,Grant,Wisconsin,55043,12636,143.0,51439.0
2022-03-26,Grant,Wisconsin,55043,12636,143.0,51439.0
2022-03-27,Grant,Wisconsin,55043,12636,143.0,51439.0
2022-03-28,Grant,Wisconsin,55043,12639,143.0,51439.0
2022-03-29,Grant,Wisconsin,55043,12642,143.0,51439.0
2022-03-30,Grant,Wisconsin,55043,12644,143.0,51439.0
2022-03-31,Grant,Wisconsin,55043,12646,143.0,51439.0
2022-04-01,Grant,Wisconsin,55043,12647,143.0,51439.0
2022-04-02,Grant,Wisconsin,55043,12647,143.0,51439.0
2022-04-03,Grant,Wisconsin,55043,12647,143.0,51439.0
2022-04-04,Grant,Wisconsin,55043,12649,145.0,51439.0
2022-04-05,Grant,Wisconsin,55043,12652,145.0,51439.0
2022-04-06,Grant,Wisconsin,55043,12652,145.0,51439.0
2022-04-07,Grant,Wisconsin,55043,12656,145.0,51439.0
2022-04-08,Grant,Wisconsin,55043,12654,145.0,51439.0
2022-04-09,Grant,Wisconsin,55043,12654,145.0,51439.0
2022-04-10,Grant,Wisconsin,55043,12654,145.0,51439.0
2022-04-11,Grant,Wisconsin,55043,12661,145.0,51439.0
2022-04-12,Grant,Wisconsin,55043,12663,145.0,51439.0
2022-04-13,Grant,Wisconsin,55043,12695,145.0,51439.0
2022-04-14,Grant,Wisconsin,55043,12699,145.0,51439.0
2022-04-15,Grant,Wisconsin,55043,12703,145.0,51439.0
2022-04-16,Grant,Wisconsin,55043,12703,145.0,51439.0
2022-04-17,Grant,Wisconsin,55043,12703,145.0,51439.0
2022-04-18,Grant,Wisconsin,55043,12711,145.0,51439.0
2022-04-19,Grant,Wisconsin,55043,12717,145.0,51439.0
2022-04-20,Grant,Wisconsin,55043,12731,145.0,51439.0
2022-04-21,Grant,Wisconsin,55043,12736,145.0,51439.0
2022-04-22,Grant,Wisconsin,55043,12743,145.0,51439.0
2022-04-23,Grant,Wisconsin,55043,12743,145.0,51439.0
2022-04-24,Grant,Wisconsin,55043,12743,145.0,51439.0
2022-04-25,Grant,Wisconsin,55043,12755,145.0,51439.0
2022-04-26,Grant,Wisconsin,55043,12759,145.0,51439.0
2022-04-27,Grant,Wisconsin,55043,12768,145.0,51439.0
2022-04-28,Grant,Wisconsin,55043,12779,145.0,51439.0
2022-04-29,Grant,Wisconsin,55043,12789,145.0,51439.0
2022-04-30,Grant,Wisconsin,55043,12789,145.0,51439.0
2021-12-01,La Crosse,Wisconsin,55063,19731,125.0,118016.0
2021-12-02,La Crosse,Wisconsin,55063,19850,125.0,118016.0
2021-12-03,La Crosse,Wisconsin,55063,19958,128.0,118016.0
2021-12-04,La Crosse,Wisconsin,55063,19958,128.0,118016.0
2021-12-05,La Crosse,Wisconsin,55063,19958,128.0,118016.0
2021-12-06,La Crosse,Wisconsin,55063,19958,128.0,118016.0
2021-12-07,La Crosse,Wisconsin,55063,19958,128.0,118016.0
2021-12-08,La Crosse,Wisconsin,55063,20252,128.0,118016.0
2021-12-09,La Crosse,Wisconsin,55063,20341,130.0,118016.0
2021-12-10,La Crosse,Wisconsin,55063,20509,130.0,118016.0
2021-12-11,La Crosse,Wisconsin,55063,20509,130.0,118016.0
2021-12-12,La Crosse,Wisconsin,55063,20509,130.0,118016.0
2021-12-13,La Crosse,Wisconsin,55063,20736,134.0,118016.0
2021-12-14,La Crosse,Wisconsin,55063,20778,134.0,118016.0
2021-12-15,La Crosse,Wisconsin,55063,20868,136.0,118016.0
2021-12-16,La Crosse,Wisconsin,55063,20961,137.0,118016.0
2021-12-17,La Crosse,Wisconsin,55063,21046,139.0,118016.0
2021-12-18,La Crosse,Wisconsin,55063,21046,139.0,118016.0
2021-12-19,La Crosse,Wisconsin,55063,21046,139.0,118016.0
2021-12-20,La Crosse,Wisconsin,55063,21191,139.0,118016.0
2021-12-21,La Crosse,Wisconsin,55063,21257,139.0,118016.0
2021-12-22,La Crosse,Wisconsin,55063,21421,139.0,118016.0
2021-12-23,La Crosse,Wisconsin,55063,21507,139.0,118016.0
2021-12-24,La Crosse,Wisconsin,55063,21664,139.0,118016.0
2021-12-25,La Crosse,Wisconsin,55063,21664,139.0,118016.0
2021-12-26,La Crosse,Wisconsin,55063,21664,139.0,118016.0
2021-12-27,La Crosse,Wisconsin,55063,21797,139.0,118016.0
2021-12-28,La Crosse,Wisconsin,55063,21895,139.0,118016.0
2021-12-29,La Crosse,Wisconsin,55063,22106,139.0,118016.0
2021-12-30,La Crosse,Wisconsin,55063,22210,139.0,118016.0
2021-12-31,La Crosse,Wisconsin,55063,22297,139.0,118016.0
2022-01-01,La Crosse,Wisconsin,55063,22297,139.0,118016.0
2022-01-02,La Crosse,Wisconsin,55063,22297,139.0,118016.0
2022-01-03,La Crosse,Wisconsin,55063,22639,139.0,118016.0
2022-01-04,La Crosse,Wisconsin,55063,23040,139.0,118016.0
2022-01-05,La Crosse,Wisconsin,55063,23510,139.0,118016.0
2022-01-06,La Crosse,Wisconsin,55063,23904,139.0,118016.0
2022-01-07,La Crosse,Wisconsin,55063,24320,141.0,118016.0
2022-01-08,La Crosse,Wisconsin,55063,24320,141.0,118016.0
2022-01-09,La Crosse,Wisconsin,55063,24320,141.0,118016.0
2022-01-10,La Crosse,Wisconsin,55063,25192,141.0,118016.0
2022-01-11,La Crosse,Wisconsin,55063,25431,141.0,118016.0
2022-01-12,La Crosse,Wisconsin,55063,25899,142.0,118016.0
2022-01-13,La Crosse,Wisconsin,55063,26579,143.0,118016.0
2022-01-14,La Crosse,Wisconsin,55063,27413,143.0,118016.0
2022-01-15,La Crosse,Wisconsin,55063,27413,143.0,118016.0
2022-01-16,La Crosse,Wisconsin,55063,27413,143.0,118016.0
2022-01-17,La Crosse,Wisconsin,55063,28345,145.0,118016.0
2022-01-18,La Crosse,Wisconsin,55063,28645,146.0,118016.0
2022-01-19,La Crosse,Wisconsin,55063,29151,146.0,118016.0
2022-01-20,La Crosse,Wisconsin,55063,29788,147.0,118016.0
2022-01-21,La Crosse,Wisconsin,55063,30327,149.0,118016.0
2022-01-22,La Crosse,Wisconsin,55063,30327,149.0,118016.0
2022-01-23,La Crosse,Wisconsin,55063,30327,149.0,118016.0
2022-01-24,La Crosse,Wisconsin,55063,30933,150.0,118016.0
2022-01-25,La Crosse,Wisconsin,55063,31325,150.0,118016.0
2022-01-26,La Crosse,Wisconsin,55063,31600,151.0,118016.0
2022-01-27,La Crosse,Wisconsin,55063,31875,151.0,118016.0
2022-01-28,La Crosse,Wisconsin,55063,32100,151.0,118016.0
2022-01-29,La Crosse,Wisconsin,55063,32100,151.0,118016.0
2022-01-30,La Crosse,Wisconsin,55063,32100,151.0,118016.0
2022-01-31,La Crosse,Wisconsin,55063,32379,152.0,118016.0
2022-02-01,La Crosse,Wisconsin,55063,32571,153.0,118016.0
2022-02-02,La Crosse,Wisconsin,55063,32708,154.0,118016.0
2022-02-03,La Crosse,Wisconsin,55063,32908,154.0,118016.0
2022-02-04,La Crosse,Wisconsin,55063,33007,155.0,118016.0
2022-02-05,La Crosse,Wisconsin,55063,33007,155.0,118016.0
2022-02-06,La Crosse,Wisconsin,55063,33007,155.0,118016.0
2022-02-07,La Crosse,Wisconsin,55063,33183,156.0,118016.0
2022-02-08,La Crosse,Wisconsin,55063,33279,156.0,118016.0
2022-02-09,La Crosse,Wisconsin,55063,33395,156.0,118016.0
2022-02-10,La Crosse,Wisconsin,55063,33494,159.0,118016.0
2022-02-11,La Crosse,Wisconsin,55063,33563,161.0,118016.0
2022-02-12,La Crosse,Wisconsin,55063,33563,161.0,118016.0
2022-02-13,La Crosse,Wisconsin,55063,33563,161.0,118016.0
2022-02-14,La Crosse,Wisconsin,55063,33694,162.0,118016.0
2022-02-15,La Crosse,Wisconsin,55063,33746,162.0,118016.0
2022-02-16,La Crosse,Wisconsin,55063,33790,163.0,118016.0
2022-02-17,La Crosse,Wisconsin,55063,33837,163.0,118016.0
2022-02-18,La Crosse,Wisconsin,55063,33877,163.0,118016.0
2022-02-19,La Crosse,Wisconsin,55063,33877,163.0,118016.0
2022-02-20,La Crosse,Wisconsin,55063,33877,163.0,118016.0
2022-02-21,La Crosse,Wisconsin,55063,33928,163.0,118016.0
2022-02-22,La Crosse,Wisconsin,55063,33971,163.0,118016.0
2022-02-23,La Crosse,Wisconsin,55063,33996,163.0,118016.0
2022-02-24,La Crosse,Wisconsin,55063,34032,163.0,118016.0
2022-02-25,La Crosse,Wisconsin,55063,34055,163.0,118016.0
2022-02-26,La Crosse,Wisconsin,55063,34055,163.0,118016.0
2022-02-27,La Crosse,Wisconsin,55063,34055,163.0,118016.0
2022-02-28,La Crosse,Wisconsin,55063,34111,164.0,118016.0
2022-03-01,La Crosse,Wisconsin,55063,34146,165.0,118016.0
2022-03-02,La Crosse,Wisconsin,55063,34174,165.0,118016.0
2022-03-03,La Crosse,Wisconsin,55063,34190,165.0,118016.0
2022-03-04,La Crosse,Wisconsin,55063,34220,165.0,118016.0
2022-03-05,La Crosse,Wisconsin,55063,34220,165.0,118016.0
2022-03-06,La Crosse,Wisconsin,55063,34220,165.0,118016.0
2022-03-07,La Crosse,Wisconsin,55063,34269,165.0,118016.0
2022-03-08,La Crosse,Wisconsin,55063,34302,166.0,118016.0
2022-03-09,La Crosse,Wisconsin,55063,34334,168.0,118016.0
2022-03-10,La Crosse,Wisconsin,55063,34369,169.0,118016.0
2022-03-11,La Crosse,Wisconsin,55063,34399,170.0,118016.0
2022-03-12,La Crosse,Wisconsin,55063,34399,170.0,118016.0
2022-03-13,La Crosse,Wisconsin,55063,34399,170.0,118016.0
2022-03-14,La Crosse,Wisconsin,55063,34432,173.0,118016.0
2022-03-15,La Crosse,Wisconsin,55063,34449,173.0,118016.0
2022-03-16,La Crosse,Wisconsin,55063,34462,173.0,118016.0
2022-03-17,La Crosse,Wisconsin,55063,34471,173.0,118016.0
2022-03-18,La Crosse,Wisconsin,55063,34484,176.0,118016.0
2022-03-19,La Crosse,Wisconsin,55063,34484,176.0,118016.0
2022-03-20,La Crosse,Wisconsin,55063,34484,176.0,118016.0
2022-03-21,La Crosse,Wisconsin,55063,34520,176.0,118016.0
2022-03-22,La Crosse,Wisconsin,55063,34542,176.0,118016.0
2022-03-23,La Crosse,Wisconsin,55063,34552,176.0,118016.0
2022-03-24,La Crosse,Wisconsin,55063,34567,177.0,118016.0
2022-03-25,La Crosse,Wisconsin,55063,34589,179.0,118016.0
2022-03-26,La Crosse,Wisconsin,55063,34589,179.0,118016.0
2022-03-27,La Crosse,Wisconsin,55063,34589,179.0,118016.0
2022-03-28,La Crosse,Wisconsin,55063,34609,181.0,118016.0
2022-03-29,La Crosse,Wisconsin,55063,34628,181.0,118016.0
2022-03-30,La Crosse,Wisconsin,55063,34637,181.0,118016.0
2022-03-31,La Crosse,Wisconsin,55063,34655,181.0,118016.0
2022-04-01,La Crosse,Wisconsin,55063,34664,181.0,118016.0
2022-04-02,La Crosse,Wisconsin,55063,34664,181.0,118016.0
2022-04-03,La Crosse,Wisconsin,55063,34664,181.0,118016.0
2022-04-04,La Crosse,Wisconsin,55063,34684,181.0,118016.0
2022-04-05,La Crosse,Wisconsin,55063,34691,181.0,118016.0
2022-04-06,La Crosse,Wisconsin,55063,34708,181.0,118016.0
2022-04-07,La Crosse,Wisconsin,55063,34717,181.0,118016.0
2022-04-08,La Crosse,Wisconsin,55063,34740,181.0,118016.0
2022-04-09,La Crosse,Wisconsin,55063,34740,181.0,118016.0
2022-04-10,La Crosse,Wisconsin,55063,34740,181.0,118016.0
2022-04-11,La Crosse,Wisconsin,55063,34778,181.0,118016.0
2022-04-12,La Crosse,Wisconsin,55063,34794,181.0,118016.0
2022-04-13,La Crosse,Wisconsin,55063,34819,181.0,118016.0
2022-04-14,La Crosse,Wisconsin,55063,34850,182.0,118016.0
2022-04-15,La Crosse,Wisconsin,55063,34861,182.0,118016.0
2022-04-16,La Crosse,Wisconsin,55063,34861,182.0,118016.0
2022-04-17,La Crosse,Wisconsin,55063,34861,182.0,118016.0
2022-04-18,La Crosse,Wisconsin,55063,34904,182.0,118016.0
2022-04-19,La Crosse,Wisconsin,55063,34914,182.0,118016.0
2022-04-20,La Crosse,Wisconsin,55063,34951,182.0,118016.0
2022-04-21,La Crosse,Wisconsin,55063,34985,182.0,118016.0
2022-04-22,La Crosse,Wisconsin,55063,35023,182.0,118016.0
2022-04-23,La Crosse,Wisconsin,55063,35023,182.0,118016.0
2022-04-24,La Crosse,Wisconsin,55063,35023,182.0,118016.0
2022-04-25,La Crosse,Wisconsin,55063,35124,182.0,118016.0
2022-04-26,La Crosse,Wisconsin,55063,35155,182.0,118016.0
2022-04-27,La Crosse,Wisconsin,55063,35206,182.0,118016.0
2022-04-28,La Crosse,Wisconsin,55063,35256,182.0,118016.0
2022-04-29,La Crosse,Wisconsin,55063,35296,182.0,118016.0
2022-04-30,La Crosse,Wisconsin,55063,35296,182.0,118016.0
2021-12-01,Outagamie,Wisconsin,55087,34985,285.0,187885.0
2021-12-02,Outagamie,Wisconsin,55087,35200,287.0,187885.0
2021-12-03,Outagamie,Wisconsin,55087,35388,289.0,187885.0
2021-12-04,Outagamie,Wisconsin,55087,35388,289.0,187885.0
2021-12-05,Outagamie,Wisconsin,55087,35388,289.0,187885.0
2021-12-06,Outagamie,Wisconsin,55087,35388,289.0,187885.0
2021-12-07,Outagamie,Wisconsin,55087,35388,289.0,187885.0
2021-12-08,Outagamie,Wisconsin,55087,35883,292.0,187885.0
2021-12-09,Outagamie,Wisconsin,55087,36105,294.0,187885.0
2021-12-10,Outagamie,Wisconsin,55087,36374,295.0,187885.0
2021-12-11,Outagamie,Wisconsin,55087,36374,295.0,187885.0
2021-12-12,Outagamie,Wisconsin,55087,36374,295.0,187885.0
2021-12-13,Outagamie,Wisconsin,55087,36657,295.0,187885.0
2021-12-14,Outagamie,Wisconsin,55087,36810,296.0,187885.0
2021-12-15,Outagamie,Wisconsin,55087,37047,296.0,187885.0
2021-12-16,Outagamie,Wisconsin,55087,37210,299.0,187885.0
2021-12-17,Outagamie,Wisconsin,55087,37349,299.0,187885.0
2021-12-18,Outagamie,Wisconsin,55087,37349,299.0,187885.0
2021-12-19,Outagamie,Wisconsin,55087,37349,299.0,187885.0
2021-12-20,Outagamie,Wisconsin,55087,37596,302.0,187885.0
2021-12-21,Outagamie,Wisconsin,55087,37674,302.0,187885.0
2021-12-22,Outagamie,Wisconsin,55087,37854,302.0,187885.0
2021-12-23,Outagamie,Wisconsin,55087,38078,302.0,187885.0
2021-12-24,Outagamie,Wisconsin,55087,38310,302.0,187885.0
2021-12-25,Outagamie,Wisconsin,55087,38310,302.0,187885.0
2021-12-26,Outagamie,Wisconsin,55087,38310,302.0,187885.0
2021-12-27,Outagamie,Wisconsin,55087,38443,302.0,187885.0
2021-12-28,Outagamie,Wisconsin,55087,38641,302.0,187885.0
2021-12-29,Outagamie,Wisconsin,55087,38868,303.0,187885.0
2021-12-30,Outagamie,Wisconsin,55087,39118,304.0,187885.0
2021-12-31,Outagamie,Wisconsin,55087,39363,304.0,187885.0
2022-01-01,Outagamie,Wisconsin,55087,39363,304.0,187885.0
2022-01-02,Outagamie,Wisconsin,55087,39363,304.0,187885.0
2022-01-03,Outagamie,Wisconsin,55087,39855,304.0,187885.0
2022-01-04,Outagamie,Wisconsin,55087,40022,307.0,187885.0
2022-01-05,Outagamie,Wisconsin,55087,40314,309.0,187885.0
2022-01-06,Outagamie,Wisconsin,55087,41016,310.0,187885.0
2022-01-07,Outagamie,Wisconsin,55087,41873,310.0,187885.0
2022-01-08,Outagamie,Wisconsin,55087,41873,310.0,187885.0
2022-01-09,Outagamie,Wisconsin,55087,41873,310.0,187885.0
2022-01-10,Outagamie,Wisconsin,55087,42911,310.0,187885.0
2022-01-11,Outagamie,Wisconsin,55087,43569,310.0,187885.0
2022-01-12,Outagamie,Wisconsin,55087,44563,311.0,187885.0
2022-01-13,Outagamie,Wisconsin,55087,45365,311.0,187885.0
2022-01-14,Outagamie,Wisconsin,55087,46593,313.0,187885.0
2022-01-15,Outagamie,Wisconsin,55087,46593,313.0,187885.0
2022-01-16,Outagamie,Wisconsin,55087,46593,313.0,187885.0
2022-01-17,Outagamie,Wisconsin,55087,47884,314.0,187885.0
2022-01-18,Outagamie,Wisconsin,55087,48178,315.0,187885.0
2022-01-19,Outagamie,Wisconsin,55087,48849,315.0,187885.0
2022-01-20,Outagamie,Wisconsin,55087,49384,315.0,187885.0
2022-01-21,Outagamie,Wisconsin,55087,49844,317.0,187885.0
2022-01-22,Outagamie,Wisconsin,55087,49844,317.0,187885.0
2022-01-23,Outagamie,Wisconsin,55087,49844,317.0,187885.0
2022-01-24,Outagamie,Wisconsin,55087,50810,320.0,187885.0
2022-01-25,Outagamie,Wisconsin,55087,51005,323.0,187885.0
2022-01-26,Outagamie,Wisconsin,55087,51302,323.0,187885.0
2022-01-27,Outagamie,Wisconsin,55087,51650,323.0,187885.0
2022-01-28,Outagamie,Wisconsin,55087,51948,327.0,187885.0
2022-01-29,Outagamie,Wisconsin,55087,51948,327.0,187885.0
2022-01-30,Outagamie,Wisconsin,55087,51948,327.0,187885.0
2022-01-31,Outagamie,Wisconsin,55087,52421,330.0,187885.0
2022-02-01,Outagamie,Wisconsin,55087,52529,331.0,187885.0
2022-02-02,Outagamie,Wisconsin,55087,52676,335.0,187885.0
2022-02-03,Outagamie,Wisconsin,55087,52828,335.0,187885.0
2022-02-04,Outagamie,Wisconsin,55087,52911,336.0,187885.0
2022-02-05,Outagamie,Wisconsin,55087,52911,336.0,187885.0
2022-02-06,Outagamie,Wisconsin,55087,52911,336.0,187885.0
2022-02-07,Outagamie,Wisconsin,55087,53119,339.0,187885.0
2022-02-08,Outagamie,Wisconsin,55087,53185,339.0,187885.0
2022-02-09,Outagamie,Wisconsin,55087,53118,339.0,187885.0
2022-02-10,Outagamie,Wisconsin,55087,53167,340.0,187885.0
2022-02-11,Outagamie,Wisconsin,55087,53229,341.0,187885.0
2022-02-12,Outagamie,Wisconsin,55087,53229,341.0,187885.0
2022-02-13,Outagamie,Wisconsin,55087,53229,341.0,187885.0
2022-02-14,Outagamie,Wisconsin,55087,53352,342.0,187885.0
2022-02-15,Outagamie,Wisconsin,55087,53391,344.0,187885.0
2022-02-16,Outagamie,Wisconsin,55087,53443,345.0,187885.0
2022-02-17,Outagamie,Wisconsin,55087,53500,347.0,187885.0
2022-02-18,Outagamie,Wisconsin,55087,53655,347.0,187885.0
2022-02-19,Outagamie,Wisconsin,55087,53655,347.0,187885.0
2022-02-20,Outagamie,Wisconsin,55087,53655,347.0,187885.0
2022-02-21,Outagamie,Wisconsin,55087,53720,347.0,187885.0
2022-02-22,Outagamie,Wisconsin,55087,53744,347.0,187885.0
2022-02-23,Outagamie,Wisconsin,55087,53775,349.0,187885.0
2022-02-24,Outagamie,Wisconsin,55087,53805,351.0,187885.0
2022-02-25,Outagamie,Wisconsin,55087,53823,352.0,187885.0
2022-02-26,Outagamie,Wisconsin,55087,53823,352.0,187885.0
2022-02-27,Outagamie,Wisconsin,55087,53823,352.0,187885.0
2022-02-28,Outagamie,Wisconsin,55087,53871,358.0,187885.0
2022-03-01,Outagamie,Wisconsin,55087,53903,360.0,187885.0
2022-03-02,Outagamie,Wisconsin,55087,53930,363.0,187885.0
2022-03-03,Outagamie,Wisconsin,55087,53947,366.0,187885.0
2022-03-04,Outagamie,Wisconsin,55087,53953,368.0,187885.0
2022-03-05,Outagamie,Wisconsin,55087,53953,368.0,187885.0
2022-03-06,Outagamie,Wisconsin,55087,53953,368.0,187885.0
2022-03-07,Outagamie,Wisconsin,55087,53977,368.0,187885.0
2022-03-08,Outagamie,Wisconsin,55087,53982,368.0,187885.0
2022-03-09,Outagamie,Wisconsin,55087,54001,373.0,187885.0
2022-03-10,Outagamie,Wisconsin,55087,54012,374.0,187885.0
2022-03-11,Outagamie,Wisconsin,55087,54029,377.0,187885.0
2022-03-12,Outagamie,Wisconsin,55087,54029,377.0,187885.0
2022-03-13,Outagamie,Wisconsin,55087,54029,377.0,187885.0
2022-03-14,Outagamie,Wisconsin,55087,54038,379.0,187885.0
2022-03-15,Outagamie,Wisconsin,55087,54051,381.0,187885.0
2022-03-16,Outagamie,Wisconsin,55087,54060,383.0,187885.0
2022-03-17,Outagamie,Wisconsin,55087,54067,387.0,187885.0
2022-03-18,Outagamie,Wisconsin,55087,54082,390.0,187885.0
2022-03-19,Outagamie,Wisconsin,55087,54082,390.0,187885.0
2022-03-20,Outagamie,Wisconsin,55087,54082,390.0,187885.0
2022-03-21,Outagamie,Wisconsin,55087,54103,391.0,187885.0
2022-03-22,Outagamie,Wisconsin,55087,54116,391.0,187885.0
2022-03-23,Outagamie,Wisconsin,55087,54126,398.0,187885.0
2022-03-24,Outagamie,Wisconsin,55087,54133,399.0,187885.0
2022-03-25,Outagamie,Wisconsin,55087,54143,400.0,187885.0
2022-03-26,Outagamie,Wisconsin,55087,54143,400.0,187885.0
2022-03-27,Outagamie,Wisconsin,55087,54143,400.0,187885.0
2022-03-28,Outagamie,Wisconsin,55087,54163,402.0,187885.0
2022-03-29,Outagamie,Wisconsin,55087,54173,402.0,187885.0
2022-03-30,Outagamie,Wisconsin,55087,54185,402.0,187885.0
2022-03-31,Outagamie,Wisconsin,55087,54190,402.0,187885.0
2022-04-01,Outagamie,Wisconsin,55087,54199,402.0,187885.0
2022-04-02,Outagamie,Wisconsin,55087,54199,402.0,187885.0
2022-04-03,Outagamie,Wisconsin,55087,54199,402.0,187885.0
2022-04-04,Outagamie,Wisconsin,55087,54218,402.0,187885.0
2022-04-05,Outagamie,Wisconsin,55087,54226,402.0,187885.0
2022-04-06,Outagamie,Wisconsin,55087,54256,402.0,187885.0
2022-04-07,Outagamie,Wisconsin,55087,54273,403.0,187885.0
2022-04-08,Outagamie,Wisconsin,55087,54290,403.0,187885.0
2022-04-09,Outagamie,Wisconsin,55087,54290,403.0,187885.0
2022-04-10,Outagamie,Wisconsin,55087,54290,403.0,187885.0
2022-04-11,Outagamie,Wisconsin,55087,54323,403.0,187885.0
2022-04-12,Outagamie,Wisconsin,55087,54343,404.0,187885.0
2022-04-13,Outagamie,Wisconsin,55087,54359,404.0,187885.0
2022-04-14,Outagamie,Wisconsin,55087,54376,404.0,187885.0
2022-04-15,Outagamie,Wisconsin,55087,54391,404.0,187885.0
2022-04-16,Outagamie,Wisconsin,55087,54391,404.0,187885.0
2022-04-17,Outagamie,Wisconsin,55087,54391,404.0,187885.0
2022-04-18,Outagamie,Wisconsin,55087,54440,404.0,187885.0
2022-04-19,Outagamie,Wisconsin,55087,54463,404.0,187885.0
2022-04-20,Outagamie,Wisconsin,55087,54490,404.0,187885.0
2022-04-21,Outagamie,Wisconsin,55087,54538,405.0,187885.0
2022-04-22,Outagamie,Wisconsin,55087,54577,405.0,187885.0
2022-04-23,Outagamie,Wisconsin,55087,54577,405.0,187885.0
2022-04-24,Outagamie,Wisconsin,55087,54577,405.0,187885.0
2022-04-25,Outagamie,Wisconsin,55087,54656,405.0,187885.0
2022-04-26,Outagamie,Wisconsin,55087,54689,405.0,187885.0
2022-04-27,Outagamie,Wisconsin,55087,54708,405.0,187885.0
2022-04-28,Outagamie,Wisconsin,55087,54748,405.0,187885.0
2022-04-29,Outagamie,Wisconsin,55087,54779,405.0,187885.0
2022-04-30,Outagamie,Wisconsin,55087,54779,405.0,187885.0
2021-12-01,Pierce,Wisconsin,55093,7557,55.0,42754.0
2021-12-02,Pierce,Wisconsin,55093,7617,55.0,42754.0
2021-12-03,Pierce,Wisconsin,55093,7665,55.0,42754.0
2021-12-04,Pierce,Wisconsin,55093,7665,55.0,42754.0
2021-12-05,Pierce,Wisconsin,55093,7665,55.0,42754.0
2021-12-06,Pierce,Wisconsin,55093,7665,55.0,42754.0
2021-12-07,Pierce,Wisconsin,55093,7665,55.0,42754.0
2021-12-08,Pierce,Wisconsin,55093,7812,55.0,42754.0
2021-12-09,Pierce,Wisconsin,55093,7875,55.0,42754.0
2021-12-10,Pierce,Wisconsin,55093,7964,55.0,42754.0
2021-12-11,Pierce,Wisconsin,55093,7964,55.0,42754.0
2021-12-12,Pierce,Wisconsin,55093,7964,55.0,42754.0
2021-12-13,Pierce,Wisconsin,55093,8030,55.0,42754.0
2021-12-14,Pierce,Wisconsin,55093,8051,57.0,42754.0
2021-12-15,Pierce,Wisconsin,55093,8091,58.0,42754.0
2021-12-16,Pierce,Wisconsin,55093,8135,58.0,42754.0
2021-12-17,Pierce,Wisconsin,55093,8168,58.0,42754.0
2021-12-18,Pierce,Wisconsin,55093,8168,58.0,42754.0
2021-12-19,Pierce,Wisconsin,55093,8168,58.0,42754.0
2021-12-20,Pierce,Wisconsin,55093,8229,59.0,42754.0
2021-12-21,Pierce,Wisconsin,55093,8241,59.0,42754.0
2021-12-22,Pierce,Wisconsin,55093,8271,59.0,42754.0
2021-12-23,Pierce,Wisconsin,55093,8293,60.0,42754.0
2021-12-24,Pierce,Wisconsin,55093,8310,60.0,42754.0
2021-12-25,Pierce,Wisconsin,55093,8310,60.0,42754.0
2021-12-26,Pierce,Wisconsin,55093,8310,60.0,42754.0
2021-12-27,Pierce,Wisconsin,55093,8341,60.0,42754.0
2021-12-28,Pierce,Wisconsin,55093,8346,60.0,42754.0
2021-12-29,Pierce,Wisconsin,55093,8374,60.0,42754.0
2021-12-30,Pierce,Wisconsin,55093,8410,60.0,42754.0
2021-12-31,Pierce,Wisconsin,55093,8457,60.0,42754.0
2022-01-01,Pierce,Wisconsin,55093,8457,60.0,42754.0
2022-01-02,Pierce,Wisconsin,55093,8457,60.0,42754.0
2022-01-03,Pierce,Wisconsin,55093,8555,60.0,42754.0
2022-01-04,Pierce,Wisconsin,55093,8586,61.0,42754.0
2022-01-05,Pierce,Wisconsin,55093,8663,62.0,42754.0
2022-01-06,Pierce,Wisconsin,55093,8811,63.0,42754.0
2022-01-07,Pierce,Wisconsin,55093,8890,63.0,42754.0
2022-01-08,Pierce,Wisconsin,55093,8890,63.0,42754.0
2022-01-09,Pierce,Wisconsin,55093,8890,63.0,42754.0
2022-01-10,Pierce,Wisconsin,55093,9124,63.0,42754.0
2022-01-11,Pierce,Wisconsin,55093,9240,64.0,42754.0
2022-01-12,Pierce,Wisconsin,55093,9329,65.0,42754.0
2022-01-13,Pierce,Wisconsin,55093,9470,65.0,42754.0
2022-01-14,Pierce,Wisconsin,55093,9635,65.0,42754.0
2022-01-15,Pierce,Wisconsin,55093,9635,65.0,42754.0
2022-01-16,Pierce,Wisconsin,55093,9635,65.0,42754.0
2022-01-17,Pierce,Wisconsin,55093,9888,65.0,42754.0
2022-01-18,Pierce,Wisconsin,55093,9960,64.0,42754.0
2022-01-19,Pierce,Wisconsin,55093,10053,64.0,42754.0
2022-01-20,Pierce,Wisconsin,55093,10239,64.0,42754.0
2022-01-21,Pierce,Wisconsin,55093,10348,65.0,42754.0
2022-01-22,Pierce,Wisconsin,55093,10348,65.0,42754.0
2022-01-23,Pierce,Wisconsin,55093,10348,65.0,42754.0
2022-01-24,Pierce,Wisconsin,55093,10518,65.0,42754.0
2022-01-25,Pierce,Wisconsin,55093,10597,65.0,42754.0
2022-01-26,Pierce,Wisconsin,55093,10648,65.0,42754.0
2022-01-27,Pierce,Wisconsin,55093,10703,65.0,42754.0
2022-01-28,Pierce,Wisconsin,55093,10771,66.0,42754.0
2022-01-29,Pierce,Wisconsin,55093,10771,66.0,42754.0
2022-01-30,Pierce,Wisconsin,55093,10771,66.0,42754.0
2022-01-31,Pierce,Wisconsin,55093,10883,67.0,42754.0
2022-02-01,Pierce,Wisconsin,55093,10910,67.0,42754.0
2022-02-02,Pierce,Wisconsin,55093,10950,67.0,42754.0
2022-02-03,Pierce,Wisconsin,55093,11009,67.0,42754.0
2022-02-04,Pierce,Wisconsin,55093,11041,67.0,42754.0
2022-02-05,Pierce,Wisconsin,55093,11041,67.0,42754.0
2022-02-06,Pierce,Wisconsin,55093,11041,67.0,42754.0
2022-02-07,Pierce,Wisconsin,55093,11076,67.0,42754.0
2022-02-08,Pierce,Wisconsin,55093,11109,68.0,42754.0
2022-02-09,Pierce,Wisconsin,55093,11136,68.0,42754.0
2022-02-10,Pierce,Wisconsin,55093,11157,68.0,42754.0
2022-02-11,Pierce,Wisconsin,55093,11195,68.0,42754.0
2022-02-12,Pierce,Wisconsin,55093,11195,68.0,42754.0
2022-02-13,Pierce,Wisconsin,55093,11195,68.0,42754.0
2022-02-14,Pierce,Wisconsin,55093,11249,71.0,42754.0
2022-02-15,Pierce,Wisconsin,55093,11266,70.0,42754.0
2022-02-16,Pierce,Wisconsin,55093,11283,70.0,42754.0
2022-02-17,Pierce,Wisconsin,55093,11304,70.0,42754.0
2022-02-18,Pierce,Wisconsin,55093,11318,70.0,42754.0
2022-02-19,Pierce,Wisconsin,55093,11318,70.0,42754.0
2022-02-20,Pierce,Wisconsin,55093,11318,70.0,42754.0
2022-02-21,Pierce,Wisconsin,55093,11334,70.0,42754.0
2022-02-22,Pierce,Wisconsin,55093,11338,70.0,42754.0
2022-02-23,Pierce,Wisconsin,55093,11350,70.0,42754.0
2022-02-24,Pierce,Wisconsin,55093,11358,70.0,42754.0
2022-02-25,Pierce,Wisconsin,55093,11368,71.0,42754.0
2022-02-26,Pierce,Wisconsin,55093,11368,71.0,42754.0
2022-02-27,Pierce,Wisconsin,55093,11368,71.0,42754.0
2022-02-28,Pierce,Wisconsin,55093,11380,71.0,42754.0
2022-03-01,Pierce,Wisconsin,55093,11387,71.0,42754.0
2022-03-02,Pierce,Wisconsin,55093,11392,71.0,42754.0
2022-03-03,Pierce,Wisconsin,55093,11399,71.0,42754.0
2022-03-04,Pierce,Wisconsin,55093,11406,72.0,42754.0
2022-03-05,Pierce,Wisconsin,55093,11406,72.0,42754.0
2022-03-06,Pierce,Wisconsin,55093,11406,72.0,42754.0
2022-03-07,Pierce,Wisconsin,55093,11414,72.0,42754.0
2022-03-08,Pierce,Wisconsin,55093,11421,72.0,42754.0
2022-03-09,Pierce,Wisconsin,55093,11426,72.0,42754.0
2022-03-10,Pierce,Wisconsin,55093,11429,72.0,42754.0
2022-03-11,Pierce,Wisconsin,55093,11432,72.0,42754.0
2022-03-12,Pierce,Wisconsin,55093,11432,72.0,42754.0
2022-03-13,Pierce,Wisconsin,55093,11432,72.0,42754.0
2022-03-14,Pierce,Wisconsin,55093,11437,72.0,42754.0
2022-03-15,Pierce,Wisconsin,55093,11450,72.0,42754.0
2022-03-16,Pierce,Wisconsin,55093,11454,72.0,42754.0
2022-03-17,Pierce,Wisconsin,55093,11461,72.0,42754.0
2022-03-18,Pierce,Wisconsin,55093,11461,72.0,42754.0
2022-03-19,Pierce,Wisconsin,55093,11461,72.0,42754.0
2022-03-20,Pierce,Wisconsin,55093,11461,72.0,42754.0
2022-03-21,Pierce,Wisconsin,55093,11472,72.0,42754.0
2022-03-22,Pierce,Wisconsin,55093,11480,72.0,42754.0
2022-03-23,Pierce,Wisconsin,55093,11483,72.0,42754.0
2022-03-24,Pierce,Wisconsin,55093,11487,72.0,42754.0
2022-03-25,Pierce,Wisconsin,55093,11488,72.0,42754.0
2022-03-26,Pierce,Wisconsin,55093,11488,72.0,42754.0
2022-03-27,Pierce,Wisconsin,55093,11488,72.0,42754.0
2022-03-28,Pierce,Wisconsin,55093,11493,72.0,42754.0
2022-03-29,Pierce,Wisconsin,55093,11500,72.0,42754.0
2022-03-30,Pierce,Wisconsin,55093,11503,72.0,42754.0
2022-03-31,Pierce,Wisconsin,55093,11508,72.0,42754.0
2022-04-01,Pierce,Wisconsin,55093,11510,72.0,42754.0
2022-04-02,Pierce,Wisconsin,55093,11510,72.0,42754.0
2022-04-03,Pierce,Wisconsin,55093,11510,72.0,42754.0
2022-04-04,Pierce,Wisconsin,55093,11518,72.0,42754.0
2022-04-05,Pierce,Wisconsin,55093,11525,72.0,42754.0
2022-04-06,Pierce,Wisconsin,55093,11525,72.0,42754.0
2022-04-07,Pierce,Wisconsin,55093,11527,72.0,42754.0
2022-04-08,Pierce,Wisconsin,55093,11532,72.0,42754.0
2022-04-09,Pierce,Wisconsin,55093,11532,72.0,42754.0
2022-04-10,Pierce,Wisconsin,55093,11532,72.0,42754.0
2022-04-11,Pierce,Wisconsin,55093,11542,72.0,42754.0
2022-04-12,Pierce,Wisconsin,55093,11547,73.0,42754.0
2022-04-13,Pierce,Wisconsin,55093,11555,73.0,42754.0
2022-04-14,Pierce,Wisconsin,55093,11562,73.0,42754.0
2022-04-15,Pierce,Wisconsin,55093,11569,73.0,42754.0
2022-04-16,Pierce,Wisconsin,55093,11569,73.0,42754.0
2022-04-17,Pierce,Wisconsin,55093,11569,73.0,42754.0
2022-04-18,Pierce,Wisconsin,55093,11581,73.0,42754.0
2022-04-19,Pierce,Wisconsin,55093,11585,73.0,42754.0
2022-04-20,Pierce,Wisconsin,55093,11600,73.0,42754.0
2022-04-21,Pierce,Wisconsin,55093,11607,73.0,42754.0
2022-04-22,Pierce,Wisconsin,55093,11612,73.0,42754.0
2022-04-23,Pierce,Wisconsin,55093,11612,73.0,42754.0
2022-04-24,Pierce,Wisconsin,55093,11612,73.0,42754.0
2022-04-25,Pierce,Wisconsin,55093,11627,73.0,42754.0
2022-04-26,Pierce,Wisconsin,55093,11636,73.0,42754.0
2022-04-27,Pierce,Wisconsin,55093,11646,73.0,42754.0
2022-04-28,Pierce,Wisconsin,55093,11662,73.0,42754.0
2022-04-29,Pierce,Wisconsin,55093,11672,73.0,42754.0
2022-04-30,Pierce,Wisconsin,55093,11672,73.0,42754.0
2021-12-01,Portage,Wisconsin,55097,11081,109.0,70772.0
2021-12-02,Portage,Wisconsin,55097,11175,111.0,70772.0
2021-12-03,Portage,Wisconsin,55097,11248,110.0,70772.0
2021-12-04,Portage,Wisconsin,55097,11248,110.0,70772.0
2021-12-05,Portage,Wisconsin,55097,11248,110.0,70772.0
2021-12-06,Portage,Wisconsin,55097,11248,110.0,70772.0
2021-12-07,Portage,Wisconsin,55097,11248,110.0,70772.0
2021-12-08,Portage,Wisconsin,55097,11439,115.0,70772.0
2021-12-09,Portage,Wisconsin,55097,11519,118.0,70772.0
2021-12-10,Portage,Wisconsin,55097,11609,121.0,70772.0
2021-12-11,Portage,Wisconsin,55097,11609,121.0,70772.0
2021-12-12,Portage,Wisconsin,55097,11609,121.0,70772.0
2021-12-13,Portage,Wisconsin,55097,11723,121.0,70772.0
2021-12-14,Portage,Wisconsin,55097,11776,122.0,70772.0
2021-12-15,Portage,Wisconsin,55097,11824,122.0,70772.0
2021-12-16,Portage,Wisconsin,55097,11883,123.0,70772.0
2021-12-17,Portage,Wisconsin,55097,11938,125.0,70772.0
2021-12-18,Portage,Wisconsin,55097,11938,125.0,70772.0
2021-12-19,Portage,Wisconsin,55097,11938,125.0,70772.0
2021-12-20,Portage,Wisconsin,55097,12066,125.0,70772.0
2021-12-21,Portage,Wisconsin,55097,12088,125.0,70772.0
2021-12-22,Portage,Wisconsin,55097,12161,125.0,70772.0
2021-12-23,Portage,Wisconsin,55097,12244,125.0,70772.0
2021-12-24,Portage,Wisconsin,55097,12327,125.0,70772.0
2021-12-25,Portage,Wisconsin,55097,12327,125.0,70772.0
2021-12-26,Portage,Wisconsin,55097,12327,125.0,70772.0
2021-12-27,Portage,Wisconsin,55097,12451,125.0,70772.0
2021-12-28,Portage,Wisconsin,55097,12499,130.0,70772.0
2021-12-29,Portage,Wisconsin,55097,12568,130.0,70772.0
2021-12-30,Portage,Wisconsin,55097,12710,130.0,70772.0
2021-12-31,Portage,Wisconsin,55097,12870,130.0,70772.0
2022-01-01,Portage,Wisconsin,55097,12870,130.0,70772.0
2022-01-02,Portage,Wisconsin,55097,12870,130.0,70772.0
2022-01-03,Portage,Wisconsin,55097,13135,130.0,70772.0
2022-01-04,Portage,Wisconsin,55097,13256,130.0,70772.0
2022-01-05,Portage,Wisconsin,55097,13501,130.0,70772.0
2022-01-06,Portage,Wisconsin,55097,13796,130.0,70772.0
2022-01-07,Portage,Wisconsin,55097,14039,130.0,70772.0
2022-01-08,Portage,Wisconsin,55097,14039,130.0,70772.0
2022-01-09,Portage,Wisconsin,55097,14039,130.0,70772.0
2022-01-10,Portage,Wisconsin,55097,14476,130.0,70772.0
2022-01-11,Portage,Wisconsin,55097,14565,130.0,70772.0
2022-01-12,Portage,Wisconsin,55097,14927,130.0,70772.0
2022-01-13,Portage,Wisconsin,55097,15192,130.0,70772.0
2022-01-14,Portage,Wisconsin,55097,15342,134.0,70772.0
2022-01-15,Portage,Wisconsin,55097,15342,134.0,70772.0
2022-01-16,Portage,Wisconsin,55097,15342,134.0,70772.0
2022-01-17,Portage,Wisconsin,55097,15694,134.0,70772.0
2022-01-18,Portage,Wisconsin,55097,15767,134.0,70772.0
2022-01-19,Portage,Wisconsin,55097,15896,135.0,70772.0
2022-01-20,Portage,Wisconsin,55097,16144,135.0,70772.0
2022-01-21,Portage,Wisconsin,55097,16256,135.0,70772.0
2022-01-22,Portage,Wisconsin,55097,16256,135.0,70772.0
2022-01-23,Portage,Wisconsin,55097,16256,135.0,70772.0
2022-01-24,Portage,Wisconsin,55097,16520,135.0,70772.0
2022-01-25,Portage,Wisconsin,55097,16634,135.0,70772.0
2022-01-26,Portage,Wisconsin,55097,16762,137.0,70772.0
2022-01-27,Portage,Wisconsin,55097,16857,138.0,70772.0
2022-01-28,Portage,Wisconsin,55097,16951,138.0,70772.0
2022-01-29,Portage,Wisconsin,55097,16951,138.0,70772.0
2022-01-30,Portage,Wisconsin,55097,16951,138.0,70772.0
2022-01-31,Portage,Wisconsin,55097,17118,138.0,70772.0
2022-02-01,Portage,Wisconsin,55097,17166,138.0,70772.0
2022-02-02,Portage,Wisconsin,55097,17221,143.0,70772.0
2022-02-03,Portage,Wisconsin,55097,17272,146.0,70772.0
2022-02-04,Portage,Wisconsin,55097,17336,147.0,70772.0
2022-02-05,Portage,Wisconsin,55097,17336,147.0,70772.0
2022-02-06,Portage,Wisconsin,55097,17336,147.0,70772.0
2022-02-07,Portage,Wisconsin,55097,17443,147.0,70772.0
2022-02-08,Portage,Wisconsin,55097,17488,147.0,70772.0
2022-02-09,Portage,Wisconsin,55097,17526,148.0,70772.0
2022-02-10,Portage,Wisconsin,55097,17543,149.0,70772.0
2022-02-11,Portage,Wisconsin,55097,17575,149.0,70772.0
2022-02-12,Portage,Wisconsin,55097,17575,149.0,70772.0
2022-02-13,Portage,Wisconsin,55097,17575,149.0,70772.0
2022-02-14,Portage,Wisconsin,55097,17617,150.0,70772.0
2022-02-15,Portage,Wisconsin,55097,17630,150.0,70772.0
2022-02-16,Portage,Wisconsin,55097,17657,150.0,70772.0
2022-02-17,Portage,Wisconsin,55097,17677,150.0,70772.0
2022-02-18,Portage,Wisconsin,55097,17688,150.0,70772.0
2022-02-19,Portage,Wisconsin,55097,17688,150.0,70772.0
2022-02-20,Portage,Wisconsin,55097,17688,150.0,70772.0
2022-02-21,Portage,Wisconsin,55097,17720,150.0,70772.0
2022-02-22,Portage,Wisconsin,55097,17736,150.0,70772.0
2022-02-23,Portage,Wisconsin,55097,17756,150.0,70772.0
2022-02-24,Portage,Wisconsin,55097,17765,150.0,70772.0
2022-02-25,Portage,Wisconsin,55097,17771,150.0,70772.0
2022-02-26,Portage,Wisconsin,55097,17771,150.0,70772.0
2022-02-27,Portage,Wisconsin,55097,17771,150.0,70772.0
2022-02-28,Portage,Wisconsin,55097,17795,152.0,70772.0
2022-03-01,Portage,Wisconsin,55097,17802,152.0,70772.0
2022-03-02,Portage,Wisconsin,55097,17805,152.0,70772.0
2022-03-03,Portage,Wisconsin,55097,17814,152.0,70772.0
2022-03-04,Portage,Wisconsin,55097,17815,152.0,70772.0
2022-03-05,Portage,Wisconsin,55097,17815,152.0,70772.0
2022-03-06,Portage,Wisconsin,55097,17815,152.0,70772.0
2022-03-07,Portage,Wisconsin,55097,17825,153.0,70772.0
2022-03-08,Portage,Wisconsin,55097,17831,154.0,70772.0
2022-03-09,Portage,Wisconsin,55097,17838,155.0,70772.0
2022-03-10,Portage,Wisconsin,55097,17843,155.0,70772.0
2022-03-11,Portage,Wisconsin,55097,17851,156.0,70772.0
2022-03-12,Portage,Wisconsin,55097,17851,156.0,70772.0
2022-03-13,Portage,Wisconsin,55097,17851,156.0,70772.0
2022-03-14,Portage,Wisconsin,55097,17861,156.0,70772.0
2022-03-15,Portage,Wisconsin,55097,17865,156.0,70772.0
2022-03-16,Portage,Wisconsin,55097,17870,158.0,70772.0
2022-03-17,Portage,Wisconsin,55097,17877,158.0,70772.0
2022-03-18,Portage,Wisconsin,55097,17881,158.0,70772.0
2022-03-19,Portage,Wisconsin,55097,17881,158.0,70772.0
2022-03-20,Portage,Wisconsin,55097,17881,158.0,70772.0
2022-03-21,Portage,Wisconsin,55097,17885,158.0,70772.0
2022-03-22,Portage,Wisconsin,55097,17886,158.0,70772.0
2022-03-23,Portage,Wisconsin,55097,17887,159.0,70772.0
2022-03-24,Portage,Wisconsin,55097,17891,159.0,70772.0
2022-03-25,Portage,Wisconsin,55097,17895,160.0,70772.0
2022-03-26,Portage,Wisconsin,55097,17895,160.0,70772.0
2022-03-27,Portage,Wisconsin,55097,17895,160.0,70772.0
2022-03-28,Portage,Wisconsin,55097,17908,160.0,70772.0
2022-03-29,Portage,Wisconsin,55097,17911,160.0,70772.0
2022-03-30,Portage,Wisconsin,55097,17922,160.0,70772.0
2022-03-31,Portage,Wisconsin,55097,17929,160.0,70772.0
2022-04-01,Portage,Wisconsin,55097,17931,160.0,70772.0
2022-04-02,Portage,Wisconsin,55097,17931,160.0,70772.0
2022-04-03,Portage,Wisconsin,55097,17931,160.0,70772.0
2022-04-04,Portage,Wisconsin,55097,17935,159.0,70772.0
2022-04-05,Portage,Wisconsin,55097,17939,159.0,70772.0
2022-04-06,Portage,Wisconsin,55097,17942,159.0,70772.0
2022-04-07,Portage,Wisconsin,55097,17946,159.0,70772.0
2022-04-08,Portage,Wisconsin,55097,17961,159.0,70772.0
2022-04-09,Portage,Wisconsin,55097,17961,159.0,70772.0
2022-04-10,Portage,Wisconsin,55097,17961,159.0,70772.0
2022-04-11,Portage,Wisconsin,55097,17979,159.0,70772.0
2022-04-12,Portage,Wisconsin,55097,17984,159.0,70772.0
2022-04-13,Portage,Wisconsin,55097,17994,159.0,70772.0
2022-04-14,Portage,Wisconsin,55097,18012,159.0,70772.0
2022-04-15,Portage,Wisconsin,55097,18021,160.0,70772.0
2022-04-16,Portage,Wisconsin,55097,18021,160.0,70772.0
2022-04-17,Portage,Wisconsin,55097,18021,160.0,70772.0
2022-04-18,Portage,Wisconsin,55097,18049,160.0,70772.0
2022-04-19,Portage,Wisconsin,55097,18056,160.0,70772.0
2022-04-20,Portage,Wisconsin,55097,18076,160.0,70772.0
2022-04-21,Portage,Wisconsin,55097,18087,160.0,70772.0
2022-04-22,Portage,Wisconsin,55097,18101,160.0,70772.0
2022-04-23,Portage,Wisconsin,55097,18101,160.0,70772.0
2022-04-24,Portage,Wisconsin,55097,18101,160.0,70772.0
2022-04-25,Portage,Wisconsin,55097,18132,160.0,70772.0
2022-04-26,Portage,Wisconsin,55097,18138,160.0,70772.0
2022-04-27,Portage,Wisconsin,55097,18154,160.0,70772.0
2022-04-28,Portage,Wisconsin,55097,18171,160.0,70772.0
2022-04-29,Portage,Wisconsin,55097,18180,160.0,70772.0
2022-04-30,Portage,Wisconsin,55097,18180,160.0,70772.0
2021-12-01,Albany,Wyoming,56001,6836,39.0,38880.0
2021-12-02,Albany,Wyoming,56001,6847,39.0,38880.0
2021-12-03,Albany,Wyoming,56001,6859,39.0,38880.0
2021-12-04,Albany,Wyoming,56001,6859,39.0,38880.0
2021-12-05,Albany,Wyoming,56001,6859,39.0,38880.0
2021-12-06,Albany,Wyoming,56001,6872,39.0,38880.0
2021-12-07,Albany,Wyoming,56001,6874,40.0,38880.0
2021-12-08,Albany,Wyoming,56001,6879,40.0,38880.0
2021-12-09,Albany,Wyoming,56001,6885,40.0,38880.0
2021-12-10,Albany,Wyoming,56001,6888,40.0,38880.0
2021-12-11,Albany,Wyoming,56001,6888,40.0,38880.0
2021-12-12,Albany,Wyoming,56001,6888,40.0,38880.0
2021-12-13,Albany,Wyoming,56001,6892,40.0,38880.0
2021-12-14,Albany,Wyoming,56001,6898,41.0,38880.0
2021-12-15,Albany,Wyoming,56001,6905,41.0,38880.0
2021-12-16,Albany,Wyoming,56001,6908,41.0,38880.0
2021-12-17,Albany,Wyoming,56001,6909,41.0,38880.0
2021-12-18,Albany,Wyoming,56001,6909,41.0,38880.0
2021-12-19,Albany,Wyoming,56001,6909,41.0,38880.0
2021-12-20,Albany,Wyoming,56001,6915,41.0,38880.0
2021-12-21,Albany,Wyoming,56001,6920,43.0,38880.0
2021-12-22,Albany,Wyoming,56001,6924,43.0,38880.0
2021-12-23,Albany,Wyoming,56001,6934,43.0,38880.0
2021-12-24,Albany,Wyoming,56001,6934,43.0,38880.0
2021-12-25,Albany,Wyoming,56001,6934,43.0,38880.0
2021-12-26,Albany,Wyoming,56001,6934,43.0,38880.0
2021-12-27,Albany,Wyoming,56001,6958,43.0,38880.0
2021-12-28,Albany,Wyoming,56001,6985,43.0,38880.0
2021-12-29,Albany,Wyoming,56001,7018,43.0,38880.0
2021-12-30,Albany,Wyoming,56001,7048,43.0,38880.0
2021-12-31,Albany,Wyoming,56001,7048,43.0,38880.0
2022-01-01,Albany,Wyoming,56001,7048,43.0,38880.0
2022-01-02,Albany,Wyoming,56001,7048,43.0,38880.0
2022-01-03,Albany,Wyoming,56001,7150,43.0,38880.0
2022-01-04,Albany,Wyoming,56001,7249,44.0,38880.0
2022-01-05,Albany,Wyoming,56001,7358,44.0,38880.0
2022-01-06,Albany,Wyoming,56001,7463,44.0,38880.0
2022-01-07,Albany,Wyoming,56001,7535,44.0,38880.0
2022-01-08,Albany,Wyoming,56001,7535,44.0,38880.0
2022-01-09,Albany,Wyoming,56001,7535,44.0,38880.0
2022-01-10,Albany,Wyoming,56001,7759,44.0,38880.0
2022-01-11,Albany,Wyoming,56001,7838,44.0,38880.0
2022-01-12,Albany,Wyoming,56001,7940,44.0,38880.0
2022-01-13,Albany,Wyoming,56001,8091,44.0,38880.0
2022-01-14,Albany,Wyoming,56001,8171,44.0,38880.0
2022-01-15,Albany,Wyoming,56001,8171,44.0,38880.0
2022-01-16,Albany,Wyoming,56001,8171,44.0,38880.0
2022-01-17,Albany,Wyoming,56001,8171,44.0,38880.0
2022-01-18,Albany,Wyoming,56001,8415,44.0,38880.0
2022-01-19,Albany,Wyoming,56001,8544,44.0,38880.0
2022-01-20,Albany,Wyoming,56001,8655,44.0,38880.0
2022-01-21,Albany,Wyoming,56001,8775,44.0,38880.0
2022-01-22,Albany,Wyoming,56001,8775,44.0,38880.0
2022-01-23,Albany,Wyoming,56001,8775,44.0,38880.0
2022-01-24,Albany,Wyoming,56001,8897,44.0,38880.0
2022-01-25,Albany,Wyoming,56001,9005,45.0,38880.0
2022-01-26,Albany,Wyoming,56001,9126,45.0,38880.0
2022-01-27,Albany,Wyoming,56001,9226,45.0,38880.0
2022-01-28,Albany,Wyoming,56001,9262,45.0,38880.0
2022-01-29,Albany,Wyoming,56001,9262,45.0,38880.0
2022-01-30,Albany,Wyoming,56001,9262,45.0,38880.0
2022-01-31,Albany,Wyoming,56001,9397,45.0,38880.0
2022-02-01,Albany,Wyoming,56001,9427,45.0,38880.0
2022-02-02,Albany,Wyoming,56001,9467,45.0,38880.0
2022-02-03,Albany,Wyoming,56001,9499,45.0,38880.0
2022-02-04,Albany,Wyoming,56001,9561,45.0,38880.0
2022-02-05,Albany,Wyoming,56001,9561,45.0,38880.0
2022-02-06,Albany,Wyoming,56001,9561,45.0,38880.0
2022-02-07,Albany,Wyoming,56001,9595,45.0,38880.0
2022-02-08,Albany,Wyoming,56001,9607,45.0,38880.0
2022-02-09,Albany,Wyoming,56001,9644,45.0,38880.0
2022-02-10,Albany,Wyoming,56001,9669,45.0,38880.0
2022-02-11,Albany,Wyoming,56001,9691,45.0,38880.0
2022-02-12,Albany,Wyoming,56001,9691,45.0,38880.0
2022-02-13,Albany,Wyoming,56001,9691,45.0,38880.0
2022-02-14,Albany,Wyoming,56001,9712,45.0,38880.0
2022-02-15,Albany,Wyoming,56001,9720,45.0,38880.0
2022-02-16,Albany,Wyoming,56001,9741,45.0,38880.0
2022-02-17,Albany,Wyoming,56001,9750,45.0,38880.0
2022-02-18,Albany,Wyoming,56001,9757,45.0,38880.0
2022-02-19,Albany,Wyoming,56001,9757,45.0,38880.0
2022-02-20,Albany,Wyoming,56001,9757,45.0,38880.0
2022-02-21,Albany,Wyoming,56001,9757,45.0,38880.0
2022-02-22,Albany,Wyoming,56001,9773,47.0,38880.0
2022-02-23,Albany,Wyoming,56001,9782,47.0,38880.0
2022-02-24,Albany,Wyoming,56001,9787,47.0,38880.0
2022-02-25,Albany,Wyoming,56001,9797,47.0,38880.0
2022-02-26,Albany,Wyoming,56001,9797,47.0,38880.0
2022-02-27,Albany,Wyoming,56001,9797,47.0,38880.0
2022-02-28,Albany,Wyoming,56001,9808,47.0,38880.0
2022-03-01,Albany,Wyoming,56001,9811,47.0,38880.0
2022-03-02,Albany,Wyoming,56001,9818,47.0,38880.0
2022-03-03,Albany,Wyoming,56001,9825,47.0,38880.0
2022-03-04,Albany,Wyoming,56001,9827,47.0,38880.0
2022-03-05,Albany,Wyoming,56001,9827,47.0,38880.0
2022-03-06,Albany,Wyoming,56001,9827,47.0,38880.0
2022-03-07,Albany,Wyoming,56001,9831,47.0,38880.0
2022-03-08,Albany,Wyoming,56001,9833,47.0,38880.0
2022-03-09,Albany,Wyoming,56001,9835,47.0,38880.0
2022-03-10,Albany,Wyoming,56001,9845,47.0,38880.0
2022-03-11,Albany,Wyoming,56001,9846,47.0,38880.0
2022-03-12,Albany,Wyoming,56001,9846,47.0,38880.0
2022-03-13,Albany,Wyoming,56001,9846,47.0,38880.0
2022-03-14,Albany,Wyoming,56001,9846,47.0,38880.0
2022-03-15,Albany,Wyoming,56001,9847,48.0,38880.0
2022-03-16,Albany,Wyoming,56001,9847,48.0,38880.0
2022-03-17,Albany,Wyoming,56001,9847,48.0,38880.0
2022-03-18,Albany,Wyoming,56001,9852,48.0,38880.0
2022-03-19,Albany,Wyoming,56001,9852,48.0,38880.0
2022-03-20,Albany,Wyoming,56001,9852,48.0,38880.0
2022-03-21,Albany,Wyoming,56001,9852,48.0,38880.0
2022-03-22,Albany,Wyoming,56001,9856,48.0,38880.0
2022-03-23,Albany,Wyoming,56001,9856,48.0,38880.0
2022-03-24,Albany,Wyoming,56001,9856,48.0,38880.0
2022-03-25,Albany,Wyoming,56001,9869,48.0,38880.0
2022-03-26,Albany,Wyoming,56001,9869,48.0,38880.0
2022-03-27,Albany,Wyoming,56001,9869,48.0,38880.0
2022-03-28,Albany,Wyoming,56001,9869,48.0,38880.0
2022-03-29,Albany,Wyoming,56001,9873,48.0,38880.0
2022-03-30,Albany,Wyoming,56001,9873,48.0,38880.0
2022-03-31,Albany,Wyoming,56001,9873,48.0,38880.0
2022-04-01,Albany,Wyoming,56001,9878,48.0,38880.0
2022-04-02,Albany,Wyoming,56001,9878,48.0,38880.0
2022-04-03,Albany,Wyoming,56001,9878,48.0,38880.0
2022-04-04,Albany,Wyoming,56001,9878,48.0,38880.0
2022-04-05,Albany,Wyoming,56001,9883,48.0,38880.0
2022-04-06,Albany,Wyoming,56001,9883,48.0,38880.0
2022-04-07,Albany,Wyoming,56001,9883,48.0,38880.0
2022-04-08,Albany,Wyoming,56001,9885,48.0,38880.0
2022-04-09,Albany,Wyoming,56001,9885,48.0,38880.0
2022-04-10,Albany,Wyoming,56001,9885,48.0,38880.0
2022-04-11,Albany,Wyoming,56001,9885,48.0,38880.0
2022-04-12,Albany,Wyoming,56001,9880,48.0,38880.0
2022-04-13,Albany,Wyoming,56001,9880,48.0,38880.0
2022-04-14,Albany,Wyoming,56001,9880,48.0,38880.0
2022-04-15,Albany,Wyoming,56001,9880,48.0,38880.0
2022-04-16,Albany,Wyoming,56001,9880,48.0,38880.0
2022-04-17,Albany,Wyoming,56001,9880,48.0,38880.0
2022-04-18,Albany,Wyoming,56001,9880,48.0,38880.0
2022-04-19,Albany,Wyoming,56001,9894,48.0,38880.0
2022-04-20,Albany,Wyoming,56001,9894,48.0,38880.0
2022-04-21,Albany,Wyoming,56001,9894,48.0,38880.0
2022-04-22,Albany,Wyoming,56001,9894,48.0,38880.0
2022-04-23,Albany,Wyoming,56001,9894,48.0,38880.0
2022-04-24,Albany,Wyoming,56001,9894,48.0,38880.0
2022-04-25,Albany,Wyoming,56001,9894,48.0,38880.0
2022-04-26,Albany,Wyoming,56001,9905,48.0,38880.0
2022-04-27,Albany,Wyoming,56001,9905,48.0,38880.0
2022-04-28,Albany,Wyoming,56001,9905,48.0,38880.0
2022-04-29,Albany,Wyoming,56001,9905,48.0,38880.0
2022-04-30,Albany,Wyoming,56001,9905,48.0,38880.0
